env,rho,dataset,n_traj,seed,agent,optimal_ret,data_pct_delivered,n_SD,n_inconsistent,n_eval_starts,ret,disc_ret,queries_per_ep,pct_ep_with_query,frac_data_steps,frac_model_steps,frac_query_steps,pct_delivered,config_seconds
taxi-L,0.0,drivers,150,0,Imitation,-19.292142857142856,100.0,3397,0,1000,-39.56033333333333,-33.55695416474262,8.945,91.0,0.8196948216433404,0.0,0.18030517835665957,100.0,55.77743744850159
taxi-L,0.0,drivers,150,0,BC,-19.292142857142856,100.0,3397,0,1000,-313.318,-132.88042194347102,8.945,91.0,0.9050616117768179,0.0,0.09493838822318217,67.10000000000001,55.77743744850159
taxi-L,0.0,drivers,150,0,RECO,-19.292142857142856,100.0,3397,0,1000,-44.321,-36.79524367431147,0.838,10.7,0.8638434634653559,0.12031382928443142,0.015842707250212685,100.0,55.77743744850159
taxi-L,0.0,drivers,150,0,RECO-greedy,-19.292142857142856,100.0,3397,0,1000,-24.096,-22.259049092764645,0.838,10.7,0.8402962568742238,0.14112116373957778,0.018582579386198332,100.0,55.77743744850159
taxi-L,0.0,drivers,150,0,In-data planning (POR-style),-19.292142857142856,100.0,3397,0,1000,-21.384,-20.2362540626135,8.945,91.0,0.7889533786334466,0.0,0.21104662136655342,100.0,55.77743744850159
taxi-L,0.0,drivers,150,0,Ours,-19.292142857142856,100.0,3397,0,1000,-19.994,-19.196510039667515,0.838,10.7,0.6635117334244036,0.31604625067082986,0.02044201590476655,100.0,55.77743744850159
taxi-L,0.0,drivers,150,0,Ours w/o stitching,-19.292142857142856,100.0,3397,0,1000,-21.906,-20.6652555688838,0.838,10.7,0.7717335570782641,0.2087353750058267,0.0195310679159092,100.0,55.77743744850159
taxi-L,0.0,drivers,150,0,Ours w/o execution rule,-19.292142857142856,100.0,3397,0,1000,-19.994,-19.196510039667515,0.838,10.7,0.6635117334244036,0.31604625067082986,0.02044201590476655,100.0,55.77743744850159
taxi-L,0.0,drivers,150,0,Factored Batch RL,-19.292142857142856,100.0,3397,0,1000,-20.004,-19.20520266088284,0.113,6.9,0.6633499170812603,0.3338942542191006,0.0027558286996390595,100.0,55.77743744850159
taxi-L,0.0,drivers,150,1,Imitation,-19.292142857142856,100.0,3519,0,1000,-38.38766666666667,-32.77288082112551,9.224,90.2,0.8133838673347585,0.0,0.18661613266524146,100.0,53.8855140209198
taxi-L,0.0,drivers,150,1,BC,-19.292142857142856,100.0,3519,0,1000,-341.79,-146.08003463982664,9.224,90.2,0.893266682866433,0.0,0.10673331713356707,72.5,53.8855140209198
taxi-L,0.0,drivers,150,1,RECO,-19.292142857142856,100.0,3519,0,1000,-42.903,-36.0258592801187,1.112,12.3,0.8572982878085095,0.12147588234171296,0.021225829849777625,100.0,53.8855140209198
taxi-L,0.0,drivers,150,1,RECO-greedy,-19.292142857142856,100.0,3519,0,1000,-23.521,-21.806906123042303,1.112,12.3,0.832079243503066,0.1429437793400867,0.02497697715684733,100.0,53.8855140209198
taxi-L,0.0,drivers,150,1,In-data planning (POR-style),-19.292142857142856,100.0,3519,0,1000,-21.145,-20.03069501097138,9.224,90.2,0.7811365523786926,0.0,0.21886344762130738,100.0,53.8855140209198
taxi-L,0.0,drivers,150,1,Ours,-19.292142857142856,100.0,3519,0,1000,-19.639,-18.896664250805454,1.112,12.3,0.6736386229976131,0.2989984989788135,0.027362878023573414,100.0,53.8855140209198
taxi-L,0.0,drivers,150,1,Ours w/o stitching,-19.292142857142856,100.0,3519,0,1000,-21.103,-20.041703587034675,1.112,12.3,0.7571194451701779,0.21646913521601785,0.026411419613804242,100.0,53.8855140209198
taxi-L,0.0,drivers,150,1,Ours w/o execution rule,-19.292142857142856,100.0,3519,0,1000,-19.639,-18.896664250805454,1.112,12.3,0.6736386229976131,0.2989984989788135,0.027362878023573414,100.0,53.8855140209198
taxi-L,0.0,drivers,150,1,Factored Batch RL,-19.292142857142856,100.0,3519,0,1000,-19.667,-18.92018247398555,0.107,6.800000000000001,0.6731748100425407,0.3241940639830821,0.002631125974377259,100.0,53.8855140209198
taxi-L,0.0,drivers,150,2,Imitation,-19.292142857142856,100.0,3571,0,1000,-40.32,-33.73369767578891,9.349,90.4,0.8138279865384233,0.0,0.18617201346157675,100.0,53.74281311035156
taxi-L,0.0,drivers,150,2,BC,-19.292142857142856,100.0,3571,0,1000,-309.333,-131.5361600995817,9.349,90.4,0.8989548544686186,0.0,0.10104514553138139,67.5,53.74281311035156
taxi-L,0.0,drivers,150,2,RECO,-19.292142857142856,100.0,3571,0,1000,-45.674,-37.552381755240745,1.872,14.799999999999999,0.8627084772986198,0.10232896923967652,0.034962553461703676,100.0,53.74281311035156
taxi-L,0.0,drivers,150,2,RECO-greedy,-19.292142857142856,100.0,3571,0,1000,-23.405,-21.755230717404775,1.872,14.799999999999999,0.8344555793266524,0.12338700596779642,0.04215741470555118,100.0,53.74281311035156
taxi-L,0.0,drivers,150,2,In-data planning (POR-style),-19.292142857142856,100.0,3571,0,1000,-20.649,-19.68189655224803,9.349,90.4,0.7755288242214698,0.0,0.2244711757785301,100.0,53.74281311035156
taxi-L,0.0,drivers,150,2,Ours,-19.292142857142856,100.0,3571,0,1000,-19.921,-19.13973200803453,1.872,14.799999999999999,0.6684587375675082,0.28579457980010264,0.045746682632389235,100.0,53.74281311035156
taxi-L,0.0,drivers,150,2,Ours w/o stitching,-19.292142857142856,100.0,3571,0,1000,-20.931,-19.920207569450017,1.872,14.799999999999999,0.7622284228852162,0.19312680355822662,0.0446447735565572,100.0,53.74281311035156
taxi-L,0.0,drivers,150,2,Ours w/o execution rule,-19.292142857142856,100.0,3571,0,1000,-19.921,-19.13973200803453,1.872,14.799999999999999,0.6684587375675082,0.28579457980010264,0.045746682632389235,100.0,53.74281311035156
taxi-L,0.0,drivers,150,2,Factored Batch RL,-19.292142857142856,100.0,3571,0,1000,-19.969,-19.178171483270432,0.071,5.5,0.6676755595694306,0.3305914227830799,0.0017330176474895653,100.0,53.74281311035156
taxi-L,0.0,drivers,150,3,Imitation,-19.292142857142856,100.0,3769,0,1000,-41.44233333333333,-34.967240874552246,9.27,90.10000000000001,0.8187376160183544,0.0,0.18126238398164563,100.0,58.07871723175049
taxi-L,0.0,drivers,150,3,BC,-19.292142857142856,100.0,3769,0,1000,-395.69,-167.8285961398605,9.27,90.10000000000001,0.9108473826445724,0.0,0.08915261735542754,61.1,58.07871723175049
taxi-L,0.0,drivers,150,3,RECO,-19.292142857142856,100.0,3769,0,1000,-45.83266666666667,-38.09855083479938,1.196,9.2,0.8695347292276653,0.10839504957803311,0.0220702211943016,100.0,58.07871723175049
taxi-L,0.0,drivers,150,3,RECO-greedy,-19.292142857142856,100.0,3769,0,1000,-24.501,-22.657942603149166,1.196,9.2,0.8446187995868223,0.12909606382277314,0.026285136590404608,100.0,58.07871723175049
taxi-L,0.0,drivers,150,3,In-data planning (POR-style),-19.292142857142856,100.0,3769,0,1000,-22.063,-20.7483319395733,9.27,90.10000000000001,0.7847339943803265,0.0,0.2152660056196735,100.0,58.07871723175049
taxi-L,0.0,drivers,150,3,Ours,-19.292142857142856,100.0,3769,0,1000,-20.641,-19.695764471298812,1.196,9.2,0.6597343963881751,0.3115439110492063,0.028721692562618573,100.0,58.07871723175049
taxi-L,0.0,drivers,150,3,Ours w/o stitching,-19.292142857142856,100.0,3769,0,1000,-22.187,-20.890158489856745,1.196,9.2,0.7597656702248362,0.21254081089216662,0.0276935188829972,100.0,58.07871723175049
taxi-L,0.0,drivers,150,3,Ours w/o execution rule,-19.292142857142856,100.0,3769,0,1000,-20.641,-19.695764471298812,1.196,9.2,0.6597343963881751,0.3115439110492063,0.028721692562618573,100.0,58.07871723175049
taxi-L,0.0,drivers,150,3,Factored Batch RL,-19.292142857142856,100.0,3769,0,1000,-20.689,-19.730902943810303,0.052,2.9000000000000004,0.6589747895128212,0.33977787905682555,0.0012473314303533306,100.0,58.07871723175049
taxi-L,0.0,drivers,150,4,Imitation,-19.292142857142856,100.0,3293,0,1000,-37.539,-32.15147411518472,9.728,90.5,0.7954411641012701,0.0,0.20455883589872992,100.0,52.83066987991333
taxi-L,0.0,drivers,150,4,BC,-19.292142857142856,100.0,3293,0,1000,-404.682,-169.32002249498754,9.728,90.5,0.9016479627944596,0.0,0.0983520372055404,63.7,52.831663846969604
taxi-L,0.0,drivers,150,4,RECO,-19.292142857142856,100.0,3293,0,1000,-41.99333333333333,-35.31621026677656,2.059,14.899999999999999,0.8480122243591433,0.11130358036725768,0.04068419527359907,100.0,52.831663846969604
taxi-L,0.0,drivers,150,4,RECO-greedy,-19.292142857142856,100.0,3293,0,1000,-22.324,-20.987431841010494,2.059,14.899999999999999,0.8224540670298218,0.13002031206721448,0.047525620902963715,100.0,52.831663846969604
taxi-L,0.0,drivers,150,4,In-data planning (POR-style),-19.292142857142856,100.0,3293,0,1000,-19.706,-18.959305490418835,9.728,90.5,0.7610180317397927,0.0,0.23898196826020734,100.0,52.831663846969604
taxi-L,0.0,drivers,150,4,Ours,-19.292142857142856,100.0,3293,0,1000,-18.938,-18.35571445375549,2.059,14.899999999999999,0.6517852671641043,0.2966598227252241,0.051554910110671544,100.0,52.831663846969604
taxi-L,0.0,drivers,150,4,Ours w/o stitching,-19.292142857142856,100.0,3293,0,1000,-19.91,-19.147405321314736,2.059,14.899999999999999,0.7489366902957713,0.20073331703739916,0.05032999266682962,100.0,52.831663846969604
taxi-L,0.0,drivers,150,4,Ours w/o execution rule,-19.292142857142856,100.0,3293,0,1000,-18.938,-18.35571445375549,2.059,14.899999999999999,0.6517852671641043,0.2966598227252241,0.051554910110671544,100.0,52.831663846969604
taxi-L,0.0,drivers,150,4,Factored Batch RL,-19.292142857142856,100.0,3293,0,1000,-18.992,-18.398316009550452,0.073,4.8,0.6509051810362072,0.3472694538907782,0.0018253650730146028,100.0,52.831663846969604
taxi-L,0.0,drivers,150,5,Imitation,-19.292142857142856,100.0,3476,0,1000,-40.599333333333334,-34.18825404198571,8.978,89.8,0.8182971173371292,0.0,0.1817028826628708,100.0,58.34043765068054
taxi-L,0.0,drivers,150,5,BC,-19.292142857142856,100.0,3476,0,1000,-280.684,-120.46562290700557,8.978,89.8,0.8962332844049421,0.0,0.10376671559505785,71.2,58.34043765068054
taxi-L,0.0,drivers,150,5,RECO,-19.292142857142856,100.0,3476,0,1000,-46.585,-38.280546055889374,1.248,11.899999999999999,0.8693235682287116,0.10747811216238824,0.023198319608900123,100.0,58.34043765068054
taxi-L,0.0,drivers,150,5,RECO-greedy,-19.292142857142856,100.0,3476,0,1000,-23.468,-21.78231922742164,1.248,11.899999999999999,0.8419087883421786,0.1300260861743276,0.02806512548349375,100.0,58.34043765068054
taxi-L,0.0,drivers,150,5,In-data planning (POR-style),-19.292142857142856,100.0,3476,0,1000,-20.262,-19.342695636521807,8.978,89.8,0.7824148126605593,0.0,0.21758518733944066,100.0,58.34043765068054
taxi-L,0.0,drivers,150,5,Ours,-19.292142857142856,100.0,3476,0,1000,-19.456,-18.74471144733385,1.248,11.899999999999999,0.6690231362467867,0.3001285347043702,0.030848329048843187,100.0,58.34043765068054
taxi-L,0.0,drivers,150,5,Ours w/o stitching,-19.292142857142856,100.0,3476,0,1000,-20.8,-19.786455071522038,1.248,11.899999999999999,0.7659569377990431,0.2041866028708134,0.02985645933014354,100.0,58.34043765068054
taxi-L,0.0,drivers,150,5,Ours w/o execution rule,-19.292142857142856,100.0,3476,0,1000,-19.456,-18.74471144733385,1.248,11.899999999999999,0.6690231362467867,0.3001285347043702,0.030848329048843187,100.0,58.34043765068054
taxi-L,0.0,drivers,150,5,Factored Batch RL,-19.292142857142856,100.0,3476,0,1000,-19.518,-18.797139045417598,0.088,5.3,0.6679994076706649,0.3298287181005973,0.002171874228737845,100.0,58.34043765068054
taxi-L,0.0,drivers,150,6,Imitation,-19.292142857142856,100.0,3408,0,1000,-37.64366666666667,-32.228738391570396,8.947,89.1,0.8150592904439377,0.0,0.18494070955606237,100.0,52.58106565475464
taxi-L,0.0,drivers,150,6,BC,-19.292142857142856,100.0,3408,0,1000,-245.404,-108.92463695055991,8.947,89.1,0.8960943941839804,0.0,0.1039056058160196,72.39999999999999,52.58106565475464
taxi-L,0.0,drivers,150,6,RECO,-19.292142857142856,100.0,3408,0,1000,-42.48166666666667,-35.672597840489324,1.046,12.8,0.8502950616005798,0.12940004141215447,0.02030489698726576,100.0,52.58106565475464
taxi-L,0.0,drivers,150,6,RECO-greedy,-19.292142857142856,100.0,3408,0,1000,-22.355,-20.96034973685628,1.046,12.8,0.8221197093760811,0.1537538922846269,0.024126398339291893,100.0,52.58106565475464
taxi-L,0.0,drivers,150,6,In-data planning (POR-style),-19.292142857142856,100.0,3408,0,1000,-19.573,-18.8134196601582,8.947,89.1,0.7794838932294876,0.0,0.22051610677051242,100.0,52.58106565475464
taxi-L,0.0,drivers,150,6,Ours,-19.292142857142856,100.0,3408,0,1000,-19.337,-18.63527317037339,1.046,12.8,0.679301881647123,0.29476659146689144,0.025931526885985573,100.0,52.58106565475464
taxi-L,0.0,drivers,150,6,Ours w/o stitching,-19.292142857142856,100.0,3408,0,1000,-20.443,-19.5025608809002,1.046,12.8,0.7573776029727578,0.21738291146876432,0.02523948555847791,100.0,52.58106565475464
taxi-L,0.0,drivers,150,6,Ours w/o execution rule,-19.292142857142856,100.0,3408,0,1000,-19.337,-18.63527317037339,1.046,12.8,0.679301881647123,0.29476659146689144,0.025931526885985573,100.0,52.58106565475464
taxi-L,0.0,drivers,150,6,Factored Batch RL,-19.292142857142856,100.0,3408,0,1000,-19.411,-18.690634040868563,0.134,7.3,0.6780579545173344,0.3186261166514068,0.003315928831258816,100.0,52.58106565475464
taxi-L,0.0,drivers,150,7,Imitation,-19.292142857142856,100.0,3482,0,1000,-35.857,-31.138873109431206,9.135,89.5,0.8102724931461328,0.0,0.18972750685386724,100.0,55.883469104766846
taxi-L,0.0,drivers,150,7,BC,-19.292142857142856,100.0,3482,0,1000,-338.482,-146.1249362523994,9.135,89.5,0.8946779809532593,0.0,0.10532201904674061,72.3,55.884485483169556
taxi-L,0.0,drivers,150,7,RECO,-19.292142857142856,100.0,3482,0,1000,-39.62566666666667,-33.937994631967605,0.866,7.8,0.8643908714401045,0.11855707318994205,0.017052055369953464,100.0,55.884485483169556
taxi-L,0.0,drivers,150,7,RECO-greedy,-19.292142857142856,100.0,3482,0,1000,-23.707,-22.056993585482402,0.866,7.8,0.8459525353971414,0.13467689623548884,0.019370568367369764,100.0,55.884485483169556
taxi-L,0.0,drivers,150,7,In-data planning (POR-style),-19.292142857142856,100.0,3482,0,1000,-21.633,-20.454843491214387,9.135,89.5,0.7857293645767364,0.0,0.21427063542326366,100.0,55.884485483169556
taxi-L,0.0,drivers,150,7,Ours,-19.292142857142856,100.0,3482,0,1000,-20.103,-19.252432720732223,0.866,7.8,0.6798530520886553,0.2990779261854366,0.021069021725908084,100.0,55.884485483169556
taxi-L,0.0,drivers,150,7,Ours w/o stitching,-19.292142857142856,100.0,3482,0,1000,-21.953,-20.71324773596355,0.866,7.8,0.7707494237887924,0.20908900426047075,0.020161571950736853,100.0,55.884485483169556
taxi-L,0.0,drivers,150,7,Ours w/o execution rule,-19.292142857142856,100.0,3482,0,1000,-20.103,-19.252432720732223,0.866,7.8,0.6798530520886553,0.2990779261854366,0.021069021725908084,100.0,55.884485483169556
taxi-L,0.0,drivers,150,7,Factored Batch RL,-19.292142857142856,100.0,3482,0,1000,-20.109,-19.257727232811604,0.058,3.9,0.679753825196429,0.3188352915419981,0.0014108832615728915,100.0,55.884485483169556
taxi-L,0.0,drivers,150,8,Imitation,-19.292142857142856,100.0,3630,0,1000,-37.531666666666666,-31.992650718812204,8.88,89.7,0.8196282880259995,0.0,0.18037171197400048,100.0,54.1261727809906
taxi-L,0.0,drivers,150,8,BC,-19.292142857142856,100.0,3630,0,1000,-289.1,-125.31141766083029,8.88,89.7,0.906289573659772,0.0,0.09371042634022794,66.8,54.1261727809906
taxi-L,0.0,drivers,150,8,RECO,-19.292142857142856,100.0,3630,0,1000,-41.842666666666666,-34.99547523631308,2.056,15.9,0.8613290336560215,0.09936205874667806,0.03930890759730038,100.0,54.1261727809906
taxi-L,0.0,drivers,150,8,RECO-greedy,-19.292142857142856,100.0,3630,0,1000,-23.189,-21.571318404356482,2.056,15.9,0.8358641290818982,0.11760845459277196,0.046527416325329835,100.0,54.1261727809906
taxi-L,0.0,drivers,150,8,In-data planning (POR-style),-19.292142857142856,100.0,3630,0,1000,-20.871,-19.78758586303774,8.88,89.7,0.7879200401232357,0.0,0.21207995987676434,100.0,54.1261727809906
taxi-L,0.0,drivers,150,8,Ours,-19.292142857142856,100.0,3630,0,1000,-19.941,-19.110120573342336,2.056,15.9,0.698126572384651,0.25165482035123715,0.05021860726411177,100.0,54.1261727809906
taxi-L,0.0,drivers,150,8,Ours w/o stitching,-19.292142857142856,100.0,3630,0,1000,-21.137,-20.027648605590663,2.056,15.9,0.7669981251631582,0.18420865272800627,0.048793222108835466,100.0,54.1261727809906
taxi-L,0.0,drivers,150,8,Ours w/o execution rule,-19.292142857142856,100.0,3630,0,1000,-19.941,-19.110120573342336,2.056,15.9,0.698126572384651,0.25165482035123715,0.05021860726411177,100.0,54.1261727809906
taxi-L,0.0,drivers,150,8,Factored Batch RL,-19.292142857142856,100.0,3630,0,1000,-20.003,-19.164359398533684,0.092,5.0,0.6970709460283394,0.3006853157086067,0.0022437382630539227,100.0,54.1261727809906
taxi-L,0.0,drivers,150,9,Imitation,-19.292142857142856,100.0,3132,0,1000,-40.45466666666667,-33.65501308143718,9.421,92.7,0.8148667326071151,0.0,0.185133267392885,99.96666666666667,56.55374097824097
taxi-L,0.0,drivers,150,9,BC,-19.292142857142856,100.0,3132,0,1000,-233.965,-101.64460703207754,9.421,92.7,0.8987490058680653,0.0,0.10125099413193474,67.9,56.55374097824097
taxi-L,0.0,drivers,150,9,RECO,-19.292142857142856,100.0,3132,0,1000,-46.951,-38.30585319422545,0.966,12.9,0.8577463243361861,0.12458854509545754,0.017665130568356373,99.96666666666667,56.55374097824097
taxi-L,0.0,drivers,150,9,RECO-greedy,-19.292142857142856,100.0,3132,0,1000,-24.614,-22.5976808445852,0.966,12.9,0.8294602534309642,0.14936203797079844,0.021177708598237383,100.0,56.55374097824097
taxi-L,0.0,drivers,150,9,In-data planning (POR-style),-19.292142857142856,100.0,3132,0,1000,-21.282,-20.105523768239756,9.421,92.7,0.7771865096258456,0.0,0.2228134903741545,100.0,56.55374097824097
taxi-L,0.0,drivers,150,9,Ours,-19.292142857142856,100.0,3132,0,1000,-20.078,-19.266606806463578,0.966,12.9,0.6484492915916062,0.3280344710063781,0.023516237402015677,100.0,56.55374097824097
taxi-L,0.0,drivers,150,9,Ours w/o stitching,-19.292142857142856,100.0,3132,0,1000,-21.868,-20.600475218169276,0.966,12.9,0.7461743025100308,0.2312914061771018,0.022534291312867407,100.0,56.55374097824097
taxi-L,0.0,drivers,150,9,Ours w/o execution rule,-19.292142857142856,100.0,3132,0,1000,-20.078,-19.266606806463578,0.966,12.9,0.6484492915916062,0.3280344710063781,0.023516237402015677,100.0,56.55374097824097
taxi-L,0.0,drivers,150,9,Factored Batch RL,-19.292142857142856,100.0,3132,0,1000,-20.178,-19.343612494008667,0.146,8.9,0.6468745446597698,0.3495798727475837,0.003545582592646559,100.0,56.55374097824097
taxi-L,0.0,drivers,400,0,Imitation,-19.292142857142856,100.0,5594,0,1000,-41.41466666666667,-34.89673240275446,5.756,81.6,0.8869303300157151,0.0,0.11306966998428497,100.0,55.00122380256653
taxi-L,0.0,drivers,400,0,BC,-19.292142857142856,100.0,5594,0,1000,-131.82,-64.83483504988504,5.756,81.6,0.9219324300497755,0.0,0.07806756995022446,80.60000000000001,55.00122380256653
taxi-L,0.0,drivers,400,0,RECO,-19.292142857142856,100.0,5594,0,1000,-45.455,-37.72294854144048,0.019,1.7000000000000002,0.9231043276081902,0.07653941348533713,0.00035625890647266183,99.96666666666667,55.00122380256653
taxi-L,0.0,drivers,400,0,RECO-greedy,-19.292142857142856,100.0,5594,0,1000,-22.458,-21.072746086984157,0.019,1.7000000000000002,0.9056330249896452,0.09392977127341341,0.0004372037369414147,100.0,55.00122380256653
taxi-L,0.0,drivers,400,0,In-data planning (POR-style),-19.292142857142856,100.0,5594,0,1000,-20.672,-19.6934755137064,5.756,81.6,0.8618736801689384,0.0,0.13812631983106163,100.0,55.00122380256653
taxi-L,0.0,drivers,400,0,Ours,-19.292142857142856,100.0,5594,0,1000,-19.52,-18.817676810580966,0.019,1.7000000000000002,0.7873889437314906,0.212142152023692,0.00046890424481737413,100.0,55.00122380256653
taxi-L,0.0,drivers,400,0,Ours w/o stitching,-19.292142857142856,100.0,5594,0,1000,-20.586,-19.638347105242104,0.019,1.7000000000000002,0.8534122060308758,0.14613090944067716,0.00045688452844707355,100.0,55.00122380256653
taxi-L,0.0,drivers,400,0,Ours w/o execution rule,-19.292142857142856,100.0,5594,0,1000,-19.52,-18.817676810580966,0.019,1.7000000000000002,0.7873889437314906,0.212142152023692,0.00046890424481737413,100.0,55.00122380256653
taxi-L,0.0,drivers,400,0,Factored Batch RL,-19.292142857142856,100.0,5594,0,1000,-19.52,-18.817676810580966,0.019,1.7000000000000002,0.7873889437314906,0.212142152023692,0.00046890424481737413,100.0,55.00122380256653
taxi-L,0.0,drivers,400,1,Imitation,-19.292142857142856,100.0,5937,0,1000,-41.646,-35.21540681670116,5.531,79.5,0.8897196634366152,0.0,0.11028033656338478,100.0,53.85744905471802
taxi-L,0.0,drivers,400,1,BC,-19.292142857142856,100.0,5937,0,1000,-179.157,-83.28336595305561,5.531,79.5,0.928975010915068,0.0,0.07102498908493207,77.2,53.85744905471802
taxi-L,0.0,drivers,400,1,RECO,-19.292142857142856,100.0,5937,0,1000,-45.564,-37.92273565673917,0.013,1.0,0.9288338446388668,0.07091997121539219,0.0002461841457410143,100.0,53.85744905471802
taxi-L,0.0,drivers,400,1,RECO-greedy,-19.292142857142856,100.0,5937,0,1000,-22.203,-20.834195706840916,0.013,1.0,0.9130152998634354,0.08668379510682128,0.00030090502974330484,100.0,53.85744905471802
taxi-L,0.0,drivers,400,1,In-data planning (POR-style),-19.292142857142856,100.0,5937,0,1000,-20.495,-19.52306105410118,5.531,79.5,0.8667068321484516,0.0,0.13329316785154838,100.0,53.85744905471802
taxi-L,0.0,drivers,400,1,Ours,-19.292142857142856,100.0,5937,0,1000,-19.367,-18.67371141468183,0.013,1.0,0.8004062724502687,0.19927168231476206,0.000322045234969158,100.0,53.85744905471802
taxi-L,0.0,drivers,400,1,Ours w/o stitching,-19.292142857142856,100.0,5937,0,1000,-20.385,-19.45539242061483,0.013,1.0,0.8544400144980066,0.14524586202730458,0.00031412347468889694,100.0,53.85744905471802
taxi-L,0.0,drivers,400,1,Ours w/o execution rule,-19.292142857142856,100.0,5937,0,1000,-19.367,-18.67371141468183,0.013,1.0,0.8004062724502687,0.19927168231476206,0.000322045234969158,100.0,53.85744905471802
taxi-L,0.0,drivers,400,1,Factored Batch RL,-19.292142857142856,100.0,5937,0,1000,-19.367,-18.67371141468183,0.013,1.0,0.8004062724502687,0.19927168231476206,0.000322045234969158,100.0,53.85744905471802
taxi-L,0.0,drivers,400,2,Imitation,-19.292142857142856,100.0,6222,0,1000,-43.685,-36.2027328771382,4.824,81.6,0.9069049365085492,0.0,0.09309506349145084,100.0,58.77608036994934
taxi-L,0.0,drivers,400,2,BC,-19.292142857142856,100.0,6222,0,1000,-266.006,-118.12715108385682,4.824,81.6,0.9492162415386721,0.0,0.05078375846132792,66.10000000000001,58.77608036994934
taxi-L,0.0,drivers,400,2,RECO,-19.292142857142856,100.0,6222,0,1000,-46.26733333333333,-38.14047356162398,0.02,1.7000000000000002,0.9390510384103501,0.06057754805162648,0.000371413538023461,100.0,58.77608036994934
taxi-L,0.0,drivers,400,2,RECO-greedy,-19.292142857142856,100.0,6222,0,1000,-22.045,-20.751976178830745,0.02,1.7000000000000002,0.9237542107097224,0.07578115925194563,0.00046463003833197816,100.0,58.77608036994934
taxi-L,0.0,drivers,400,2,In-data planning (POR-style),-19.292142857142856,100.0,6222,0,1000,-20.289,-19.390748328401312,4.824,81.6,0.8831650076291506,0.0,0.11683499237084938,100.0,58.77608036994934
taxi-L,0.0,drivers,400,2,Ours,-19.292142857142856,100.0,6222,0,1000,-19.607,-18.883488357827794,0.02,1.7000000000000002,0.8021769645627601,0.19733050951806339,0.0004925259191764967,100.0,58.77608036994934
taxi-L,0.0,drivers,400,2,Ours w/o stitching,-19.292142857142856,100.0,6222,0,1000,-20.233,-19.355469000265234,0.02,1.7000000000000002,0.869982780782383,0.1295321708340407,0.00048504838357626176,100.0,58.77608036994934
taxi-L,0.0,drivers,400,2,Ours w/o execution rule,-19.292142857142856,100.0,6222,0,1000,-19.607,-18.883488357827794,0.02,1.7000000000000002,0.8021769645627601,0.19733050951806339,0.0004925259191764967,100.0,58.77608036994934
taxi-L,0.0,drivers,400,2,Factored Batch RL,-19.292142857142856,100.0,6222,0,1000,-19.607,-18.883488357827794,0.02,1.7000000000000002,0.8021769645627601,0.19733050951806339,0.0004925259191764967,100.0,58.77608036994934
taxi-L,0.0,drivers,400,3,Imitation,-19.292142857142856,100.0,6387,0,1000,-42.434666666666665,-35.942558421388334,5.552,79.5,0.8914048390567034,0.0,0.10859516094329659,100.0,60.44511866569519
taxi-L,0.0,drivers,400,3,BC,-19.292142857142856,100.0,6387,0,1000,-342.952,-149.0545493131139,5.552,79.5,0.9328430423843623,0.0,0.0671569576156377,74.7,60.44511866569519
taxi-L,0.0,drivers,400,3,RECO,-19.292142857142856,100.0,6387,0,1000,-46.56733333333333,-38.93071999985291,0.003,0.3,0.9333088884193256,0.06663517830286006,5.593327781437609e-05,100.0,60.44511866569519
taxi-L,0.0,drivers,400,3,RECO-greedy,-19.292142857142856,100.0,6387,0,1000,-22.471,-21.089148398994563,0.003,0.3,0.9177152584481608,0.0822157300269145,6.901152492466242e-05,100.0,60.44511866569519
taxi-L,0.0,drivers,400,3,In-data planning (POR-style),-19.292142857142856,100.0,6387,0,1000,-20.593,-19.630849292776198,5.552,79.5,0.8665160002885101,0.0,0.13348399971148991,100.0,60.44511866569519
taxi-L,0.0,drivers,400,3,Ours,-19.292142857142856,100.0,6387,0,1000,-19.917,-19.116833826081493,0.003,0.3,0.7851504264731041,0.21477625436859984,7.331915829606276e-05,100.0,60.44511866569519
taxi-L,0.0,drivers,400,3,Ours w/o stitching,-19.292142857142856,100.0,6387,0,1000,-20.523,-19.58557307918888,0.003,0.3,0.8548515280687812,0.1450762228162705,7.224911494834188e-05,100.0,60.44511866569519
taxi-L,0.0,drivers,400,3,Ours w/o execution rule,-19.292142857142856,100.0,6387,0,1000,-19.917,-19.116833826081493,0.003,0.3,0.7851504264731041,0.21477625436859984,7.331915829606276e-05,100.0,60.44511866569519
taxi-L,0.0,drivers,400,3,Factored Batch RL,-19.292142857142856,100.0,6387,0,1000,-19.917,-19.116833826081493,0.003,0.3,0.7851504264731041,0.21477625436859984,7.331915829606276e-05,100.0,60.44511866569519
taxi-L,0.0,drivers,400,4,Imitation,-19.292142857142856,100.0,5654,0,1000,-41.555,-35.0594692952507,5.528,81.10000000000001,0.8881311342709703,0.0,0.11186886572902964,100.0,51.729270935058594
taxi-L,0.0,drivers,400,4,BC,-19.292142857142856,100.0,5654,0,1000,-130.111,-63.68553946370727,5.528,81.10000000000001,0.9240210563931993,0.0,0.07597894360680071,80.80000000000001,51.729270935058594
taxi-L,0.0,drivers,400,4,RECO,-19.292142857142856,100.0,5654,0,1000,-44.763333333333335,-37.42559671119337,0.035,2.7,0.9229197023817199,0.07640330629666404,0.0006769913216160106,100.0,51.729270935058594
taxi-L,0.0,drivers,400,4,RECO-greedy,-19.292142857142856,100.0,5654,0,1000,-21.222,-20.125931235719733,0.035,2.7,0.9056179243048648,0.09355312396381034,0.0008289517313249018,100.0,51.729270935058594
taxi-L,0.0,drivers,400,4,In-data planning (POR-style),-19.292142857142856,100.0,5654,0,1000,-19.508,-18.776851286320394,5.528,81.10000000000001,0.8635331292584181,0.0,0.1364668707415819,100.0,51.729270935058594
taxi-L,0.0,drivers,400,4,Ours,-19.292142857142856,100.0,5654,0,1000,-18.678,-18.13758532171474,0.035,2.7,0.7808357276072383,0.21828217148041737,0.0008821009123443722,100.0,51.729270935058594
taxi-L,0.0,drivers,400,4,Ours w/o stitching,-19.292142857142856,100.0,5654,0,1000,-19.512,-18.79299639544565,0.035,2.7,0.856931279620853,0.14220477883096366,0.0008639415481832543,100.0,51.729270935058594
taxi-L,0.0,drivers,400,4,Ours w/o execution rule,-19.292142857142856,100.0,5654,0,1000,-18.678,-18.13758532171474,0.035,2.7,0.7808357276072383,0.21828217148041737,0.0008821009123443722,100.0,51.729270935058594
taxi-L,0.0,drivers,400,4,Factored Batch RL,-19.292142857142856,100.0,5654,0,1000,-18.678,-18.13758532171474,0.035,2.7,0.7808357276072383,0.21828217148041737,0.0008821009123443722,100.0,51.729270935058594
taxi-L,0.0,drivers,400,5,Imitation,-19.292142857142856,100.0,5647,0,1000,-40.778666666666666,-34.3606297641715,5.664,81.5,0.8862642989578243,0.0,0.11373570104217565,100.0,50.577138900756836
taxi-L,0.0,drivers,400,5,BC,-19.292142857142856,100.0,5647,0,1000,-130.739,-63.94865521137545,5.664,81.5,0.9081384410782056,0.0,0.09186155892179441,87.7,50.577138900756836
taxi-L,0.0,drivers,400,5,RECO,-19.292142857142856,100.0,5647,0,1000,-44.26233333333333,-36.927759167005384,0.023,1.2,0.9235650381179311,0.07599180480536413,0.00044315707670470965,100.0,50.577138900756836
taxi-L,0.0,drivers,400,5,RECO-greedy,-19.292142857142856,100.0,5647,0,1000,-20.968,-19.92109717383364,0.023,1.2,0.9054756004574914,0.09397636294319482,0.0005480365993137629,100.0,50.577138900756836
taxi-L,0.0,drivers,400,5,In-data planning (POR-style),-19.292142857142856,100.0,5647,0,1000,-19.412,-18.69117507616267,5.664,81.5,0.8598436108086707,0.0,0.1401563891913293,100.0,50.577138900756836
taxi-L,0.0,drivers,400,5,Ours,-19.292142857142856,100.0,5647,0,1000,-19.114,-18.472259909459623,0.023,1.2,0.7957570922869821,0.2036695418058533,0.0005733659071645809,100.0,50.577138900756836
taxi-L,0.0,drivers,400,5,Ours w/o stitching,-19.292142857142856,100.0,5647,0,1000,-19.464,-18.751413052910202,0.023,1.2,0.8499406880189798,0.14949090549624358,0.0005684064847765915,100.0,50.577138900756836
taxi-L,0.0,drivers,400,5,Ours w/o execution rule,-19.292142857142856,100.0,5647,0,1000,-19.114,-18.472259909459623,0.023,1.2,0.7957570922869821,0.2036695418058533,0.0005733659071645809,100.0,50.577138900756836
taxi-L,0.0,drivers,400,5,Factored Batch RL,-19.292142857142856,100.0,5647,0,1000,-19.114,-18.472259909459623,0.023,1.2,0.7957570922869821,0.2036695418058533,0.0005733659071645809,100.0,50.577138900756836
taxi-L,0.0,drivers,400,6,Imitation,-19.292142857142856,100.0,5407,0,1000,-40.73466666666667,-34.398540976083964,5.963,81.39999999999999,0.8808869061490828,0.0,0.1191130938509172,100.0,55.55503988265991
taxi-L,0.0,drivers,400,6,BC,-19.292142857142856,100.0,5407,0,1000,-133.349,-65.19520975442622,5.963,81.39999999999999,0.9018904555849883,0.0,0.09810954441501177,88.4,55.55503988265991
taxi-L,0.0,drivers,400,6,RECO,-19.292142857142856,100.0,5407,0,1000,-44.242,-36.86997004468281,0.035,2.3,0.9187504764809027,0.08058245025539376,0.0006670732637035908,100.0,55.55503988265991
taxi-L,0.0,drivers,400,6,RECO-greedy,-19.292142857142856,100.0,5407,0,1000,-21.111,-20.02487652190162,0.035,2.3,0.8987675429222768,0.10040132032010639,0.0008311367576167747,100.0,55.55503988265991
taxi-L,0.0,drivers,400,6,In-data planning (POR-style),-19.292142857142856,100.0,5407,0,1000,-18.857,-18.255045953936676,5.963,81.39999999999999,0.8503901447675439,0.0,0.14960985523245604,100.0,55.55503988265991
taxi-L,0.0,drivers,400,6,Ours,-19.292142857142856,100.0,5407,0,1000,-18.549,-18.010699237824355,0.035,2.3,0.786619130698627,0.2124958911729753,0.0008849781283976839,100.0,55.55503988265991
taxi-L,0.0,drivers,400,6,Ours w/o stitching,-19.292142857142856,100.0,5407,0,1000,-18.965,-18.349929957728843,0.035,2.3,0.8396597022394595,0.1594645314650319,0.00087576629550857,100.0,55.55503988265991
taxi-L,0.0,drivers,400,6,Ours w/o execution rule,-19.292142857142856,100.0,5407,0,1000,-18.549,-18.010699237824355,0.035,2.3,0.786619130698627,0.2124958911729753,0.0008849781283976839,100.0,55.55503988265991
taxi-L,0.0,drivers,400,6,Factored Batch RL,-19.292142857142856,100.0,5407,0,1000,-18.549,-18.010699237824355,0.035,2.3,0.786619130698627,0.2124958911729753,0.0008849781283976839,100.0,55.55503988265991
taxi-L,0.0,drivers,400,7,Imitation,-19.292142857142856,100.0,5824,0,1000,-39.433,-33.72905912058428,5.638,80.10000000000001,0.8857918405380221,0.0,0.11420815946197788,100.0,57.469783544540405
taxi-L,0.0,drivers,400,7,BC,-19.292142857142856,100.0,5824,0,1000,-171.41,-81.41269720225829,5.638,80.10000000000001,0.9148608447471346,0.0,0.0851391552528654,85.3,57.469783544540405
taxi-L,0.0,drivers,400,7,RECO,-19.292142857142856,100.0,5824,0,1000,-41.510666666666665,-35.18798974595938,0.043,2.4,0.9286169742081566,0.07054368477214168,0.0008393410197017412,100.0,57.469783544540405
taxi-L,0.0,drivers,400,7,RECO-greedy,-19.292142857142856,100.0,5824,0,1000,-21.909,-20.649086340410648,0.043,2.4,0.9147731245193316,0.08422475471346337,0.0010021207672050152,100.0,57.469783544540405
taxi-L,0.0,drivers,400,7,In-data planning (POR-style),-19.292142857142856,100.0,5824,0,1000,-20.207,-19.31861435035923,5.638,80.10000000000001,0.8631785861625452,0.0,0.1368214138374548,100.0,57.469783544540405
taxi-L,0.0,drivers,400,7,Ours,-19.292142857142856,100.0,5824,0,1000,-19.775,-18.993581963039226,0.043,2.4,0.7946290619251992,0.204316370324954,0.0010545677498467198,100.0,57.469783544540405
taxi-L,0.0,drivers,400,7,Ours w/o stitching,-19.292142857142856,100.0,5824,0,1000,-20.265,-19.371237846579888,0.043,2.4,0.8524900036350418,0.14646795104810373,0.0010420453168544772,100.0,57.469783544540405
taxi-L,0.0,drivers,400,7,Ours w/o execution rule,-19.292142857142856,100.0,5824,0,1000,-19.775,-18.993581963039226,0.043,2.4,0.7946290619251992,0.204316370324954,0.0010545677498467198,100.0,57.469783544540405
taxi-L,0.0,drivers,400,7,Factored Batch RL,-19.292142857142856,100.0,5824,0,1000,-19.775,-18.993581963039226,0.043,2.4,0.7946290619251992,0.204316370324954,0.0010545677498467198,100.0,57.469783544540405
taxi-L,0.0,drivers,400,8,Imitation,-19.292142857142856,100.0,6295,0,1000,-42.14933333333333,-35.409868998569806,4.814,79.80000000000001,0.9057119913298383,0.0,0.09428800867016171,100.0,58.151872634887695
taxi-L,0.0,drivers,400,8,BC,-19.292142857142856,100.0,6295,0,1000,-238.211,-108.09564323912471,4.814,79.80000000000001,0.9388713937423812,0.0,0.06112860625761885,77.8,58.151872634887695
taxi-L,0.0,drivers,400,8,RECO,-19.292142857142856,100.0,6295,0,1000,-45.654666666666664,-37.947563868213635,0.009,0.6,0.9396079356115844,0.06022451550447728,0.00016754888393826756,100.0,58.151872634887695
taxi-L,0.0,drivers,400,8,RECO-greedy,-19.292142857142856,100.0,6295,0,1000,-22.519,-21.08711693958226,0.009,0.6,0.9254578459982996,0.07433534777913095,0.00020680622256945242,100.0,58.151872634887695
taxi-L,0.0,drivers,400,8,In-data planning (POR-style),-19.292142857142856,100.0,6295,0,1000,-20.733,-19.677096446056627,4.814,79.80000000000001,0.8846476409555987,0.0,0.11535235904440132,100.0,58.151872634887695
taxi-L,0.0,drivers,400,8,Ours,-19.292142857142856,100.0,6295,0,1000,-19.603,-18.838012748521702,0.009,0.6,0.8125754254611728,0.18720291604068665,0.0002216584981405315,100.0,58.151872634887695
taxi-L,0.0,drivers,400,8,Ours w/o stitching,-19.292142857142856,100.0,6295,0,1000,-20.665,-19.64265516365737,0.009,0.6,0.8743069722788912,0.12547701908076322,0.00021600864034561384,100.0,58.151872634887695
taxi-L,0.0,drivers,400,8,Ours w/o execution rule,-19.292142857142856,100.0,6295,0,1000,-19.603,-18.838012748521702,0.009,0.6,0.8125754254611728,0.18720291604068665,0.0002216584981405315,100.0,58.151872634887695
taxi-L,0.0,drivers,400,8,Factored Batch RL,-19.292142857142856,100.0,6295,0,1000,-19.603,-18.838012748521702,0.009,0.6,0.8125754254611728,0.18720291604068665,0.0002216584981405315,100.0,58.151872634887695
taxi-L,0.0,drivers,400,9,Imitation,-19.292142857142856,100.0,5187,0,1000,-42.147333333333336,-35.284855542814114,6.225,84.5,0.8777406071398176,0.0,0.12225939286018239,100.0,61.04840302467346
taxi-L,0.0,drivers,400,9,BC,-19.292142857142856,100.0,5187,0,1000,-119.584,-60.3445072025023,6.225,84.5,0.8942693117738977,0.0,0.10573068822610232,90.2,61.04840302467346
taxi-L,0.0,drivers,400,9,RECO,-19.292142857142856,100.0,5187,0,1000,-47.59766666666667,-39.071983083901,0.034,2.4,0.9200557377857794,0.07931536241892125,0.0006288997952992823,100.0,61.04840302467346
taxi-L,0.0,drivers,400,9,RECO-greedy,-19.292142857142856,100.0,5187,0,1000,-22.61,-21.143643344941882,0.034,2.4,0.9008942903003898,0.09832607200183444,0.0007796376977757395,100.0,61.04840302467346
taxi-L,0.0,drivers,400,9,In-data planning (POR-style),-19.292142857142856,100.0,5187,0,1000,-20.22,-19.321398171527324,6.225,84.5,0.848981077147016,0.0,0.151018922852984,100.0,61.04840302467346
taxi-L,0.0,drivers,400,9,Ours,-19.292142857142856,100.0,5187,0,1000,-19.282,-18.625836839091082,0.034,2.4,0.7625242043592672,0.23663174618936497,0.0008440494513678566,100.0,61.04840302467346
taxi-L,0.0,drivers,400,9,Ours w/o stitching,-19.292142857142856,100.0,5187,0,1000,-20.338,-19.430868358194008,0.034,2.4,0.8373409453771349,0.16183656683922784,0.0008224877836373312,100.0,61.04840302467346
taxi-L,0.0,drivers,400,9,Ours w/o execution rule,-19.292142857142856,100.0,5187,0,1000,-19.282,-18.625836839091082,0.034,2.4,0.7625242043592672,0.23663174618936497,0.0008440494513678566,100.0,61.04840302467346
taxi-L,0.0,drivers,400,9,Factored Batch RL,-19.292142857142856,100.0,5187,0,1000,-19.282,-18.625836839091082,0.034,2.4,0.7625242043592672,0.23663174618936497,0.0008440494513678566,100.0,61.04840302467346
taxi-L,0.0,random_mix,150,0,Imitation,-19.292142857142856,42.0,4956,0,1000,-305.9223333333333,-138.75516555563163,10.796,81.53333333333333,0.8895768270896123,0.0,0.11042317291038771,66.36666666666666,98.69283056259155
taxi-L,0.0,random_mix,150,0,BC,-19.292142857142856,42.0,4956,0,1000,-565.697,-244.3298921925171,10.463,80.9,0.899622974567572,0.0,0.10037702543242802,59.3,98.69283056259155
taxi-L,0.0,random_mix,150,0,RECO,-19.292142857142856,42.0,4956,0,1000,-514.3123333333333,-224.03281615313705,1.022,5.800000000000001,0.9534992965526358,0.039263221505660625,0.00723748194170357,41.233333333333334,98.69283056259155
taxi-L,0.0,random_mix,150,0,RECO-greedy,-19.292142857142856,42.0,4956,0,1000,-716.79,-305.94738011407094,1.022,5.800000000000001,0.9481474139782282,0.04341146736706477,0.00844111865470704,50.8,98.69283056259155
taxi-L,0.0,random_mix,150,0,In-data planning (POR-style),-19.292142857142856,42.0,4956,0,1000,-393.69,-173.73396301772243,10.463,80.9,0.8754315784460794,0.0,0.12456842155392052,72.7,98.69283056259155
taxi-L,0.0,random_mix,150,0,Ours,-19.292142857142856,42.0,4956,0,1000,-235.688,-106.88992022874199,1.022,5.800000000000001,0.8838168997803723,0.1043694370592995,0.011813663160328286,71.3,98.69283056259155
taxi-L,0.0,random_mix,150,0,Ours w/o stitching,-19.292142857142856,42.0,4956,0,1000,-297.594,-132.24429272854735,1.022,5.800000000000001,0.9033568003264973,0.08621569227629834,0.010427507397204367,64.5,98.69283056259155
taxi-L,0.0,random_mix,150,0,Ours w/o execution rule,-19.292142857142856,42.0,4956,0,1000,-235.688,-106.88992022874199,1.022,5.800000000000001,0.8838168997803723,0.1043694370592995,0.011813663160328286,71.3,98.69283056259155
taxi-L,0.0,random_mix,150,0,Factored Batch RL,-19.292142857142856,42.0,4956,0,1000,-19.262,-18.61211294719785,0.0,0.0,0.6217773583031146,0.3782226416968854,0.0,100.0,98.69283056259155
taxi-L,0.0,random_mix,150,1,Imitation,-19.292142857142856,36.666666666666664,4983,0,1000,-326.10966666666667,-148.25099280988852,12.939,81.26666666666667,0.8784381762438189,0.0,0.12156182375618112,61.76666666666667,106.26444697380066
taxi-L,0.0,random_mix,150,1,BC,-19.292142857142856,36.666666666666664,4983,0,1000,-712.68,-300.9657020462571,10.784,79.2,0.9077344284736482,0.0,0.09226557152635181,51.0,106.26444697380066
taxi-L,0.0,random_mix,150,1,RECO,-19.292142857142856,36.666666666666664,4983,0,1000,-481.84766666666667,-211.90375475183066,1.799,10.8,0.9243873691784097,0.06283933144309646,0.012773299378493901,40.2,106.26444697380066
taxi-L,0.0,random_mix,150,1,RECO-greedy,-19.292142857142856,36.666666666666664,4983,0,1000,-648.235,-277.3355942306807,1.799,10.8,0.9401767681126897,0.044295603238447064,0.015527628648863263,53.400000000000006,106.26444697380066
taxi-L,0.0,random_mix,150,1,In-data planning (POR-style),-19.292142857142856,36.666666666666664,4983,0,1000,-427.593,-185.6653732528671,10.784,79.2,0.8777947759079835,0.0,0.12220522409201655,69.8,106.26444697380066
taxi-L,0.0,random_mix,150,1,Ours,-19.292142857142856,36.666666666666664,4983,0,1000,-259.555,-117.37381226508558,1.799,10.8,0.8808563986728198,0.09970062792482194,0.01944297340235823,67.60000000000001,106.26444697380066
taxi-L,0.0,random_mix,150,1,Ours w/o stitching,-19.292142857142856,36.666666666666664,4983,0,1000,-307.514,-136.18987854131421,1.799,10.8,0.9011629630361536,0.08106158664914483,0.01777545031470155,62.4,106.26444697380066
taxi-L,0.0,random_mix,150,1,Ours w/o execution rule,-19.292142857142856,36.666666666666664,4983,0,1000,-259.555,-117.37381226508558,1.799,10.8,0.8808563986728198,0.09970062792482194,0.01944297340235823,67.60000000000001,106.26444697380066
taxi-L,0.0,random_mix,150,1,Factored Batch RL,-19.292142857142856,36.666666666666664,4983,0,1000,-19.159,-18.50618186865555,0.0,0.0,0.5816877910306532,0.41831220896934684,0.0,100.0,106.26444697380066
taxi-L,0.0,random_mix,150,2,Imitation,-19.292142857142856,36.666666666666664,5046,0,1000,-348.5643333333333,-157.02292663039606,12.049333333333333,82.69999999999999,0.8830199669913595,0.0,0.1169800330086405,63.93333333333333,101.606689453125
taxi-L,0.0,random_mix,150,2,BC,-19.292142857142856,36.666666666666664,5046,0,1000,-630.24,-270.6703692072997,11.442,81.0,0.8972549230893564,0.0,0.10274507691064357,55.2,101.606689453125
taxi-L,0.0,random_mix,150,2,RECO,-19.292142857142856,36.666666666666664,5046,0,1000,-528.404,-230.1996733330593,1.243,7.3,0.9398390628907446,0.05144565275820403,0.008715284351051374,39.53333333333333,101.606689453125
taxi-L,0.0,random_mix,150,2,RECO-greedy,-19.292142857142856,36.666666666666664,5046,0,1000,-662.823,-283.7592657722571,1.243,7.3,0.9436797121007647,0.046153846153846156,0.010166441745389113,48.9,101.606689453125
taxi-L,0.0,random_mix,150,2,In-data planning (POR-style),-19.292142857142856,36.666666666666664,5046,0,1000,-404.665,-178.00632747435046,11.442,81.0,0.869416356622766,0.0,0.13058364337723402,70.19999999999999,101.606689453125
taxi-L,0.0,random_mix,150,2,Ours,-19.292142857142856,36.666666666666664,5046,0,1000,-284.244,-125.6807545895114,1.243,7.3,0.8620064553212186,0.12425387982491047,0.013739664853870981,68.2,101.606689453125
taxi-L,0.0,random_mix,150,2,Ours w/o stitching,-19.292142857142856,36.666666666666664,5046,0,1000,-331.369,-145.5429849438386,1.243,7.3,0.8908708316690859,0.09701994174322205,0.012109226587692038,60.8,101.606689453125
taxi-L,0.0,random_mix,150,2,Ours w/o execution rule,-19.292142857142856,36.666666666666664,5046,0,1000,-284.244,-125.6807545895114,1.243,7.3,0.8620064553212186,0.12425387982491047,0.013739664853870981,68.2,101.606689453125
taxi-L,0.0,random_mix,150,2,Factored Batch RL,-19.292142857142856,36.666666666666664,5046,0,1000,-19.413,-18.729306692420664,0.0,0.0,0.563482047855888,0.43651795214411204,0.0,100.0,101.606689453125
taxi-L,0.0,random_mix,150,3,Imitation,-19.292142857142856,39.333333333333336,5145,0,1000,-355.47133333333335,-158.79314466830309,9.877333333333333,84.13333333333334,0.9097823108540113,0.0,0.09021768914598874,59.8,100.027761220932
taxi-L,0.0,random_mix,150,3,BC,-19.292142857142856,39.333333333333336,5145,0,1000,-625.536,-266.6803513758318,9.199,82.5,0.9202327376152198,0.0,0.07976726238478014,52.7,100.027761220932
taxi-L,0.0,random_mix,150,3,RECO,-19.292142857142856,39.333333333333336,5145,0,1000,-529.918,-229.4046349615034,0.536,3.1,0.9516977291462309,0.044599641710762035,0.003702629143007143,37.86666666666667,100.027761220932
taxi-L,0.0,random_mix,150,3,RECO-greedy,-19.292142857142856,39.333333333333336,5145,0,1000,-740.822,-316.0411428753203,0.536,3.1,0.955642952339681,0.03997448958733637,0.0043825580729826745,49.1,100.027761220932
taxi-L,0.0,random_mix,150,3,In-data planning (POR-style),-19.292142857142856,39.333333333333336,5145,0,1000,-422.244,-184.87385515370283,9.199,82.5,0.8989043113206511,0.0,0.10109568867934896,67.9,100.027761220932
taxi-L,0.0,random_mix,150,3,Ours,-19.292142857142856,39.333333333333336,5145,0,1000,-147.048,-70.61187163467027,0.536,3.1,0.8265001641154179,0.1655029391579387,0.007996896726643393,83.89999999999999,100.027761220932
taxi-L,0.0,random_mix,150,3,Ours w/o stitching,-19.292142857142856,39.333333333333336,5145,0,1000,-240.257,-108.65558727123828,0.536,3.1,0.8904042082583632,0.10345301809596938,0.006142773645667396,71.39999999999999,100.027761220932
taxi-L,0.0,random_mix,150,3,Ours w/o execution rule,-19.292142857142856,39.333333333333336,5145,0,1000,-147.048,-70.61187163467027,0.536,3.1,0.8265001641154179,0.1655029391579387,0.007996896726643393,83.89999999999999,100.027761220932
taxi-L,0.0,random_mix,150,3,Factored Batch RL,-19.292142857142856,39.333333333333336,5145,0,1000,-19.697,-18.943941349443676,0.0,0.0,0.6464358552227437,0.3535641447772563,0.0,100.0,100.027761220932
taxi-L,0.0,random_mix,150,4,Imitation,-19.292142857142856,40.0,4992,0,1000,-359.79966666666667,-157.6829225326886,9.700666666666667,83.39999999999999,0.9065497387746976,0.0,0.09345026122530241,62.06666666666667,100.13401412963867
taxi-L,0.0,random_mix,150,4,BC,-19.292142857142856,40.0,4992,0,1000,-639.663,-272.6392616869522,8.918,81.89999999999999,0.9196359376408039,0.0,0.08036406235919617,54.400000000000006,100.1350429058075
taxi-L,0.0,random_mix,150,4,RECO,-19.292142857142856,40.0,4992,0,1000,-536.2423333333334,-231.3342380089445,0.0,0.0,0.950088929977615,0.04991107002238501,0.0,38.56666666666666,100.1350429058075
taxi-L,0.0,random_mix,150,4,RECO-greedy,-19.292142857142856,40.0,4992,0,1000,-670.721,-287.2057311706643,0.0,0.0,0.9564455988939629,0.043554401106037116,0.0,50.4,100.1350429058075
taxi-L,0.0,random_mix,150,4,In-data planning (POR-style),-19.292142857142856,40.0,4992,0,1000,-420.851,-184.16331100023012,8.918,81.89999999999999,0.8967525325615051,0.0,0.10324746743849493,70.19999999999999,100.1350429058075
taxi-L,0.0,random_mix,150,4,Ours,-19.292142857142856,40.0,4992,0,1000,-232.473,-104.55945694249787,0.0,0.0,0.8841860749434562,0.1158139250565438,0.0,73.5,100.1350429058075
taxi-L,0.0,random_mix,150,4,Ours w/o stitching,-19.292142857142856,40.0,4992,0,1000,-300.073,-133.01096605743695,0.0,0.0,0.914597378669235,0.08540262133076504,0.0,65.2,100.1350429058075
taxi-L,0.0,random_mix,150,4,Ours w/o execution rule,-19.292142857142856,40.0,4992,0,1000,-232.473,-104.55945694249787,0.0,0.0,0.8841860749434562,0.1158139250565438,0.0,73.5,100.1350429058075
taxi-L,0.0,random_mix,150,4,Factored Batch RL,-19.292142857142856,40.0,4992,0,1000,-18.5,-17.996435696234396,0.0,0.0,0.646506329113924,0.353493670886076,0.0,100.0,100.1350429058075
taxi-L,0.0,random_mix,150,5,Imitation,-19.292142857142856,45.333333333333336,4840,0,1000,-342.328,-154.0594902965066,11.298666666666668,84.8,0.8854346224304246,0.0,0.11456537756957541,68.56666666666666,86.77817344665527
taxi-L,0.0,random_mix,150,5,BC,-19.292142857142856,45.333333333333336,4840,0,1000,-677.546,-286.8208822459703,10.442,81.10000000000001,0.9078156312625251,0.0,0.09218436873747494,54.0,86.77919363975525
taxi-L,0.0,random_mix,150,5,RECO,-19.292142857142856,45.333333333333336,4840,0,1000,-467.78633333333335,-204.64361858438244,1.9,10.299999999999999,0.9138027356773415,0.07152254114715142,0.014674723175507115,48.93333333333334,86.77919363975525
taxi-L,0.0,random_mix,150,5,RECO-greedy,-19.292142857142856,45.333333333333336,4840,0,1000,-583.075,-252.9108743409267,1.9,10.299999999999999,0.928359880773831,0.05360431340534999,0.018035805820819015,60.3,86.77919363975525
taxi-L,0.0,random_mix,150,5,In-data planning (POR-style),-19.292142857142856,45.333333333333336,4840,0,1000,-346.921,-155.5353934036138,10.442,81.10000000000001,0.8605297252534427,0.0,0.13947027474655732,78.3,86.77919363975525
taxi-L,0.0,random_mix,150,5,Ours,-19.292142857142856,45.333333333333336,4840,0,1000,-193.57,-88.63791779232473,1.9,10.299999999999999,0.8271216051670285,0.14773148393244745,0.025146910900524115,77.8,86.77919363975525
taxi-L,0.0,random_mix,150,5,Ours w/o stitching,-19.292142857142856,45.333333333333336,4840,0,1000,-231.784,-104.16459020911753,1.9,10.299999999999999,0.8456892151381833,0.13121946476750687,0.023091320094309812,74.3,86.77919363975525
taxi-L,0.0,random_mix,150,5,Ours w/o execution rule,-19.292142857142856,45.333333333333336,4840,0,1000,-193.57,-88.63791779232473,1.9,10.299999999999999,0.8271216051670285,0.14773148393244745,0.025146910900524115,77.8,86.77919363975525
taxi-L,0.0,random_mix,150,5,Factored Batch RL,-19.292142857142856,45.333333333333336,4840,0,1000,-18.832,-18.247794565388237,0.0,0.0,0.6359459730869652,0.36405402691303473,0.0,100.0,86.77919363975525
taxi-L,0.0,random_mix,150,6,Imitation,-19.292142857142856,44.666666666666664,4911,0,1000,-303.61,-137.92444217022637,10.025666666666666,82.03333333333333,0.8966351523649473,0.0,0.1033648476350527,67.66666666666666,100.12130355834961
taxi-L,0.0,random_mix,150,6,BC,-19.292142857142856,44.666666666666664,4911,0,1000,-576.716,-246.91266764283796,9.788,81.10000000000001,0.9068545816164365,0.0,0.09314541838356347,58.599999999999994,100.12130355834961
taxi-L,0.0,random_mix,150,6,RECO,-19.292142857142856,44.666666666666664,4911,0,1000,-465.70733333333334,-204.03364156960032,1.084,5.800000000000001,0.9482309788838228,0.043485570187727654,0.008283450928449527,47.03333333333333,100.12130355834961
taxi-L,0.0,random_mix,150,6,RECO-greedy,-19.292142857142856,44.666666666666664,4911,0,1000,-589.71,-252.06578081156601,1.084,5.800000000000001,0.9436558422919156,0.04630684185671824,0.010037315851366241,57.99999999999999,100.12130355834961
taxi-L,0.0,random_mix,150,6,In-data planning (POR-style),-19.292142857142856,44.666666666666664,4911,0,1000,-375.403,-164.50137214256287,9.788,81.10000000000001,0.8774002029134361,0.0,0.12259979708656388,74.8,100.12130355834961
taxi-L,0.0,random_mix,150,6,Ours,-19.292142857142856,44.666666666666664,4911,0,1000,-189.373,-86.34720850862139,1.084,5.800000000000001,0.8598654408019942,0.1256064545527649,0.01452810464524084,78.0,100.12130355834961
taxi-L,0.0,random_mix,150,6,Ours w/o stitching,-19.292142857142856,44.666666666666664,4911,0,1000,-247.128,-111.71993056561728,1.084,5.800000000000001,0.8959458684557601,0.09162222604507139,0.01243190549916853,70.39999999999999,100.12130355834961
taxi-L,0.0,random_mix,150,6,Ours w/o execution rule,-19.292142857142856,44.666666666666664,4911,0,1000,-189.373,-86.34720850862139,1.084,5.800000000000001,0.8598654408019942,0.1256064545527649,0.01452810464524084,78.0,100.12130355834961
taxi-L,0.0,random_mix,150,6,Factored Batch RL,-19.292142857142856,44.666666666666664,4911,0,1000,-18.315,-17.819948537588058,0.0,0.0,0.6347450082665649,0.36525499173343506,0.0,100.0,100.12130355834961
taxi-L,0.0,random_mix,150,7,Imitation,-19.292142857142856,39.333333333333336,4856,0,1000,-300.46366666666665,-140.4771152760385,12.455,82.73333333333333,0.8718326913248243,0.0,0.1281673086751757,70.39999999999999,91.57041025161743
taxi-L,0.0,random_mix,150,7,BC,-19.292142857142856,39.333333333333336,4856,0,1000,-626.522,-268.43047988635993,11.632,81.2,0.8910300248255187,0.0,0.10896997517448125,58.199999999999996,91.57041025161743
taxi-L,0.0,random_mix,150,7,RECO,-19.292142857142856,39.333333333333336,4856,0,1000,-475.1863333333333,-211.2471531773933,1.956,10.5,0.9402250316928678,0.045302303097268744,0.014472665209863511,46.400000000000006,91.57041025161743
taxi-L,0.0,random_mix,150,7,RECO-greedy,-19.292142857142856,39.333333333333336,4856,0,1000,-587.932,-253.59210687454308,1.956,10.5,0.936043812357283,0.04542310571247193,0.018533081930245117,60.0,91.57041025161743
taxi-L,0.0,random_mix,150,7,In-data planning (POR-style),-19.292142857142856,39.333333333333336,4856,0,1000,-335.943,-149.74804882449743,11.632,81.2,0.8456352682007591,0.0,0.15436473179924093,78.2,91.57041025161743
taxi-L,0.0,random_mix,150,7,Ours,-19.292142857142856,39.333333333333336,4856,0,1000,-206.994,-95.69555412407152,1.956,10.5,0.8493474361353374,0.12645512463660544,0.024197439228057154,74.5,91.57041025161743
taxi-L,0.0,random_mix,150,7,Ours w/o stitching,-19.292142857142856,39.333333333333336,4856,0,1000,-241.713,-109.51436194415203,1.956,10.5,0.869801894918174,0.10773471145564169,0.022463393626184325,71.1,91.57041025161743
taxi-L,0.0,random_mix,150,7,Ours w/o execution rule,-19.292142857142856,39.333333333333336,4856,0,1000,-206.994,-95.69555412407152,1.956,10.5,0.8493474361353374,0.12645512463660544,0.024197439228057154,74.5,91.57041025161743
taxi-L,0.0,random_mix,150,7,Factored Batch RL,-19.292142857142856,39.333333333333336,4856,0,1000,-19.569,-18.82928385311774,0.0,0.0,0.5865562375212601,0.41344376247873993,0.0,100.0,91.57041025161743
taxi-L,0.0,random_mix,150,8,Imitation,-19.292142857142856,39.333333333333336,4808,0,1000,-343.47866666666664,-152.3330841021188,10.099666666666666,80.80000000000001,0.9048033480165139,0.0,0.09519665198348613,60.83333333333333,102.47628450393677
taxi-L,0.0,random_mix,150,8,BC,-19.292142857142856,39.333333333333336,4808,0,1000,-639.826,-272.00989645837996,9.64,79.5,0.9133459778690661,0.0,0.08665402213093387,55.2,102.47628450393677
taxi-L,0.0,random_mix,150,8,RECO,-19.292142857142856,39.333333333333336,4808,0,1000,-450.2556666666667,-197.90871289905286,1.091,6.3,0.9434423762618662,0.048209794989772445,0.008347828748361295,45.800000000000004,102.47628450393677
taxi-L,0.0,random_mix,150,8,RECO-greedy,-19.292142857142856,39.333333333333336,4808,0,1000,-619.101,-266.9255655466204,1.091,6.3,0.9470474329044284,0.043080514685922146,0.009872052409649456,56.8,102.47628450393677
taxi-L,0.0,random_mix,150,8,In-data planning (POR-style),-19.292142857142856,39.333333333333336,4808,0,1000,-425.16,-184.67793725533338,9.64,79.5,0.8903860367275002,0.0,0.10961396327249986,70.1,102.47628450393677
taxi-L,0.0,random_mix,150,8,Ours,-19.292142857142856,39.333333333333336,4808,0,1000,-214.809,-98.10323659372108,1.091,6.3,0.8705624203197019,0.11606354810238305,0.013374031577915073,74.8,102.47628450393677
taxi-L,0.0,random_mix,150,8,Ours w/o stitching,-19.292142857142856,39.333333333333336,4808,0,1000,-278.89,-124.64527544172591,1.091,6.3,0.8989990609527062,0.08935888680211712,0.011642052245176712,67.10000000000001,102.47628450393677
taxi-L,0.0,random_mix,150,8,Ours w/o execution rule,-19.292142857142856,39.333333333333336,4808,0,1000,-214.809,-98.10323659372108,1.091,6.3,0.8705624203197019,0.11606354810238305,0.013374031577915073,74.8,102.47628450393677
taxi-L,0.0,random_mix,150,8,Factored Batch RL,-19.292142857142856,39.333333333333336,4808,0,1000,-19.403,-18.68101406224404,0.0,0.0,0.6416602727520234,0.35833972724797664,0.0,100.0,102.47628450393677
taxi-L,0.0,random_mix,150,9,Imitation,-19.292142857142856,43.333333333333336,4850,0,1000,-308.27733333333333,-139.43883913069905,10.911666666666667,82.53333333333333,0.887103949896019,0.0,0.11289605010398093,68.03333333333333,86.38429975509644
taxi-L,0.0,random_mix,150,9,BC,-19.292142857142856,43.333333333333336,4850,0,1000,-568.385,-244.53254549749457,10.536,81.3,0.8992445251984317,0.0,0.10075547480156832,59.699999999999996,86.38429975509644
taxi-L,0.0,random_mix,150,9,RECO,-19.292142857142856,43.333333333333336,4850,0,1000,-451.78633333333335,-198.80703974536192,1.43,8.200000000000001,0.9380221979381986,0.05068134240912143,0.011296459652679947,50.26666666666667,86.38429975509644
taxi-L,0.0,random_mix,150,9,RECO-greedy,-19.292142857142856,43.333333333333336,4850,0,1000,-550.193,-238.1842587102936,1.43,8.200000000000001,0.9390459281409148,0.04759145914124188,0.013362612717843293,59.099999999999994,86.38429975509644
taxi-L,0.0,random_mix,150,9,In-data planning (POR-style),-19.292142857142856,43.333333333333336,4850,0,1000,-375.706,-165.71343890369246,10.536,81.3,0.871030920263422,0.0,0.12896907973657795,74.1,86.38429975509644
taxi-L,0.0,random_mix,150,9,Ours,-19.292142857142856,43.333333333333336,4850,0,1000,-183.221,-84.02476005517786,1.43,8.200000000000001,0.839382537661483,0.14015937280933918,0.020458089529177815,81.5,86.38429975509644
taxi-L,0.0,random_mix,150,9,Ours w/o stitching,-19.292142857142856,43.333333333333336,4850,0,1000,-269.94,-119.60528578738207,1.43,8.200000000000001,0.8897122729975756,0.09393440373267463,0.01635332326974978,71.0,86.38429975509644
taxi-L,0.0,random_mix,150,9,Ours w/o execution rule,-19.292142857142856,43.333333333333336,4850,0,1000,-183.221,-84.02476005517786,1.43,8.200000000000001,0.839382537661483,0.14015937280933918,0.020458089529177815,81.5,86.38429975509644
taxi-L,0.0,random_mix,150,9,Factored Batch RL,-19.292142857142856,43.333333333333336,4850,0,1000,-18.954,-18.36002975617058,0.0,0.0,0.63362867297392,0.36637132702608,0.0,100.0,86.38429975509644
taxi-L,0.0,random_mix,400,0,Imitation,-19.292142857142856,41.25,10234,0,1000,-467.79566666666665,-214.47519713403625,4.397666666666667,60.96666666666667,0.9668460109918554,0.0,0.033153989008144626,50.16666666666667,100.94090604782104
taxi-L,0.0,random_mix,400,0,BC,-19.292142857142856,41.25,10234,0,1000,-954.48,-407.8085505864316,3.895,59.099999999999994,0.9742669890725545,0.0,0.02573301092744546,29.599999999999998,100.94090604782104
taxi-L,0.0,random_mix,400,0,RECO,-19.292142857142856,41.25,10234,0,1000,-560.111,-253.12722867400007,0.0,0.0,0.977566386081572,0.02243361391842802,0.0,39.36666666666667,100.94090604782104
taxi-L,0.0,random_mix,400,0,RECO-greedy,-19.292142857142856,41.25,10234,0,1000,-340.966,-153.73439001605328,0.0,0.0,0.9711515928908842,0.0288484071091158,0.0,76.1,100.94090604782104
taxi-L,0.0,random_mix,400,0,In-data planning (POR-style),-19.292142857142856,41.25,10234,0,1000,-250.197,-115.1902197119267,3.895,59.099999999999994,0.9451277066339828,0.0,0.05487229336601721,81.39999999999999,100.94090604782104
taxi-L,0.0,random_mix,400,0,Ours,-19.292142857142856,41.25,10234,0,1000,-64.685,-36.897457010082825,0.0,0.0,0.8561720723249008,0.14382792767509922,0.0,94.1,100.94090604782104
taxi-L,0.0,random_mix,400,0,Ours w/o stitching,-19.292142857142856,41.25,10234,0,1000,-138.087,-67.68593221352786,0.0,0.0,0.9261538461538461,0.07384615384615385,0.0,85.8,100.94090604782104
taxi-L,0.0,random_mix,400,0,Ours w/o execution rule,-19.292142857142856,41.25,10234,0,1000,-64.685,-36.897457010082825,0.0,0.0,0.8561720723249008,0.14382792767509922,0.0,94.1,100.94090604782104
taxi-L,0.0,random_mix,400,0,Factored Batch RL,-19.292142857142856,41.25,10234,0,1000,-19.262,-18.61211294719785,0.0,0.0,0.8008792409716358,0.1991207590283642,0.0,100.0,100.94090604782104
taxi-L,0.0,random_mix,400,1,Imitation,-19.292142857142856,41.0,10421,0,1000,-473.214,-216.1012068133473,4.152666666666667,58.4,0.968944827087649,0.0,0.031055172912351024,50.2,100.33379364013672
taxi-L,0.0,random_mix,400,1,BC,-19.292142857142856,41.0,10421,0,1000,-1073.06,-455.80942075916806,3.367,56.2,0.978883530156978,0.0,0.021116469843021908,24.5,100.33379364013672
taxi-L,0.0,random_mix,400,1,RECO,-19.292142857142856,41.0,10421,0,1000,-551.5503333333334,-248.45475873575484,0.0,0.0,0.9726813104687128,0.02731868953128728,0.0,41.36666666666667,100.33379364013672
taxi-L,0.0,random_mix,400,1,RECO-greedy,-19.292142857142856,41.0,10421,0,1000,-338.075,-152.9499513332798,0.0,0.0,0.9749847941713147,0.02501520582868531,0.0,78.0,100.33379364013672
taxi-L,0.0,random_mix,400,1,In-data planning (POR-style),-19.292142857142856,41.0,10421,0,1000,-261.338,-119.93790609985471,3.367,56.2,0.9498189188786383,0.0,0.05018108112136161,83.89999999999999,100.33379364013672
taxi-L,0.0,random_mix,400,1,Ours,-19.292142857142856,41.0,10421,0,1000,-28.849,-22.475299088165237,0.0,0.0,0.8495695190981306,0.1504304809018694,0.0,98.8,100.33379364013672
taxi-L,0.0,random_mix,400,1,Ours w/o stitching,-19.292142857142856,41.0,10421,0,1000,-97.59,-51.10137002977712,0.0,0.0,0.9306482915798657,0.06935170842013426,0.0,90.60000000000001,100.33379364013672
taxi-L,0.0,random_mix,400,1,Ours w/o execution rule,-19.292142857142856,41.0,10421,0,1000,-28.849,-22.475299088165237,0.0,0.0,0.8495695190981306,0.1504304809018694,0.0,98.8,100.33379364013672
taxi-L,0.0,random_mix,400,1,Factored Batch RL,-19.292142857142856,41.0,10421,0,1000,-19.155,-18.50303271734194,0.0,0.0,0.8384011953679492,0.1615988046320508,0.0,100.0,100.33379364013672
taxi-L,0.0,random_mix,400,2,Imitation,-19.292142857142856,39.0,10465,0,1000,-483.86133333333333,-218.70520190033457,4.398666666666666,60.333333333333336,0.9668316371286594,0.0,0.03316836287134063,49.13333333333333,98.28369379043579
taxi-L,0.0,random_mix,400,2,BC,-19.292142857142856,39.0,10465,0,1000,-945.073,-404.87877128250886,3.621,57.199999999999996,0.9758379319778732,0.0,0.024162068022126875,31.0,98.28369379043579
taxi-L,0.0,random_mix,400,2,RECO,-19.292142857142856,39.0,10465,0,1000,-546.025,-245.71958670652558,0.0,0.0,0.9697016686330693,0.030298331366930727,0.0,39.03333333333333,98.28369379043579
taxi-L,0.0,random_mix,400,2,RECO-greedy,-19.292142857142856,39.0,10465,0,1000,-412.276,-183.4433981358511,0.0,0.0,0.9779540082617244,0.022045991738275643,0.0,70.0,98.28369379043579
taxi-L,0.0,random_mix,400,2,In-data planning (POR-style),-19.292142857142856,39.0,10465,0,1000,-333.759,-150.38651586180669,3.621,57.199999999999996,0.9542369668246445,0.0,0.04576303317535545,76.6,98.28369379043579
taxi-L,0.0,random_mix,400,2,Ours,-19.292142857142856,39.0,10465,0,1000,-90.976,-48.47519876095923,0.0,0.0,0.8667865024560404,0.13321349754395956,0.0,90.2,98.28369379043579
taxi-L,0.0,random_mix,400,2,Ours w/o stitching,-19.292142857142856,39.0,10465,0,1000,-159.319,-76.83818425111802,0.0,0.0,0.9244083112615611,0.07559168873843887,0.0,82.1,98.28369379043579
taxi-L,0.0,random_mix,400,2,Ours w/o execution rule,-19.292142857142856,39.0,10465,0,1000,-90.976,-48.47519876095923,0.0,0.0,0.8667865024560404,0.13321349754395956,0.0,90.2,98.28369379043579
taxi-L,0.0,random_mix,400,2,Factored Batch RL,-19.292142857142856,39.0,10465,0,1000,-19.413,-18.729306692420664,0.0,0.0,0.798653898498008,0.20134610150199192,0.0,100.0,98.28369379043579
taxi-L,0.0,random_mix,400,3,Imitation,-19.292142857142856,42.0,10576,0,1000,-498.06333333333333,-225.71787635998854,4.772333333333333,62.2,0.9657429030837847,0.0,0.034257096916215236,45.13333333333333,98.98586082458496
taxi-L,0.0,random_mix,400,3,BC,-19.292142857142856,42.0,10576,0,1000,-949.818,-405.7875249594446,3.509,60.0,0.9769949912149581,0.0,0.023005008785041827,29.299999999999997,98.98586082458496
taxi-L,0.0,random_mix,400,3,RECO,-19.292142857142856,42.0,10576,0,1000,-569.6253333333333,-255.9463292051201,0.0,0.0,0.9755972252376971,0.02440277476230296,0.0,36.3,98.98586082458496
taxi-L,0.0,random_mix,400,3,RECO-greedy,-19.292142857142856,42.0,10576,0,1000,-462.111,-204.06881113269273,0.0,0.0,0.9751647345617901,0.0248352654382099,0.0,67.5,98.98586082458496
taxi-L,0.0,random_mix,400,3,In-data planning (POR-style),-19.292142857142856,42.0,10576,0,1000,-349.31,-156.81718574678223,3.509,60.0,0.9560913959657641,0.0,0.043908604034235944,75.7,98.98586082458496
taxi-L,0.0,random_mix,400,3,Ours,-19.292142857142856,42.0,10576,0,1000,-50.974,-31.919402700075715,0.0,0.0,0.8535938152946093,0.1464061847053907,0.0,95.7,98.98586082458496
taxi-L,0.0,random_mix,400,3,Ours w/o stitching,-19.292142857142856,42.0,10576,0,1000,-156.443,-76.17874603999428,0.0,0.0,0.9341715976331361,0.06582840236686391,0.0,82.19999999999999,98.98586082458496
taxi-L,0.0,random_mix,400,3,Ours w/o execution rule,-19.292142857142856,42.0,10576,0,1000,-50.974,-31.919402700075715,0.0,0.0,0.8535938152946093,0.1464061847053907,0.0,95.7,98.98586082458496
taxi-L,0.0,random_mix,400,3,Factored Batch RL,-19.292142857142856,42.0,10576,0,1000,-19.697,-18.943941349443676,0.0,0.0,0.807332235791336,0.19266776420866402,0.0,100.0,98.98586082458496
taxi-L,0.0,random_mix,400,4,Imitation,-19.292142857142856,41.75,10186,0,1000,-453.8793333333333,-208.31091178997465,4.913666666666667,62.133333333333326,0.9613484642694201,0.0,0.03865153573057984,54.166666666666664,91.69591856002808
taxi-L,0.0,random_mix,400,4,BC,-19.292142857142856,41.75,10186,0,1000,-936.522,-398.8517735409204,3.675,59.4,0.9748320424054404,0.0,0.02516795759455961,32.800000000000004,91.69591856002808
taxi-L,0.0,random_mix,400,4,RECO,-19.292142857142856,41.75,10186,0,1000,-562.576,-251.3951731441225,0.0,0.0,0.9709029421711194,0.029097057828880623,0.0,41.5,91.69591856002808
taxi-L,0.0,random_mix,400,4,RECO-greedy,-19.292142857142856,41.75,10186,0,1000,-320.689,-144.56457912744088,0.0,0.0,0.9743445812336544,0.0256554187663456,0.0,76.6,91.69591856002808
taxi-L,0.0,random_mix,400,4,In-data planning (POR-style),-19.292142857142856,41.75,10186,0,1000,-211.191,-98.72774576240312,3.675,59.4,0.9416416559477871,0.0,0.05835834405221285,85.9,91.69591856002808
taxi-L,0.0,random_mix,400,4,Ours,-19.292142857142856,41.75,10186,0,1000,-43.662,-28.174679980333604,0.0,0.0,0.8596862691528356,0.14031373084716436,0.0,97.2,91.69591856002808
taxi-L,0.0,random_mix,400,4,Ours w/o stitching,-19.292142857142856,41.75,10186,0,1000,-95.866,-50.356963906792856,0.0,0.0,0.9255038647691974,0.07449613523080258,0.0,90.8,91.69591856002808
taxi-L,0.0,random_mix,400,4,Ours w/o execution rule,-19.292142857142856,41.75,10186,0,1000,-43.662,-28.174679980333604,0.0,0.0,0.8596862691528356,0.14031373084716436,0.0,97.2,91.69591856002808
taxi-L,0.0,random_mix,400,4,Factored Batch RL,-19.292142857142856,41.75,10186,0,1000,-18.49,-17.987875340500302,0.0,0.0,0.8303621169916434,0.16963788300835655,0.0,100.0,91.69591856002808
taxi-L,0.0,random_mix,400,5,Imitation,-19.292142857142856,44.5,10210,0,1000,-478.9836666666667,-218.60844948398835,3.945,59.43333333333334,0.9697725856379555,0.0,0.030227414362044482,51.93333333333333,96.58276081085205
taxi-L,0.0,random_mix,400,5,BC,-19.292142857142856,44.5,10210,0,1000,-949.934,-406.81087901496187,3.534,56.2,0.976556591883035,0.0,0.02344340811696496,30.099999999999998,96.58276081085205
taxi-L,0.0,random_mix,400,5,RECO,-19.292142857142856,44.5,10210,0,1000,-550.6943333333334,-249.51102026614706,0.0,0.0,0.9755262819486025,0.024473718051397517,0.0,42.13333333333333,96.58276081085205
taxi-L,0.0,random_mix,400,5,RECO-greedy,-19.292142857142856,44.5,10210,0,1000,-432.22,-192.63721874212567,0.0,0.0,0.9778987005151011,0.022101299484898935,0.0,70.39999999999999,96.58276081085205
taxi-L,0.0,random_mix,400,5,In-data planning (POR-style),-19.292142857142856,44.5,10210,0,1000,-335.851,-152.05378564079513,3.534,56.2,0.9537337662337663,0.0,0.04626623376623377,78.10000000000001,96.58276081085205
taxi-L,0.0,random_mix,400,5,Ours,-19.292142857142856,44.5,10210,0,1000,-72.169,-40.373157886937335,0.0,0.0,0.8694851485148515,0.13051485148514852,0.0,93.4,96.58276081085205
taxi-L,0.0,random_mix,400,5,Ours w/o stitching,-19.292142857142856,44.5,10210,0,1000,-157.373,-76.05144248087043,0.0,0.0,0.9334557473374954,0.06654425266250459,0.0,83.39999999999999,96.58276081085205
taxi-L,0.0,random_mix,400,5,Ours w/o execution rule,-19.292142857142856,44.5,10210,0,1000,-72.169,-40.373157886937335,0.0,0.0,0.8694851485148515,0.13051485148514852,0.0,93.4,96.58276081085205
taxi-L,0.0,random_mix,400,5,Factored Batch RL,-19.292142857142856,44.5,10210,0,1000,-18.83,-18.246080624876395,0.0,0.0,0.8063771026864173,0.19362289731358273,0.0,100.0,96.58276081085205
taxi-L,0.0,random_mix,400,6,Imitation,-19.292142857142856,41.75,10541,0,1000,-502.47333333333336,-229.08985238293792,3.509333333333333,59.233333333333334,0.9742287346671008,0.0,0.025771265332899244,49.666666666666664,122.09982085227966
taxi-L,0.0,random_mix,400,6,BC,-19.292142857142856,41.75,10541,0,1000,-984.414,-419.17899274463485,3.378,57.199999999999996,0.978215025054656,0.0,0.02178497494534409,27.200000000000003,122.09982085227966
taxi-L,0.0,random_mix,400,6,RECO,-19.292142857142856,41.75,10541,0,1000,-588.8973333333333,-263.3952249559103,0.0,0.0,0.9822102553915515,0.017789744608448562,0.0,37.0,122.09982085227966
taxi-L,0.0,random_mix,400,6,RECO-greedy,-19.292142857142856,41.75,10541,0,1000,-445.45,-197.42318819362765,0.0,0.0,0.9816181243778942,0.018381875622105855,0.0,68.2,122.09982085227966
taxi-L,0.0,random_mix,400,6,In-data planning (POR-style),-19.292142857142856,41.75,10541,0,1000,-314.893,-142.57153710823113,3.378,57.199999999999996,0.9568157702977386,0.0,0.04318422970226148,76.3,122.09982085227966
taxi-L,0.0,random_mix,400,6,Ours,-19.292142857142856,41.75,10541,0,1000,-63.152,-35.43819073484525,0.0,0.0,0.8541336746426015,0.14586632535739852,0.0,96.0,122.09982085227966
taxi-L,0.0,random_mix,400,6,Ours w/o stitching,-19.292142857142856,41.75,10541,0,1000,-157.546,-75.33984719639382,0.0,0.0,0.9331660104000722,0.06683398959992787,0.0,84.0,122.09982085227966
taxi-L,0.0,random_mix,400,6,Ours w/o execution rule,-19.292142857142856,41.75,10541,0,1000,-63.152,-35.43819073484525,0.0,0.0,0.8541336746426015,0.14586632535739852,0.0,96.0,122.09982085227966
taxi-L,0.0,random_mix,400,6,Factored Batch RL,-19.292142857142856,41.75,10541,0,1000,-18.315,-17.819948537588058,0.0,0.0,0.8169909703675442,0.1830090296324558,0.0,100.0,122.09982085227966
taxi-L,0.0,random_mix,400,7,Imitation,-19.292142857142856,40.5,10440,0,1000,-498.577,-227.2695137658281,4.428,61.03333333333333,0.9686513274336284,0.0,0.03134867256637168,45.5,117.2246572971344
taxi-L,0.0,random_mix,400,7,BC,-19.292142857142856,40.5,10440,0,1000,-1102.061,-467.5690626207062,3.718,57.8,0.9766712261723995,0.0,0.023328773827600485,24.6,117.2246572971344
taxi-L,0.0,random_mix,400,7,RECO,-19.292142857142856,40.5,10440,0,1000,-545.4063333333334,-247.9950278168486,0.0,0.0,0.9610683606006155,0.03893163939938448,0.0,35.9,117.2246572971344
taxi-L,0.0,random_mix,400,7,RECO-greedy,-19.292142857142856,40.5,10440,0,1000,-436.151,-193.34799424296344,0.0,0.0,0.9634693012779054,0.03653069872209461,0.0,70.19999999999999,117.2246572971344
taxi-L,0.0,random_mix,400,7,In-data planning (POR-style),-19.292142857142856,40.5,10440,0,1000,-312.534,-141.7661310169369,3.718,57.8,0.9487751784188917,0.0,0.05122482158110826,80.60000000000001,117.2246572971344
taxi-L,0.0,random_mix,400,7,Ours,-19.292142857142856,40.5,10440,0,1000,-55.52,-33.64743100150593,0.0,0.0,0.8625716967358431,0.13742830326415684,0.0,95.5,117.2246572971344
taxi-L,0.0,random_mix,400,7,Ours w/o stitching,-19.292142857142856,40.5,10440,0,1000,-122.612,-62.689596635005564,0.0,0.0,0.9266788815422609,0.07332111845773918,0.0,86.8,117.2246572971344
taxi-L,0.0,random_mix,400,7,Ours w/o execution rule,-19.292142857142856,40.5,10440,0,1000,-55.52,-33.64743100150593,0.0,0.0,0.8625716967358431,0.13742830326415684,0.0,95.5,117.2246572971344
taxi-L,0.0,random_mix,400,7,Factored Batch RL,-19.292142857142856,40.5,10440,0,1000,-19.569,-18.82928385311774,0.0,0.0,0.8165101432127979,0.18348985678720206,0.0,100.0,117.2246572971344
taxi-L,0.0,random_mix,400,8,Imitation,-19.292142857142856,40.25,10055,0,1000,-444.2216666666667,-204.27664498350458,4.591333333333333,62.26666666666667,0.9639597680698302,0.0,0.03604023193016976,53.300000000000004,118.12025499343872
taxi-L,0.0,random_mix,400,8,BC,-19.292142857142856,40.25,10055,0,1000,-975.488,-414.5301932027731,4.055,59.4,0.972861732030518,0.0,0.027138267969481995,31.1,118.12025499343872
taxi-L,0.0,random_mix,400,8,RECO,-19.292142857142856,40.25,10055,0,1000,-534.6666666666666,-241.22413835569944,0.199,1.2,0.9681932110104029,0.03047434543989608,0.001332443549701037,38.7,118.12025499343872
taxi-L,0.0,random_mix,400,8,RECO-greedy,-19.292142857142856,40.25,10055,0,1000,-394.503,-175.481504590367,0.199,1.2,0.9707847761746208,0.026914539400665925,0.0023006844247132814,72.3,118.12025499343872
taxi-L,0.0,random_mix,400,8,In-data planning (POR-style),-19.292142857142856,40.25,10055,0,1000,-244.353,-113.11499897150928,4.055,59.4,0.9417309709588884,0.0,0.058269029041111635,82.19999999999999,118.12025499343872
taxi-L,0.0,random_mix,400,8,Ours,-19.292142857142856,40.25,10055,0,1000,-29.427,-22.652540960921847,0.199,1.2,0.8275533226339171,0.16781801688646988,0.00462866047961296,98.5,118.12025499343872
taxi-L,0.0,random_mix,400,8,Ours w/o stitching,-19.292142857142856,40.25,10055,0,1000,-112.173,-57.41688854026406,0.199,1.2,0.9162184189079055,0.08053789731051345,0.003243683781581092,87.6,118.12025499343872
taxi-L,0.0,random_mix,400,8,Ours w/o execution rule,-19.292142857142856,40.25,10055,0,1000,-29.427,-22.652540960921847,0.199,1.2,0.8275533226339171,0.16781801688646988,0.00462866047961296,98.5,118.12025499343872
taxi-L,0.0,random_mix,400,8,Factored Batch RL,-19.292142857142856,40.25,10055,0,1000,-19.389,-18.6690615695463,0.0,0.0,0.8154447993265493,0.1845552006734507,0.0,100.0,118.12025499343872
taxi-L,0.0,random_mix,400,9,Imitation,-19.292142857142856,40.25,10426,0,1000,-493.117,-224.77175611735927,4.512666666666667,60.0,0.9672035039778288,0.0,0.03279649602217119,48.9,122.37353992462158
taxi-L,0.0,random_mix,400,9,BC,-19.292142857142856,40.25,10426,0,1000,-948.896,-404.5945492483404,4.1,58.099999999999994,0.9743612191552959,0.0,0.02563878084470403,24.4,122.37353992462158
taxi-L,0.0,random_mix,400,9,RECO,-19.292142857142856,40.25,10426,0,1000,-555.8876666666666,-251.33882409750922,0.0,0.0,0.976194489380006,0.023805510619994003,0.0,39.96666666666667,122.37353992462158
taxi-L,0.0,random_mix,400,9,RECO-greedy,-19.292142857142856,40.25,10426,0,1000,-372.768,-166.95488062764244,0.0,0.0,0.9706574852991635,0.029342514700836497,0.0,73.0,122.37353992462158
taxi-L,0.0,random_mix,400,9,In-data planning (POR-style),-19.292142857142856,40.25,10426,0,1000,-271.592,-124.47304426328128,4.1,58.099999999999994,0.9439216544479703,0.0,0.056078345552029764,79.7,122.37353992462158
taxi-L,0.0,random_mix,400,9,Ours,-19.292142857142856,40.25,10426,0,1000,-42.591,-27.953467703008844,0.0,0.0,0.843508679295096,0.15649132070490396,0.0,96.6,122.37353992462158
taxi-L,0.0,random_mix,400,9,Ours w/o stitching,-19.292142857142856,40.25,10426,0,1000,-139.689,-68.77211508624418,0.0,0.0,0.9242726864539303,0.07572731354606964,0.0,85.3,122.37353992462158
taxi-L,0.0,random_mix,400,9,Ours w/o execution rule,-19.292142857142856,40.25,10426,0,1000,-42.591,-27.953467703008844,0.0,0.0,0.843508679295096,0.15649132070490396,0.0,96.6,122.37353992462158
taxi-L,0.0,random_mix,400,9,Factored Batch RL,-19.292142857142856,40.25,10426,0,1000,-18.952,-18.358115462322765,0.0,0.0,0.8046906287545054,0.1953093712454946,0.0,100.0,122.37353992462158
taxi-L,0.5,drivers,150,0,Imitation,-25.276517857142856,100.0,3473,2,1000,-44.91,-36.90636875488709,10.186,88.3,0.8122984502552195,0.0,0.18770154974478043,100.0,408.43675231933594
taxi-L,0.5,drivers,150,0,BC,-25.276517857142856,100.0,3473,2,1000,-327.094,-140.5438117183456,10.186,88.3,0.9026548672566371,0.0,0.09734513274336283,62.3,408.43675231933594
taxi-L,0.5,drivers,150,0,RECO,-25.276517857142856,100.0,3473,2,1000,-49.82033333333333,-39.97211398098594,1.871,13.600000000000001,0.8102537148863967,0.1576791457903667,0.032067139323236536,100.0,408.43675231933594
taxi-L,0.5,drivers,150,0,RECO-greedy,-25.276517857142856,100.0,3473,2,1000,-30.105,-26.47814276723449,1.871,13.600000000000001,0.7833675765580668,0.18002152431268956,0.036610899129243715,100.0,408.4382722377777
taxi-L,0.5,drivers,150,0,In-data planning (POR-style),-25.276517857142856,100.0,3473,2,1000,-26.388,-23.83104465678191,10.186,88.3,0.7850510677808727,0.0,0.2149489322191272,100.0,408.4382722377777
taxi-L,0.5,drivers,150,0,Ours,-25.276517857142856,100.0,3473,2,1000,-35.619,-29.202801925043037,1.871,13.600000000000001,0.5930341404828767,0.37392041540825516,0.03304544410886805,100.0,408.4382722377777
taxi-L,0.5,drivers,150,0,Ours w/o stitching,-25.276517857142856,100.0,3473,2,1000,-31.931,-27.27846291760943,1.871,13.600000000000001,0.709810885870284,0.25484120836560803,0.03534790576410799,100.0,408.4382722377777
taxi-L,0.5,drivers,150,0,Ours w/o execution rule,-25.276517857142856,100.0,3473,2,1000,-137.83,-62.56255492699948,1.871,13.600000000000001,0.05732092817801582,0.9297654707839267,0.012913601038057507,33.6,408.4382722377777
taxi-L,0.5,drivers,150,0,Factored Batch RL,-25.276517857142856,100.0,3473,2,1000,-28.588,-25.439429700829432,0.659,21.9,0.6911147858352827,0.2955957086391869,0.013289505525530371,100.0,408.4382722377777
taxi-L,0.5,drivers,150,1,Imitation,-24.014642857142857,100.0,3116,2,1000,-39.867666666666665,-33.600008949613084,10.244,90.8,0.798571147669922,0.0,0.20142885233007798,100.0,353.5527992248535
taxi-L,0.5,drivers,150,1,BC,-24.014642857142857,100.0,3116,2,1000,-338.856,-140.05119584061515,10.244,90.8,0.8893138843868179,0.0,0.11068611561318206,68.60000000000001,353.5527992248535
taxi-L,0.5,drivers,150,1,RECO,-24.014642857142857,100.0,3116,2,1000,-44.833666666666666,-36.648940871651895,2.388,20.1,0.7888795200456175,0.16766252752518973,0.04345795242919278,100.0,353.5527992248535
taxi-L,0.5,drivers,150,1,RECO-greedy,-24.014642857142857,100.0,3116,2,1000,-28.604,-25.329160516290067,2.388,20.1,0.7661277316345456,0.18573098943633579,0.04814127892911862,100.0,353.5527992248535
taxi-L,0.5,drivers,150,1,In-data planning (POR-style),-24.014642857142857,100.0,3116,2,1000,-24.685,-22.66634561990179,10.244,90.8,0.7757688519207617,0.0,0.22423114807923827,100.0,353.5527992248535
taxi-L,0.5,drivers,150,1,Ours,-24.014642857142857,100.0,3116,2,1000,-32.411,-27.549857851893197,3.002,30.7,0.6180562056505214,0.3257381438280504,0.05620565052142817,100.0,353.5527992248535
taxi-L,0.5,drivers,150,1,Ours w/o stitching,-24.014642857142857,100.0,3116,2,1000,-30.984,-26.646343944436133,2.776,27.0,0.675765620190828,0.2708333333333333,0.053401046475838716,100.0,353.5527992248535
taxi-L,0.5,drivers,150,1,Ours w/o execution rule,-24.014642857142857,100.0,3116,2,1000,-112.974,-53.49271075889347,2.153,15.9,0.10969095299656072,0.8728037010838191,0.017505345919620136,47.699999999999996,353.5527992248535
taxi-L,0.5,drivers,150,1,Factored Batch RL,-24.014642857142857,100.0,3116,2,1000,-28.003,-24.81558269263462,0.611,18.8,0.7102626369814093,0.27726873864865414,0.012468624369936534,100.0,353.5527992248535
taxi-L,0.5,drivers,150,2,Imitation,-20.94589285714286,100.0,4327,3,1000,-44.840666666666664,-36.87571196493808,8.442,87.2,0.8410069684223743,0.0,0.1589930315776257,100.0,323.0083878040314
taxi-L,0.5,drivers,150,2,BC,-20.94589285714286,100.0,4327,3,1000,-436.742,-181.7864612196074,8.442,87.2,0.9248350591650121,0.0,0.07516494083498794,56.2,323.0083878040314
taxi-L,0.5,drivers,150,2,RECO,-20.94589285714286,100.0,4327,3,1000,-51.116,-40.52342435049588,0.783,7.6,0.8624108122941823,0.12415957738748627,0.013429610318331503,100.0,323.0083878040314
taxi-L,0.5,drivers,150,2,RECO-greedy,-20.94589285714286,100.0,4327,3,1000,-28.003,-24.942367720538574,0.783,7.6,0.8362957369956942,0.14772564945003366,0.015978613554272186,100.0,323.0083878040314
taxi-L,0.5,drivers,150,2,In-data planning (POR-style),-20.94589285714286,100.0,4327,3,1000,-23.507,-21.802141118192996,8.442,87.2,0.8103219718246568,0.0,0.1896780281753432,100.0,323.0083878040314
taxi-L,0.5,drivers,150,2,Ours,-20.94589285714286,100.0,4327,3,1000,-26.268,-23.70461276472394,0.783,7.6,0.6451298976051452,0.3383049843445883,0.016565118050266565,100.0,323.0083878040314
taxi-L,0.5,drivers,150,2,Ours w/o stitching,-20.94589285714286,100.0,4327,3,1000,-26.515,-23.931866054839077,0.783,7.6,0.7488793012732822,0.23464169209723246,0.016479006629485426,100.0,323.0083878040314
taxi-L,0.5,drivers,150,2,Ours w/o execution rule,-20.94589285714286,100.0,4327,3,1000,-106.489,-50.910474995776156,0.783,7.6,0.12730762668486606,0.8660126258317693,0.006679747483364614,51.1,323.0083878040314
taxi-L,0.5,drivers,150,2,Factored Batch RL,-20.94589285714286,100.0,4327,3,1000,-22.879,-21.423430036273405,0.195,11.899999999999999,0.7199343649581804,0.2756215957519542,0.004444039289865312,100.0,323.0083878040314
taxi-L,0.5,drivers,150,3,Imitation,-59.73366071428571,66.66666666666667,2549,3,1000,-75.78266666666667,-44.134387943467516,41.654,93.60000000000001,0.4862266881557741,0.0,0.5137733118442259,77.2,647.5250520706177
taxi-L,0.5,drivers,150,3,BC,-59.73366071428571,66.66666666666667,2549,3,1000,-231.347,-101.42815622914044,41.654,93.60000000000001,0.5925701318517939,0.0,0.4074298681482061,61.6,647.5250520706177
taxi-L,0.5,drivers,150,3,RECO,-59.73366071428571,66.66666666666667,2549,3,1000,-87.798,-50.70743677438456,16.956,31.0,0.6525248391423959,0.15471886865379805,0.19275629220380602,77.2,647.5250520706177
taxi-L,0.5,drivers,150,3,RECO-greedy,-59.73366071428571,66.66666666666667,2549,3,1000,-91.221,-48.39807988841294,16.956,31.0,0.6403449939402497,0.16014213938602376,0.19951286667372656,77.2,647.5250520706177
taxi-L,0.5,drivers,150,3,In-data planning (POR-style),-59.73366071428571,66.66666666666667,2549,3,1000,-63.801,-36.04016261564313,41.654,93.60000000000001,0.4674899644601263,0.0,0.5325100355398736,77.2,647.5250520706177
taxi-L,0.5,drivers,150,3,Ours,-59.73366071428571,66.66666666666667,2549,3,1000,-81.684,-45.38408529160093,17.249,34.9,0.5568118983942133,0.24854147624045048,0.19464662536533622,77.2,647.5250520706177
taxi-L,0.5,drivers,150,3,Ours w/o stitching,-59.73366071428571,66.66666666666667,2549,3,1000,-79.708,-44.54101946619342,17.199,34.1,0.5822585646526478,0.22021751863379005,0.19752391671356218,77.2,647.5250520706177
taxi-L,0.5,drivers,150,3,Ours w/o execution rule,-59.73366071428571,66.66666666666667,2549,3,1000,-146.999,-66.1774576571946,2.277,14.2,0.11230669802583801,0.8725223034332963,0.015170998540865753,30.4,647.5250520706177
taxi-L,0.5,drivers,150,3,Factored Batch RL,-59.73366071428571,66.66666666666667,2549,3,1000,-70.872,-39.26022823358879,20.605,43.5,0.6202584568605093,0.11868744457113899,0.2610540985683517,77.2,647.5250520706177
taxi-L,0.5,drivers,150,4,Imitation,-58.8775,74.66666666666667,2507,3,1000,-70.13666666666667,-40.844467409148336,45.733,92.60000000000001,0.41835255214515854,0.0,0.5816474478548415,77.3,448.75350689888
taxi-L,0.5,drivers,150,4,BC,-58.8775,74.66666666666667,2507,3,1000,-211.11,-93.71206374631373,45.733,92.60000000000001,0.5516768128302405,0.0,0.44832318716975955,61.1,448.75350689888
taxi-L,0.5,drivers,150,4,RECO,-58.8775,74.66666666666667,2507,3,1000,-79.01166666666667,-46.237513764064154,22.557,36.5,0.6067824482592652,0.121795283170223,0.27142226857051177,77.3,448.75350689888
taxi-L,0.5,drivers,150,4,RECO-greedy,-58.8775,74.66666666666667,2507,3,1000,-85.188,-45.578515921377694,22.557,36.5,0.5944376186753043,0.12561897315611154,0.2799434081685841,77.3,448.75350689888
taxi-L,0.5,drivers,150,4,In-data planning (POR-style),-58.8775,74.66666666666667,2507,3,1000,-67.16,-36.86696124557757,45.733,92.60000000000001,0.40118890183703665,0.0,0.5988110981629633,77.3,448.75350689888
taxi-L,0.5,drivers,150,4,Ours,-58.8775,74.66666666666667,2507,3,1000,-69.25,-38.781189101922834,22.591,41.699999999999996,0.5228228079719104,0.19787597052569111,0.2793012215023985,77.3,448.75350689888
taxi-L,0.5,drivers,150,4,Ours w/o stitching,-58.8775,74.66666666666667,2507,3,1000,-68.657,-38.59350307297998,23.32,38.800000000000004,0.5375770892112557,0.17129410002247136,0.291128810766273,77.3,448.75350689888
taxi-L,0.5,drivers,150,4,Ours w/o execution rule,-58.8775,74.66666666666667,2507,3,1000,-107.901,-51.652260524978715,5.236,18.2,0.16776968894771674,0.7878039674862971,0.04442634356598619,50.8,448.75350689888
taxi-L,0.5,drivers,150,4,Factored Batch RL,-58.8775,74.66666666666667,2507,3,1000,-66.811,-37.45744159229391,23.839,34.0,0.5752676453618821,0.11908455670235271,0.30564779793576513,77.3,448.75350689888
taxi-L,0.5,drivers,150,5,Imitation,-22.948392857142856,100.0,3324,1,1000,-40.97833333333333,-34.66777166821023,9.435,90.10000000000001,0.8124453338280898,0.0,0.1875546661719102,100.0,254.0588858127594
taxi-L,0.5,drivers,150,5,BC,-22.948392857142856,100.0,3324,1,1000,-411.488,-174.02446939803383,9.435,90.10000000000001,0.9105127378265075,0.0,0.08948726217349243,60.6,254.0588858127594
taxi-L,0.5,drivers,150,5,RECO,-22.948392857142856,100.0,3324,1,1000,-45.974333333333334,-37.9646650615329,1.468,12.6,0.8040049738993401,0.16888481237072786,0.02711021372993204,100.0,254.0588858127594
taxi-L,0.5,drivers,150,5,RECO-greedy,-22.948392857142856,100.0,3324,1,1000,-27.13,-24.458698997939194,1.468,12.6,0.7794930396841887,0.190006233118637,0.03050072719717432,100.0,254.0588858127594
taxi-L,0.5,drivers,150,5,In-data planning (POR-style),-22.948392857142856,100.0,3324,1,1000,-23.526,-21.89693490616623,9.435,90.10000000000001,0.7881013340520145,0.0,0.21189866594798545,100.0,254.0588858127594
taxi-L,0.5,drivers,150,5,Ours,-22.948392857142856,100.0,3324,1,1000,-30.023,-26.244685937508198,1.468,12.6,0.6031593595045371,0.3680693020794544,0.028771338416008468,100.0,254.0588858127594
taxi-L,0.5,drivers,150,5,Ours w/o stitching,-22.948392857142856,100.0,3324,1,1000,-28.544,-25.281804801285794,1.468,12.6,0.7087437429355724,0.2616260293880187,0.029630227676408848,100.0,254.0588858127594
taxi-L,0.5,drivers,150,5,Ours w/o execution rule,-22.948392857142856,100.0,3324,1,1000,-118.729,-55.48420180293135,1.468,12.6,0.09484347663084229,0.8936906398400399,0.01146588352911772,44.3,254.0588858127594
taxi-L,0.5,drivers,150,5,Factored Batch RL,-22.948392857142856,100.0,3324,1,1000,-22.884,-21.41975790967799,0.959,30.0,0.7145200984413453,0.2636268343815514,0.021853067177103273,100.0,254.0588858127594
taxi-L,0.5,drivers,150,6,Imitation,-23.905892857142856,100.0,3673,1,1000,-41.53333333333333,-35.00003838878067,7.994,88.3,0.8416757991470484,0.0,0.15832420085295165,100.0,486.21391344070435
taxi-L,0.5,drivers,150,6,BC,-23.905892857142856,100.0,3673,1,1000,-352.451,-150.50548218944547,7.994,88.3,0.9243522531559324,0.0,0.07564774684406761,59.8,486.21391344070435
taxi-L,0.5,drivers,150,6,RECO,-23.905892857142856,100.0,3673,1,1000,-47.394666666666666,-38.52490519694623,0.989,6.9,0.8007111889327968,0.18149709467927538,0.01779171638792778,100.0,486.21391344070435
taxi-L,0.5,drivers,150,6,RECO-greedy,-23.905892857142856,100.0,3673,1,1000,-28.724,-25.217861820127364,0.989,6.9,0.7772102003056874,0.2029000080444051,0.01988979164990749,100.0,486.21391344070435
taxi-L,0.5,drivers,150,6,In-data planning (POR-style),-23.905892857142856,100.0,3673,1,1000,-23.675,-21.923463556099474,7.994,88.3,0.8210632344711808,0.0,0.17893676552881926,100.0,486.21391344070435
taxi-L,0.5,drivers,150,6,Ours,-23.905892857142856,100.0,3673,1,1000,-37.928,-30.609900867210975,0.989,6.9,0.5975597339125712,0.385657073038284,0.016783193049144718,100.0,486.21391344070435
taxi-L,0.5,drivers,150,6,Ours w/o stitching,-23.905892857142856,100.0,3673,1,1000,-30.49,-26.282197069789675,0.989,6.9,0.7126043892017867,0.2681879976694504,0.019207613128762867,100.0,486.21391344070435
taxi-L,0.5,drivers,150,6,Ours w/o execution rule,-23.905892857142856,100.0,3673,1,1000,-137.155,-62.219401864077824,0.989,6.9,0.066886618517543,0.9262583694913844,0.006855011991072543,33.900000000000006,486.21391344070435
taxi-L,0.5,drivers,150,6,Factored Batch RL,-23.905892857142856,100.0,3673,1,1000,-24.867,-22.810687652461244,0.526,18.6,0.767501689667953,0.22103037041881962,0.011467939913227376,100.0,486.21391344070435
taxi-L,0.5,drivers,150,7,Imitation,-58.888125,72.66666666666667,2513,4,1000,-68.662,-41.17587779211292,43.531,93.4,0.43023742833957224,0.0,0.5697625716604278,79.2,355.3310775756836
taxi-L,0.5,drivers,150,7,BC,-58.888125,72.66666666666667,2513,4,1000,-401.795,-166.26575043733033,43.531,93.4,0.643661695126144,0.0,0.35633830487385604,48.5,355.3310775756836
taxi-L,0.5,drivers,150,7,RECO,-58.888125,72.66666666666667,2513,4,1000,-80.74966666666667,-47.50269043015647,12.779,28.1,0.7184334991939421,0.1243052108672199,0.15726128993883803,79.2,355.3310775756836
taxi-L,0.5,drivers,150,7,RECO-greedy,-58.888125,72.66666666666667,2513,4,1000,-72.498,-40.70810549515718,12.779,28.1,0.7098657103616665,0.12762602370415585,0.16250826593417772,79.2,355.3310775756836
taxi-L,0.5,drivers,150,7,In-data planning (POR-style),-58.888125,72.66666666666667,2513,4,1000,-59.225,-33.94483432961646,43.531,93.4,0.4122674371506494,0.0,0.5877325628493506,79.2,355.3310775756836
taxi-L,0.5,drivers,150,7,Ours,-58.888125,72.66666666666667,2513,4,1000,-68.034,-38.03366436277953,12.849,34.2,0.6294675136866026,0.20462762111352134,0.16590486519987604,79.2,355.3310775756836
taxi-L,0.5,drivers,150,7,Ours w/o stitching,-58.888125,72.66666666666667,2513,4,1000,-68.255,-38.216753520223776,12.812,30.8,0.6477369548940125,0.18686581807854175,0.16539722702744572,79.2,355.3310775756836
taxi-L,0.5,drivers,150,7,Ours w/o execution rule,-58.888125,72.66666666666667,2513,4,1000,-89.445,-44.87447963802347,1.997,15.299999999999999,0.2400592027495505,0.7401039028121306,0.019836894438318882,61.9,355.3310775756836
taxi-L,0.5,drivers,150,7,Factored Batch RL,-58.888125,72.66666666666667,2513,4,1000,-66.949,-37.85870733714292,13.484,23.9,0.6634756995581738,0.15921523248474648,0.17730906795707974,79.2,355.3310775756836
taxi-L,0.5,drivers,150,8,Imitation,-22.856517857142858,100.0,3460,1,1000,-40.431,-34.141999749014865,8.24,87.6,0.8382029531888155,0.0,0.16179704681118443,100.0,281.3287742137909
taxi-L,0.5,drivers,150,8,BC,-22.856517857142858,100.0,3460,1,1000,-338.41,-144.43966984682396,8.24,87.6,0.9167659952726318,0.0,0.08323400472736824,65.0,281.3287742137909
taxi-L,0.5,drivers,150,8,RECO,-22.856517857142858,100.0,3460,1,1000,-44.14066666666667,-36.556426210276435,0.967,9.700000000000001,0.8395871206285627,0.14253581882606686,0.017877060545370513,100.0,281.3287742137909
taxi-L,0.5,drivers,150,8,RECO-greedy,-22.856517857142858,100.0,3460,1,1000,-26.621,-24.024179656560925,0.967,9.700000000000001,0.8177904705907058,0.16190336196215954,0.020306167447134666,100.0,281.3287742137909
taxi-L,0.5,drivers,150,8,In-data planning (POR-style),-22.856517857142858,100.0,3460,1,1000,-23.611,-21.852157913221568,8.24,87.6,0.8152921925085741,0.0,0.18470780749142587,100.0,281.3287742137909
taxi-L,0.5,drivers,150,8,Ours,-22.856517857142858,100.0,3460,1,1000,-31.844,-27.057614754135553,0.967,9.700000000000001,0.6426462796154719,0.33905457573234427,0.018299144652183786,100.0,281.3287742137909
taxi-L,0.5,drivers,150,8,Ours w/o stitching,-22.856517857142858,100.0,3460,1,1000,-27.5,-24.42813846771421,0.967,9.700000000000001,0.7517731958762887,0.22828865979381444,0.019938144329896906,100.0,281.3287742137909
taxi-L,0.5,drivers,150,8,Ours w/o execution rule,-22.856517857142858,100.0,3460,1,1000,-117.921,-55.03829417612991,0.967,9.700000000000001,0.09871392993785696,0.893689064869154,0.007597005192989072,44.6,281.3287742137909
taxi-L,0.5,drivers,150,8,Factored Batch RL,-22.856517857142858,100.0,3460,1,1000,-23.411,-21.764674157572024,1.422,35.8,0.7734570264123753,0.19452387921911238,0.03201909436851231,100.0,281.3287742137909
taxi-L,0.5,drivers,150,9,Imitation,-25.202767857142856,100.0,3334,2,1000,-42.756,-35.904857965546256,9.665,89.9,0.8150380832089409,0.0,0.18496191679105906,100.0,544.0555849075317
taxi-L,0.5,drivers,150,9,BC,-25.202767857142856,100.0,3334,2,1000,-382.948,-162.55079630153998,9.665,89.9,0.9014610075140442,0.0,0.09853899248595577,66.10000000000001,544.0555849075317
taxi-L,0.5,drivers,150,9,RECO,-25.202767857142856,100.0,3334,2,1000,-48.54066666666667,-39.28073328167362,1.42,23.3,0.7683357513192955,0.20704125218919248,0.024622996491512002,100.0,544.0555849075317
taxi-L,0.5,drivers,150,9,RECO-greedy,-25.202767857142856,100.0,3334,2,1000,-31.143,-26.95724118477182,1.42,23.3,0.743781523886236,0.22898567401185202,0.02723280210191205,100.0,544.0555849075317
taxi-L,0.5,drivers,150,9,In-data planning (POR-style),-25.202767857142856,100.0,3334,2,1000,-25.646,-23.395295617214977,9.665,89.9,0.79280109762895,0.0,0.20719890237105004,100.0,544.0555849075317
taxi-L,0.5,drivers,150,9,Ours,-25.202767857142856,100.0,3334,2,1000,-41.512,-32.78219989359167,1.837,53.400000000000006,0.5641796775019197,0.4064339646787817,0.029386357819298693,100.0,544.0555849075317
taxi-L,0.5,drivers,150,9,Ours w/o stitching,-25.202767857142856,100.0,3334,2,1000,-35.368,-29.382912591259338,1.579,31.900000000000002,0.6562588702810105,0.31572878228782286,0.02801234743116662,100.0,544.0555849075317
taxi-L,0.5,drivers,150,9,Ours w/o execution rule,-25.202767857142856,100.0,3334,2,1000,-134.366,-61.09735193621033,0.938,7.9,0.06856445594904746,0.9248196136240204,0.0066159304269320564,35.3,544.0555849075317
taxi-L,0.5,drivers,150,9,Factored Batch RL,-25.202767857142856,100.0,3334,2,1000,-26.168,-23.828336014631233,0.815,28.7,0.7510812415196744,0.23164009497964722,0.017278663500678425,100.0,544.0555849075317
taxi-L,0.5,drivers,400,0,Imitation,-25.276517857142856,100.0,5293,6,1000,-45.62866666666667,-37.492944348575136,5.013,82.0,0.9085863988912932,0.0,0.09141360110870675,100.0,406.3526041507721
taxi-L,0.5,drivers,400,0,BC,-25.276517857142856,100.0,5293,6,1000,-119.031,-60.62433395441792,5.013,82.0,0.9266654963574125,0.0,0.07333450364258755,86.3,406.3526041507721
taxi-L,0.5,drivers,400,0,RECO,-25.276517857142856,100.0,5293,6,1000,-48.321666666666665,-39.28221466840348,0.042,3.0,0.911403483010778,0.08785645061819036,0.0007400663710316877,100.0,406.3526041507721
taxi-L,0.5,drivers,400,0,RECO-greedy,-25.276517857142856,100.0,5293,6,1000,-27.856,-24.908146876125617,0.042,3.0,0.8970853119371214,0.10205501883084984,0.0008596692320288194,100.0,406.3526041507721
taxi-L,0.5,drivers,400,0,In-data planning (POR-style),-25.276517857142856,100.0,5293,6,1000,-26.028,-23.561846589460917,5.013,82.0,0.8934039295738709,0.0,0.10659607042612912,100.0,406.3526041507721
taxi-L,0.5,drivers,400,0,Ours,-25.276517857142856,100.0,5293,6,1000,-37.017,-29.857035463534775,0.042,3.0,0.6879362945343607,0.3113397797197373,0.0007239257459020631,100.0,406.3526041507721
taxi-L,0.5,drivers,400,0,Ours w/o stitching,-25.276517857142856,100.0,5293,6,1000,-30.134,-26.070861490743685,0.042,3.0,0.8251456956232643,0.1740329330777956,0.0008213712989400399,100.0,406.3526041507721
taxi-L,0.5,drivers,400,0,Ours w/o execution rule,-25.276517857142856,100.0,5293,6,1000,-133.901,-60.96991138173571,0.042,3.0,0.07980081625724128,0.9199021057173373,0.00029707802542139106,35.6,406.3526041507721
taxi-L,0.5,drivers,400,0,Factored Batch RL,-25.276517857142856,100.0,5293,6,1000,-26.088,-23.649146494929813,0.194,9.5,0.8301053346924907,0.16577471967380225,0.004119945633707101,100.0,406.3526041507721
taxi-L,0.5,drivers,400,1,Imitation,-24.014642857142857,100.0,5042,2,1000,-42.309333333333335,-35.5096984911882,6.607,83.7,0.8714124455055013,0.0,0.12858755449449866,100.0,524.5087158679962
taxi-L,0.5,drivers,400,1,BC,-24.014642857142857,100.0,5042,2,1000,-103.706,-53.53478207551439,6.607,83.7,0.8950953462155253,0.0,0.10490465378447468,88.5,524.5087158679962
taxi-L,0.5,drivers,400,1,RECO,-24.014642857142857,100.0,5042,2,1000,-46.419666666666664,-38.01191717803739,0.041,2.1,0.867990575973603,0.13126061572740944,0.0007488082989875869,100.0,524.5087158679962
taxi-L,0.5,drivers,400,1,RECO-greedy,-24.014642857142857,100.0,5042,2,1000,-27.717,-24.75915969274728,0.041,2.1,0.8516329002196359,0.14752550444403392,0.0008415953363302338,100.0,524.5087158679962
taxi-L,0.5,drivers,400,1,In-data planning (POR-style),-24.014642857142857,100.0,5042,2,1000,-24.533,-22.562458745295235,6.607,83.7,0.8548964487294929,0.0,0.14510355127050711,100.0,524.5087158679962
taxi-L,0.5,drivers,400,1,Ours,-24.014642857142857,100.0,5042,2,1000,-34.254,-28.60770382428645,0.041,2.1,0.6626488580012306,0.33660911427226986,0.000742027726499439,100.0,524.5087158679962
taxi-L,0.5,drivers,400,1,Ours w/o stitching,-24.014642857142857,100.0,5042,2,1000,-31.648,-27.049279884776265,0.041,2.1,0.7332092387175201,0.26601200425467253,0.0007787570278073241,100.0,524.5087158679962
taxi-L,0.5,drivers,400,1,Ours w/o execution rule,-24.014642857142857,100.0,5042,2,1000,-123.82,-57.260733401077346,0.041,2.1,0.10306959612960685,0.8966209535598108,0.00030945031058244584,41.3,524.5087158679962
taxi-L,0.5,drivers,400,1,Factored Batch RL,-24.014642857142857,100.0,5042,2,1000,-24.665,-22.66463103384719,0.153,6.9,0.8340961348954341,0.16255337786050586,0.0033504872440600023,100.0,524.5087158679962
taxi-L,0.5,drivers,400,2,Imitation,-20.94589285714286,100.0,7084,9,1000,-49.62133333333333,-39.92498925940901,4.021,76.0,0.9282109573062595,0.0,0.07178904269374055,99.9,268.66168761253357
taxi-L,0.5,drivers,400,2,BC,-20.94589285714286,100.0,7084,9,1000,-266.819,-119.44285634756577,4.021,76.0,0.9510678430179494,0.0,0.0489321569820505,76.2,268.66168761253357
taxi-L,0.5,drivers,400,2,RECO,-20.94589285714286,100.0,7084,9,1000,-53.076,-42.11423137449798,0.008,0.6,0.9422177460653443,0.05764569321634632,0.0001365607183093783,99.83333333333333,268.66168761253357
taxi-L,0.5,drivers,400,2,RECO-greedy,-20.94589285714286,100.0,7084,9,1000,-25.651,-23.327149407819313,0.008,0.6,0.9274399262609591,0.0723885875972648,0.0001714861417761677,100.0,268.66168761253357
taxi-L,0.5,drivers,400,2,In-data planning (POR-style),-20.94589285714286,100.0,7084,9,1000,-23.517,-21.745152405479285,4.021,76.0,0.909674955634926,0.0,0.09032504436507402,100.0,268.66168761253357
taxi-L,0.5,drivers,400,2,Ours,-20.94589285714286,100.0,7084,9,1000,-25.266,-23.012842123105454,0.008,0.6,0.7588293779449271,0.24099770890070463,0.00017291315436821856,100.0,268.66168761253357
taxi-L,0.5,drivers,400,2,Ours w/o stitching,-20.94589285714286,100.0,7084,9,1000,-24.37,-22.393143350770007,0.008,0.6,0.8715450738373375,0.12827859819263832,0.00017632797002424509,100.0,268.66168761253357
taxi-L,0.5,drivers,400,2,Ours w/o execution rule,-20.94589285714286,100.0,7084,9,1000,-104.635,-50.24843428145856,0.008,0.6,0.15664766386670934,0.8432831301850394,6.920594825125219e-05,52.2,268.66168761253357
taxi-L,0.5,drivers,400,2,Factored Batch RL,-20.94589285714286,100.0,7084,9,1000,-21.873,-20.65909732680316,0.052,3.6999999999999997,0.8359107130361766,0.16287640239777948,0.001212884566043897,100.0,268.66168761253357
taxi-L,0.5,drivers,400,3,Imitation,-59.73366071428571,70.5,4559,6,1000,-78.81,-45.812466706907635,29.739,87.0,0.6329877823028508,0.0,0.3670122176971492,77.2,565.8335852622986
taxi-L,0.5,drivers,400,3,BC,-59.73366071428571,70.5,4559,6,1000,-183.365,-83.10015519876364,29.463,86.8,0.6852714337599077,0.0,0.31472856624009227,67.4,565.8335852622986
taxi-L,0.5,drivers,400,3,RECO,-59.73366071428571,70.5,4559,6,1000,-87.85633333333334,-50.61312256796057,4.87,14.000000000000002,0.8389336490122702,0.10417404916647521,0.05689230182125459,77.2,565.8335852622986
taxi-L,0.5,drivers,400,3,RECO-greedy,-59.73366071428571,70.5,4559,6,1000,-80.402,-44.16618410343472,4.87,14.000000000000002,0.8345056355249937,0.1065362404813501,0.05895812399365625,77.2,565.8335852622986
taxi-L,0.5,drivers,400,3,In-data planning (POR-style),-59.73366071428571,70.5,4559,6,1000,-69.045,-38.251505268680155,29.463,86.8,0.6228494623655914,0.0,0.3771505376344086,77.2,565.8335852622986
taxi-L,0.5,drivers,400,3,Ours,-59.73366071428571,70.5,4559,6,1000,-80.498,-44.60874298618546,5.07,18.3,0.7183549773573166,0.22322344237926783,0.058421580263415644,77.2,565.8335852622986
taxi-L,0.5,drivers,400,3,Ours w/o stitching,-59.73366071428571,70.5,4559,6,1000,-77.481,-42.95546517051823,4.897,14.6,0.7828996104858174,0.15858962410686547,0.05851076540731713,77.2,565.8335852622986
taxi-L,0.5,drivers,400,3,Ours w/o execution rule,-59.73366071428571,70.5,4559,6,1000,-136.877,-62.42716936219799,0.027,1.3,0.10275571836027068,0.8970555338068341,0.00018874783289525194,35.0,565.8335852622986
taxi-L,0.5,drivers,400,3,Factored Batch RL,-59.73366071428571,70.5,4559,6,1000,-72.635,-39.894790040220805,8.034,25.1,0.8314335369437984,0.06590078462442814,0.10266567843177346,77.2,565.8335852622986
taxi-L,0.5,drivers,400,4,Imitation,-58.8775,71.75,4629,5,1000,-75.30733333333333,-43.679117494021526,29.971,83.7,0.6215129715144448,0.0,0.37848702848555515,77.3,501.2897069454193
taxi-L,0.5,drivers,400,4,BC,-58.8775,71.75,4629,5,1000,-201.075,-89.19984846153716,29.971,83.7,0.6958061831394758,0.0,0.3041938168605241,62.9,501.2907123565674
taxi-L,0.5,drivers,400,4,RECO,-58.8775,71.75,4629,5,1000,-82.971,-47.761648424029566,4.182,8.5,0.8760270602706027,0.07253382533825338,0.05143911439114391,77.3,501.2907123565674
taxi-L,0.5,drivers,400,4,RECO-greedy,-58.8775,71.75,4629,5,1000,-88.509,-46.53921354447269,4.182,8.5,0.8713362949346405,0.07527828839869281,0.053385416666666664,77.3,501.2907123565674
taxi-L,0.5,drivers,400,4,In-data planning (POR-style),-58.8775,71.75,4629,5,1000,-70.694,-38.37262593498807,29.971,83.7,0.607231315606694,0.0,0.392768684393306,77.3,501.2907123565674
taxi-L,0.5,drivers,400,4,Ours,-58.8775,71.75,4629,5,1000,-72.971,-39.46607864649511,4.251,15.1,0.7814610033887941,0.1643819909802023,0.054157005631003646,77.3,501.2907123565674
taxi-L,0.5,drivers,400,4,Ours w/o stitching,-58.8775,71.75,4629,5,1000,-71.779,-39.27173395582924,4.174,7.7,0.8378975775878686,0.10846237871875603,0.053640043693375314,77.3,501.2907123565674
taxi-L,0.5,drivers,400,4,Ours w/o execution rule,-58.8775,71.75,4629,5,1000,-113.176,-53.4448306623185,0.041,3.2,0.18597988918530678,0.8136835624871742,0.00033654832751898214,48.0,501.2907123565674
taxi-L,0.5,drivers,400,4,Factored Batch RL,-58.8775,71.75,4629,5,1000,-70.17,-38.306795239226474,6.638,14.2,0.8395443917603876,0.07374897135467691,0.0867066368849354,77.3,501.2907123565674
taxi-L,0.5,drivers,400,5,Imitation,-22.948392857142856,100.0,5344,2,1000,-42.022333333333336,-35.56552955977991,4.853,81.89999999999999,0.904525512981094,0.0,0.09547448701890604,100.0,366.1159815788269
taxi-L,0.5,drivers,400,5,BC,-22.948392857142856,100.0,5344,2,1000,-221.461,-101.36082349561644,4.853,81.89999999999999,0.9348485662120073,0.0,0.0651514337879927,81.2,366.1159815788269
taxi-L,0.5,drivers,400,5,RECO,-22.948392857142856,100.0,5344,2,1000,-45.452333333333335,-37.855611661289245,0.008,0.7000000000000001,0.8932976705128604,0.10655304326190403,0.00014928622523559232,100.0,366.1159815788269
taxi-L,0.5,drivers,400,5,RECO-greedy,-22.948392857142856,100.0,5344,2,1000,-25.626,-23.332417836412002,0.008,0.7000000000000001,0.8773645605456183,0.1224638613649037,0.00017157808947797367,100.0,366.1159815788269
taxi-L,0.5,drivers,400,5,In-data planning (POR-style),-22.948392857142856,100.0,5344,2,1000,-23.058,-21.515191037407135,4.853,81.89999999999999,0.8898497435199055,0.0,0.11015025648009442,100.0,366.1159815788269
taxi-L,0.5,drivers,400,5,Ours,-22.948392857142856,100.0,5344,2,1000,-30.992,-26.89271182183416,0.008,0.7000000000000001,0.712032620403139,0.28781350977073394,0.00015386982612709647,100.0,366.1159815788269
taxi-L,0.5,drivers,400,5,Ours w/o stitching,-22.948392857142856,100.0,5344,2,1000,-26.954,-24.17811772169628,0.008,0.7000000000000001,0.8162197105559494,0.1836134629019477,0.00016682654210284855,100.0,366.1159815788269
taxi-L,0.5,drivers,400,5,Ours w/o execution rule,-22.948392857142856,100.0,5344,2,1000,-134.314,-61.036752410048365,0.008,0.7000000000000001,0.08480388352254686,0.9151396699288068,5.64465486463412e-05,35.3,366.1159815788269
taxi-L,0.5,drivers,400,5,Factored Batch RL,-22.948392857142856,100.0,5344,2,1000,-22.446,-21.066412588384875,0.428,17.599999999999998,0.8619435621230953,0.1282051282051282,0.009851309671776458,100.0,366.1159815788269
taxi-L,0.5,drivers,400,6,Imitation,-23.905892857142856,100.0,5872,3,1000,-41.688,-35.3822120587794,4.205,79.5,0.9161381676040046,0.0,0.08386183239599537,100.0,431.96063113212585
taxi-L,0.5,drivers,400,6,BC,-23.905892857142856,100.0,5872,3,1000,-160.607,-77.06205766619705,4.205,79.5,0.9376223817717914,0.0,0.06237761822820863,84.89999999999999,431.96063113212585
taxi-L,0.5,drivers,400,6,RECO,-23.905892857142856,100.0,5872,3,1000,-42.075,-35.57705492197715,0.489,3.1,0.9239003275620028,0.06656527842770239,0.009534394010294807,100.0,431.96063113212585
taxi-L,0.5,drivers,400,6,RECO-greedy,-23.905892857142856,100.0,5872,3,1000,-24.445,-22.510389363863652,0.489,3.1,0.9141159643525141,0.07512377599295852,0.01076025965452745,100.0,431.96063113212585
taxi-L,0.5,drivers,400,6,In-data planning (POR-style),-23.905892857142856,100.0,5872,3,1000,-23.375,-21.696610672533943,4.205,79.5,0.9052394366197183,0.0,0.09476056338028169,100.0,431.96063113212585
taxi-L,0.5,drivers,400,6,Ours,-23.905892857142856,100.0,5872,3,1000,-35.564,-29.022696266464507,0.489,3.1,0.7051481507672724,0.2862067746269712,0.008645074605756312,100.0,431.96063113212585
taxi-L,0.5,drivers,400,6,Ours w/o stitching,-23.905892857142856,100.0,5872,3,1000,-25.986,-23.401257011341382,0.489,3.1,0.8554463031541311,0.13414634146341464,0.010407355382454348,100.0,431.96063113212585
taxi-L,0.5,drivers,400,6,Ours w/o execution rule,-23.905892857142856,100.0,5872,3,1000,-120.059,-55.83821724078147,0.489,3.1,0.11010040797999582,0.8861139711859289,0.0037856208340752324,43.4,431.96063113212585
taxi-L,0.5,drivers,400,6,Factored Batch RL,-23.905892857142856,100.0,5872,3,1000,-24.005,-22.180793471763476,0.282,8.4,0.8766803688479058,0.11705366070436618,0.00626597044772803,100.0,431.96063113212585
taxi-L,0.5,drivers,400,7,Imitation,-58.888125,70.0,4612,6,1000,-72.926,-43.58202945242651,29.753,85.2,0.6131452346898972,0.0,0.3868547653101027,79.2,392.82796120643616
taxi-L,0.5,drivers,400,7,BC,-58.888125,70.0,4612,6,1000,-237.243,-105.01767962988528,29.753,85.2,0.699291511274168,0.0,0.30070848872583206,63.4,392.82796120643616
taxi-L,0.5,drivers,400,7,RECO,-58.888125,70.0,4612,6,1000,-81.12966666666667,-47.69944723628458,4.402,10.6,0.8695898759893342,0.07451644305244,0.05589368095822576,79.2,392.82796120643616
taxi-L,0.5,drivers,400,7,RECO-greedy,-58.888125,70.0,4612,6,1000,-83.427,-44.51694923152416,4.402,10.6,0.8645523227351513,0.07720398523399356,0.05824369203085513,79.2,392.82796120643616
taxi-L,0.5,drivers,400,7,In-data planning (POR-style),-58.888125,70.0,4612,6,1000,-64.44,-36.118678952402426,29.753,85.2,0.597823736144904,0.0,0.402176263855096,79.2,392.82796120643616
taxi-L,0.5,drivers,400,7,Ours,-58.888125,70.0,4612,6,1000,-68.265,-37.57629577840364,4.498,19.5,0.7898261309476263,0.15029155683361292,0.059882312218760815,79.2,392.82796120643616
taxi-L,0.5,drivers,400,7,Ours w/o stitching,-58.888125,70.0,4612,6,1000,-68.675,-38.086910843108456,4.414,11.600000000000001,0.8307887361537435,0.11030294941945816,0.05890831442679834,79.2,392.82796120643616
taxi-L,0.5,drivers,400,7,Ours w/o execution rule,-58.888125,70.0,4612,6,1000,-82.137,-42.14909947998307,0.127,5.6000000000000005,0.2601057066902037,0.7385598251531487,0.0013344681566476479,65.4,392.82796120643616
taxi-L,0.5,drivers,400,7,Factored Batch RL,-58.888125,70.0,4612,6,1000,-68.734,-38.310454997737644,4.719,15.299999999999999,0.8488540023000187,0.08804257709074376,0.06310342060923751,79.2,392.82796120643616
taxi-L,0.5,drivers,400,8,Imitation,-22.856517857142858,100.0,5341,4,1000,-42.49933333333333,-35.7014251934584,5.053,81.2,0.9019678852508843,0.0,0.09803211474911565,100.0,319.9091715812683
taxi-L,0.5,drivers,400,8,BC,-22.856517857142858,100.0,5341,4,1000,-80.402,-45.46603039160085,5.053,81.2,0.9131458626972395,0.0,0.0868541373027605,92.60000000000001,319.9091715812683
taxi-L,0.5,drivers,400,8,RECO,-22.856517857142858,100.0,5341,4,1000,-44.75266666666667,-37.22279325514896,0.073,6.4,0.9065248235816212,0.09210633231034633,0.0013688441080324273,100.0,319.9091715812683
taxi-L,0.5,drivers,400,8,RECO-greedy,-22.856517857142858,100.0,5341,4,1000,-24.793,-22.745064096462013,0.073,6.4,0.891140567335619,0.1072653025571594,0.0015941301072216277,100.0,319.9091715812683
taxi-L,0.5,drivers,400,8,In-data planning (POR-style),-22.856517857142858,100.0,5341,4,1000,-23.241,-21.598830720864736,5.053,81.2,0.8857846793698153,0.0,0.11421532063018466,100.0,319.9091715812683
taxi-L,0.5,drivers,400,8,Ours,-22.856517857142858,100.0,5341,4,1000,-30.447,-26.151185179223567,0.063,5.4,0.7455050829008494,0.2532703559002469,0.0012245611989037263,100.0,319.9091715812683
taxi-L,0.5,drivers,400,8,Ours w/o stitching,-22.856517857142858,100.0,5341,4,1000,-25.236,-22.952054697401888,0.064,5.5,0.8470239640107275,0.1515918332035643,0.0013842027857081062,100.0,319.9091715812683
taxi-L,0.5,drivers,400,8,Ours w/o execution rule,-22.856517857142858,100.0,5341,4,1000,-117.163,-54.53656802860278,0.03,2.1999999999999997,0.1144606874753062,0.8853022520742789,0.0002370604504148558,44.7,319.9091715812683
taxi-L,0.5,drivers,400,8,Factored Batch RL,-22.856517857142858,100.0,5341,4,1000,-23.377,-21.742834893079003,0.309,13.600000000000001,0.8550375194357437,0.13799941411091332,0.006963066453342948,100.0,319.9091715812683
taxi-L,0.5,drivers,400,9,Imitation,-25.202767857142856,100.0,5145,4,1000,-46.30266666666667,-38.312753689903715,5.949,83.7,0.8889587118289739,0.0,0.11104128817102611,100.0,401.6488358974457
taxi-L,0.5,drivers,400,9,BC,-25.202767857142856,100.0,5145,4,1000,-92.418,-49.99284863065654,5.949,83.7,0.9052737173975351,0.0,0.09472628260246489,89.5,401.6488358974457
taxi-L,0.5,drivers,400,9,RECO,-25.202767857142856,100.0,5145,4,1000,-50.36233333333333,-40.85915834306794,0.014,1.2,0.8685698784594246,0.1311824406008032,0.00024768093977225146,100.0,401.6488358974457
taxi-L,0.5,drivers,400,9,RECO-greedy,-25.202767857142856,100.0,5145,4,1000,-28.235,-25.131731499837304,0.014,1.2,0.8491114044886767,0.1506042449476998,0.0002843505636234386,100.0,401.6488358974457
taxi-L,0.5,drivers,400,9,In-data planning (POR-style),-25.202767857142856,100.0,5145,4,1000,-25.46,-23.256254610949174,5.949,83.7,0.8719543693499785,0.0,0.12804563065002153,100.0,401.6488358974457
taxi-L,0.5,drivers,400,9,Ours,-25.202767857142856,100.0,5145,4,1000,-39.969,-32.00803977028355,0.014,1.2,0.6616969279469894,0.3380734471616723,0.00022962489133822106,100.0,401.6488358974457
taxi-L,0.5,drivers,400,9,Ours w/o stitching,-25.202767857142856,100.0,5145,4,1000,-31.552,-27.098360009302755,0.014,1.2,0.7707984472522454,0.22893514994671943,0.0002664028010351652,100.0,401.6488358974457
taxi-L,0.5,drivers,400,9,Ours w/o execution rule,-25.202767857142856,100.0,5145,4,1000,-132.958,-60.500691834584096,0.014,1.2,0.08257305113935581,0.9173273174966908,9.963136395337252e-05,36.0,401.6488358974457
taxi-L,0.5,drivers,400,9,Factored Batch RL,-25.202767857142856,100.0,5145,4,1000,-25.502,-23.293631413664457,0.463,17.0,0.8542858371682939,0.1357576018235775,0.009956561008128683,100.0,401.6488358974457
taxi-L,0.5,random_mix,150,0,Imitation,-25.276517857142856,42.0,4742,18,1000,-310.8946666666667,-140.44281588132193,12.604,83.23333333333333,0.874963625300918,0.0,0.12503637469908205,66.33333333333333,155.43844532966614
taxi-L,0.5,random_mix,150,0,BC,-25.276517857142856,42.0,4742,18,1000,-580.99,-247.5578384063738,12.314,82.39999999999999,0.8839451486734838,0.0,0.11605485132651619,60.0,155.43844532966614
taxi-L,0.5,random_mix,150,0,RECO,-25.276517857142856,42.0,4742,18,1000,-491.394,-208.97497261254537,1.266,5.800000000000001,0.926805857317182,0.06377421947081759,0.009419923212000357,44.46666666666667,155.43844532966614
taxi-L,0.5,random_mix,150,0,RECO-greedy,-25.276517857142856,42.0,4742,18,1000,-715.847,-298.9147762842585,1.266,5.800000000000001,0.9210709056682702,0.06833716795649446,0.010591926375235306,52.5,155.43844532966614
taxi-L,0.5,random_mix,150,0,In-data planning (POR-style),-25.276517857142856,42.0,4742,18,1000,-388.262,-170.02106100919582,12.314,82.39999999999999,0.8548493564052997,0.0,0.14515064359470037,74.4,155.43844532966614
taxi-L,0.5,random_mix,150,0,Ours,-25.276517857142856,42.0,4742,18,1000,-244.484,-108.64418727253998,1.266,5.800000000000001,0.8663786452707916,0.11966848149536007,0.013952873233848391,71.3,155.43844532966614
taxi-L,0.5,random_mix,150,0,Ours w/o stitching,-25.276517857142856,42.0,4742,18,1000,-329.777,-142.1338325077324,1.266,5.800000000000001,0.8983488034944364,0.0897332103251558,0.01191798618040781,60.9,155.43844532966614
taxi-L,0.5,random_mix,150,0,Ours w/o execution rule,-25.276517857142856,42.0,4742,18,1000,-244.484,-108.64418727253998,1.266,5.800000000000001,0.8663786452707916,0.11966848149536007,0.013952873233848391,71.3,155.43844532966614
taxi-L,0.5,random_mix,150,0,Factored Batch RL,-25.276517857142856,42.0,4742,18,1000,-25.514,-23.196981318672407,0.0,0.0,0.6222642645225094,0.3777357354774907,0.0,100.0,155.43844532966614
taxi-L,0.5,random_mix,150,1,Imitation,-24.014642857142857,36.666666666666664,4816,16,1000,-323.7223333333333,-147.12263336460188,14.365333333333334,80.53333333333333,0.8669116625233544,0.0,0.1330883374766456,62.7,166.47224593162537
taxi-L,0.5,random_mix,150,1,BC,-24.014642857142857,36.666666666666664,4816,16,1000,-623.812,-263.3305408120281,12.85,80.10000000000001,0.8891629864752967,0.0,0.11083701352470328,52.900000000000006,166.47224593162537
taxi-L,0.5,random_mix,150,1,RECO,-24.014642857142857,36.666666666666664,4816,16,1000,-446.247,-196.8605699172911,2.399,10.8,0.9088651802950148,0.07345898233153063,0.017675837373454562,45.06666666666666,166.47224593162537
taxi-L,0.5,random_mix,150,1,RECO-greedy,-24.014642857142857,36.666666666666664,4816,16,1000,-552.558,-236.53787812849228,2.399,10.8,0.9167063261241253,0.06215077644404491,0.0211428974318298,56.99999999999999,166.47224593162537
taxi-L,0.5,random_mix,150,1,In-data planning (POR-style),-24.014642857142857,36.666666666666664,4816,16,1000,-361.768,-159.51893113970192,12.85,80.10000000000001,0.8516200549640885,0.0,0.1483799450359114,73.2,166.47224593162537
taxi-L,0.5,random_mix,150,1,Ours,-24.014642857142857,36.666666666666664,4816,16,1000,-262.922,-117.72721313855861,2.399,10.8,0.8645916577584507,0.11051031104376616,0.024898031197783152,67.60000000000001,166.47224593162537
taxi-L,0.5,random_mix,150,1,Ours w/o stitching,-24.014642857142857,36.666666666666664,4816,16,1000,-300.411,-132.82582107847406,2.399,10.8,0.8823122785794522,0.0946551840010753,0.02303253741947253,62.7,166.47224593162537
taxi-L,0.5,random_mix,150,1,Ours w/o execution rule,-24.014642857142857,36.666666666666664,4816,16,1000,-262.922,-117.72721313855861,2.399,10.8,0.8645916577584507,0.11051031104376616,0.024898031197783152,67.60000000000001,166.47224593162537
taxi-L,0.5,random_mix,150,1,Factored Batch RL,-24.014642857142857,36.666666666666664,4816,16,1000,-25.045,-22.989131254208004,0.0,0.0,0.5932023020957758,0.40679769790422415,0.0,100.0,166.47224593162537
taxi-L,0.5,random_mix,150,2,Imitation,-20.94589285714286,36.666666666666664,4734,11,1000,-329.1143333333333,-148.1217850369856,13.333333333333334,82.63333333333334,0.8693070989116549,0.0,0.13069290108834514,64.8,161.07527685165405
taxi-L,0.5,random_mix,150,2,BC,-20.94589285714286,36.666666666666664,4734,11,1000,-601.95,-258.486117522202,12.451,80.10000000000001,0.8877256578116828,0.0,0.1122743421883172,56.00000000000001,161.07527685165405
taxi-L,0.5,random_mix,150,2,RECO,-20.94589285714286,36.666666666666664,4734,11,1000,-470.45733333333334,-205.85245150750438,1.363,7.3,0.9105445820723839,0.07936206241144556,0.010093355516170598,44.4,161.07527685165405
taxi-L,0.5,random_mix,150,2,RECO-greedy,-20.94589285714286,36.666666666666664,4734,11,1000,-664.504,-282.1915097781652,1.363,7.3,0.9233867253895555,0.06520082725590508,0.01141244735453944,51.1,161.07527685165405
taxi-L,0.5,random_mix,150,2,In-data planning (POR-style),-20.94589285714286,36.666666666666664,4734,11,1000,-401.527,-176.67056433886418,12.451,80.10000000000001,0.8591738864885652,0.0,0.14082611351143484,70.1,161.07527685165405
taxi-L,0.5,random_mix,150,2,Ours,-20.94589285714286,36.666666666666664,4734,11,1000,-274.385,-121.78851709364814,1.363,7.3,0.841141637770072,0.14431581755134704,0.014542544678580955,66.8,161.07527685165405
taxi-L,0.5,random_mix,150,2,Ours w/o stitching,-20.94589285714286,36.666666666666664,4734,11,1000,-324.887,-143.15501940354682,1.363,7.3,0.8682919819906121,0.11865121180189674,0.01305680620749114,60.4,161.07527685165405
taxi-L,0.5,random_mix,150,2,Ours w/o execution rule,-20.94589285714286,36.666666666666664,4734,11,1000,-274.385,-121.78851709364814,1.363,7.3,0.841141637770072,0.14431581755134704,0.014542544678580955,66.8,161.07527685165405
taxi-L,0.5,random_mix,150,2,Factored Batch RL,-20.94589285714286,36.666666666666664,4734,11,1000,-21.747,-20.547383102882442,0.0,0.0,0.5661683860855733,0.43383161391442676,0.0,100.0,161.07527685165405
taxi-L,0.5,random_mix,150,3,Imitation,-59.73366071428571,28.666666666666668,4518,16,1000,-349.4476666666667,-154.83089126978578,46.790333333333336,85.86666666666667,0.6469231446430144,0.0,0.35307685535698563,45.83333333333333,228.31503057479858
taxi-L,0.5,random_mix,150,3,BC,-59.73366071428571,28.666666666666668,4518,16,1000,-608.72,-258.1445421295144,46.486,84.6,0.6615384615384615,0.0,0.3384615384615385,39.300000000000004,228.31503057479858
taxi-L,0.5,random_mix,150,3,RECO,-59.73366071428571,28.666666666666668,4518,16,1000,-490.0543333333333,-211.07340611665526,21.627,14.899999999999999,0.8220750646188024,0.03932881891782197,0.13859611646337555,30.5,228.31503057479858
taxi-L,0.5,random_mix,150,3,RECO-greedy,-59.73366071428571,28.666666666666668,4518,16,1000,-663.428,-281.3778540447933,21.627,14.899999999999999,0.8043246690193407,0.038956804034811846,0.15671852694584743,39.6,228.31503057479858
taxi-L,0.5,random_mix,150,3,In-data planning (POR-style),-59.73366071428571,28.666666666666668,4518,16,1000,-406.884,-176.77070817591303,46.486,84.6,0.5956438158363996,0.0,0.4043561841636005,53.5,228.31503057479858
taxi-L,0.5,random_mix,150,3,Ours,-59.73366071428571,28.666666666666668,4518,16,1000,-248.832,-111.99851629675031,21.627,14.899999999999999,0.7128960559476978,0.08597680625691674,0.20112713779538544,59.0,228.31503057479858
taxi-L,0.5,random_mix,150,3,Ours w/o stitching,-59.73366071428571,28.666666666666668,4518,16,1000,-323.676,-141.9192231014214,21.627,14.899999999999999,0.7616375880765477,0.06096250543429223,0.17739990648916013,49.7,228.31503057479858
taxi-L,0.5,random_mix,150,3,Ours w/o execution rule,-59.73366071428571,28.666666666666668,4518,16,1000,-248.832,-111.99851629675031,21.627,14.899999999999999,0.7128960559476978,0.08597680625691674,0.20112713779538544,59.0,228.31503057479858
taxi-L,0.5,random_mix,150,3,Factored Batch RL,-59.73366071428571,28.666666666666668,4518,16,1000,-114.823,-57.00195173858846,20.939,11.5,0.5698249955806964,0.16578701482360667,0.26438798959569687,76.7,228.31503057479858
taxi-L,0.5,random_mix,150,4,Imitation,-58.8775,31.333333333333332,4434,13,1000,-324.5113333333333,-142.2853402735532,47.41266666666667,86.13333333333333,0.6185114657368915,0.0,0.38148853426310847,48.733333333333334,222.77136826515198
taxi-L,0.5,random_mix,150,4,BC,-58.8775,31.333333333333332,4434,13,1000,-554.63,-235.38762886509875,47.142,85.5,0.6310545881432205,0.0,0.3689454118567795,44.3,222.77136826515198
taxi-L,0.5,random_mix,150,4,RECO,-58.8775,31.333333333333332,4434,13,1000,-477.8946666666667,-203.77176346125546,24.33,12.9,0.7994610737409396,0.03919262745340764,0.16134629880565277,32.53333333333333,222.77136826515198
taxi-L,0.5,random_mix,150,4,RECO-greedy,-58.8775,31.333333333333332,4434,13,1000,-597.104,-253.9068098263247,24.33,12.9,0.7769276837849978,0.04093427159754454,0.1821380446174577,41.5,222.77136826515198
taxi-L,0.5,random_mix,150,4,In-data planning (POR-style),-58.8775,31.333333333333332,4434,13,1000,-370.422,-162.07318718080427,47.142,85.5,0.572140387181093,0.0,0.42785961281890705,55.60000000000001,222.77136826515198
taxi-L,0.5,random_mix,150,4,Ours,-58.8775,31.333333333333332,4434,13,1000,-295.608,-128.68164136198445,24.33,12.9,0.7229790152718811,0.06578456142178696,0.21123642330633188,52.900000000000006,222.77136826515198
taxi-L,0.5,random_mix,150,4,Ours w/o stitching,-58.8775,31.333333333333332,4434,13,1000,-351.791,-152.37508238548696,24.33,12.9,0.7514085408796978,0.053876688648441,0.1947147704718612,46.7,222.77136826515198
taxi-L,0.5,random_mix,150,4,Ours w/o execution rule,-58.8775,31.333333333333332,4434,13,1000,-295.608,-128.68164136198445,24.33,12.9,0.7229790152718811,0.06578456142178696,0.21123642330633188,52.900000000000006,222.77136826515198
taxi-L,0.5,random_mix,150,4,Factored Batch RL,-58.8775,31.333333333333332,4434,13,1000,-112.85,-55.44284963625879,24.2,12.1,0.5258986917490549,0.15970535122705365,0.3143959570238915,77.3,222.77136826515198
taxi-L,0.5,random_mix,150,5,Imitation,-22.948392857142856,45.333333333333336,4536,20,1000,-309.648,-142.8460658128756,11.984,85.86666666666667,0.8805934457917759,0.0,0.11940655420822414,69.23333333333333,140.02285265922546
taxi-L,0.5,random_mix,150,5,BC,-22.948392857142856,45.333333333333336,4536,20,1000,-686.129,-287.6900361012614,10.525,83.89999999999999,0.908512469250628,0.0,0.09148753074937198,54.0,140.02285265922546
taxi-L,0.5,random_mix,150,5,RECO,-22.948392857142856,45.333333333333336,4536,20,1000,-426.667,-189.07607274765851,2.258,10.299999999999999,0.912705954355844,0.06911047045370355,0.018183575190452415,53.63333333333333,140.02285265922546
taxi-L,0.5,random_mix,150,5,RECO-greedy,-22.948392857142856,45.333333333333336,4536,20,1000,-576.429,-247.64622898368137,2.258,10.299999999999999,0.9206684876787969,0.05722481667498849,0.022106695646214546,63.1,140.02285265922546
taxi-L,0.5,random_mix,150,5,In-data planning (POR-style),-22.948392857142856,45.333333333333336,4536,20,1000,-349.642,-155.78688206624483,10.525,83.89999999999999,0.8613654026001396,0.0,0.13863459739986037,79.0,140.02285265922546
taxi-L,0.5,random_mix,150,5,Ours,-22.948392857142856,45.333333333333336,4536,20,1000,-189.904,-87.55876351997917,2.258,10.299999999999999,0.8377685360004082,0.1334260345971322,0.02880542940245956,77.8,140.02285265922546
taxi-L,0.5,random_mix,150,5,Ours w/o stitching,-22.948392857142856,45.333333333333336,4536,20,1000,-236.731,-106.83242471009811,2.258,10.299999999999999,0.8599086610912354,0.11411611775126827,0.02597522115749635,72.39999999999999,140.02285265922546
taxi-L,0.5,random_mix,150,5,Ours w/o execution rule,-22.948392857142856,45.333333333333336,4536,20,1000,-189.904,-87.55876351997917,2.258,10.299999999999999,0.8377685360004082,0.1334260345971322,0.02880542940245956,77.8,140.02285265922546
taxi-L,0.5,random_mix,150,5,Factored Batch RL,-22.948392857142856,45.333333333333336,4536,20,1000,-22.378,-21.014091085193854,0.0,0.0,0.6625017289870441,0.3374982710129559,0.0,100.0,140.02285265922546
taxi-L,0.5,random_mix,150,6,Imitation,-23.905892857142856,44.666666666666664,4590,21,1000,-304.80133333333333,-138.03340113689282,12.498666666666667,84.33333333333334,0.8765226382847,0.0,0.12347736171529998,65.43333333333334,141.92454385757446
taxi-L,0.5,random_mix,150,6,BC,-23.905892857142856,44.666666666666664,4590,21,1000,-579.967,-244.90073793958445,11.409,83.39999999999999,0.8962610703958973,0.0,0.10373892960410264,56.699999999999996,141.92454385757446
taxi-L,0.5,random_mix,150,6,RECO,-23.905892857142856,44.666666666666664,4590,21,1000,-395.41766666666666,-175.2391987209397,1.504,5.800000000000001,0.9116556663007445,0.07605370611998072,0.012290627579274821,52.400000000000006,141.92454385757446
taxi-L,0.5,random_mix,150,6,RECO-greedy,-23.905892857142856,44.666666666666664,4590,21,1000,-544.793,-231.8302549281756,1.504,5.800000000000001,0.9091783166355787,0.0763609791742784,0.014460704190142877,62.0,141.92454385757446
taxi-L,0.5,random_mix,150,6,In-data planning (POR-style),-23.905892857142856,44.666666666666664,4590,21,1000,-377.91,-164.05107877016894,11.409,83.39999999999999,0.8601015303119482,0.0,0.1398984696880518,75.7,141.92454385757446
taxi-L,0.5,random_mix,150,6,Ours,-23.905892857142856,44.666666666666664,4590,21,1000,-158.327,-76.12958261397496,1.504,5.800000000000001,0.8159786104750434,0.16411430689203318,0.019907082632923456,80.0,141.92454385757446
taxi-L,0.5,random_mix,150,6,Ours w/o stitching,-23.905892857142856,44.666666666666664,4590,21,1000,-248.672,-112.92998300552595,1.504,5.800000000000001,0.8643277617840416,0.11951617754479439,0.01615606067116401,68.8,141.92454385757446
taxi-L,0.5,random_mix,150,6,Ours w/o execution rule,-23.905892857142856,44.666666666666664,4590,21,1000,-158.327,-76.12958261397496,1.504,5.800000000000001,0.8159786104750434,0.16411430689203318,0.019907082632923456,80.0,141.92454385757446
taxi-L,0.5,random_mix,150,6,Factored Batch RL,-23.905892857142856,44.666666666666664,4590,21,1000,-23.349,-21.68183058758061,0.0,0.0,0.6467564093891632,0.35324359061083677,0.0,100.0,141.92454385757446
taxi-L,0.5,random_mix,150,7,Imitation,-58.888125,34.666666666666664,4381,9,1000,-291.2133333333333,-133.8550674541194,46.129,83.73333333333333,0.6122223093994485,0.0,0.38777769060055145,55.233333333333334,201.06920886039734
taxi-L,0.5,random_mix,150,7,BC,-58.888125,34.666666666666664,4381,9,1000,-564.643,-240.6116044101486,45.523,82.69999999999999,0.6410509134778392,0.0,0.3589490865221608,45.7,201.06920886039734
taxi-L,0.5,random_mix,150,7,RECO,-58.888125,34.666666666666664,4381,9,1000,-441.645,-195.1882594226388,20.63,18.0,0.8130862345419887,0.04494436148176695,0.14196940397624438,37.96666666666667,201.06920886039734
taxi-L,0.5,random_mix,150,7,RECO-greedy,-58.888125,34.666666666666664,4381,9,1000,-652.964,-276.89880823144904,20.63,18.0,0.7982784459900857,0.043169503900395804,0.1585520501095185,44.0,201.06920886039734
taxi-L,0.5,random_mix,150,7,In-data planning (POR-style),-58.888125,34.666666666666664,4381,9,1000,-377.531,-165.5858410818528,45.523,82.69999999999999,0.5645648805310581,0.0,0.4354351194689419,59.8,201.06920886039734
taxi-L,0.5,random_mix,150,7,Ours,-58.888125,34.666666666666664,4381,9,1000,-280.615,-125.28136778277333,20.63,18.0,0.7385335469263193,0.0768397784121927,0.18462667466148794,55.50000000000001,201.06920886039734
taxi-L,0.5,random_mix,150,7,Ours w/o stitching,-58.888125,34.666666666666664,4381,9,1000,-316.229,-139.89371881511306,20.63,18.0,0.7622036497211316,0.063988070163614,0.17380828011525434,51.2,201.06920886039734
taxi-L,0.5,random_mix,150,7,Ours w/o execution rule,-58.888125,34.666666666666664,4381,9,1000,-280.615,-125.28136778277333,20.63,18.0,0.7385335469263193,0.0768397784121927,0.18462667466148794,55.50000000000001,201.06920886039734
taxi-L,0.5,random_mix,150,7,Factored Batch RL,-58.888125,34.666666666666664,4381,9,1000,-101.97,-51.858163446738764,19.168,10.8,0.5600865870710982,0.18219586963536624,0.2577175432935355,79.2,201.06920886039734
taxi-L,0.5,random_mix,150,8,Imitation,-22.856517857142858,39.333333333333336,4585,15,1000,-343.31533333333334,-153.64930746034153,9.972,83.1,0.9079711571590294,0.0,0.09202884284097061,61.86666666666667,140.64162349700928
taxi-L,0.5,random_mix,150,8,BC,-22.856517857142858,39.333333333333336,4585,15,1000,-643.722,-272.5923477528356,9.899,82.6,0.9149329277200581,0.0,0.08506707227994191,53.1,140.64162349700928
taxi-L,0.5,random_mix,150,8,RECO,-22.856517857142858,39.333333333333336,4585,15,1000,-422.64666666666665,-185.5383010364289,1.311,6.3,0.9354851426859333,0.05417807751139332,0.010336779802673423,49.7,140.64162349700928
taxi-L,0.5,random_mix,150,8,RECO-greedy,-22.856517857142858,39.333333333333336,4585,15,1000,-558.748,-240.33565167888162,1.311,6.3,0.9309397980101936,0.056732053186887586,0.012328148802918885,60.5,140.64162349700928
taxi-L,0.5,random_mix,150,8,In-data planning (POR-style),-22.856517857142858,39.333333333333336,4585,15,1000,-370.987,-163.20802957277408,9.899,82.6,0.885727148892942,0.0,0.11427285110705793,72.39999999999999,140.64162349700928
taxi-L,0.5,random_mix,150,8,Ours,-22.856517857142858,39.333333333333336,4585,15,1000,-205.924,-94.95460349368915,1.311,6.3,0.8701413211197923,0.11380391388473879,0.016054764995468908,76.4,140.64162349700928
taxi-L,0.5,random_mix,150,8,Ours w/o stitching,-22.856517857142858,39.333333333333336,4585,15,1000,-293.839,-130.6047527025213,1.311,6.3,0.9103723835794256,0.07633254908323868,0.013295067337335714,65.3,140.64162349700928
taxi-L,0.5,random_mix,150,8,Ours w/o execution rule,-22.856517857142858,39.333333333333336,4585,15,1000,-205.924,-94.95460349368915,1.311,6.3,0.8701413211197923,0.11380391388473879,0.016054764995468908,76.4,140.64162349700928
taxi-L,0.5,random_mix,150,8,Factored Batch RL,-22.856517857142858,39.333333333333336,4585,15,1000,-23.097,-21.509203003952152,0.0,0.0,0.6648298070163503,0.3351701929836497,0.0,100.0,140.64162349700928
taxi-L,0.5,random_mix,150,9,Imitation,-25.202767857142856,43.333333333333336,4563,12,1000,-300.357,-137.4311693130356,12.914666666666667,84.26666666666667,0.8737445823964545,0.0,0.12625541760354547,67.36666666666666,129.04571771621704
taxi-L,0.5,random_mix,150,9,BC,-25.202767857142856,43.333333333333336,4563,12,1000,-538.307,-230.46979350911033,12.388,83.5,0.88654950408909,0.0,0.11345049591091004,58.699999999999996,129.04571771621704
taxi-L,0.5,random_mix,150,9,RECO,-25.202767857142856,43.333333333333336,4563,12,1000,-422.8113333333333,-184.9050141389286,2.178,8.200000000000001,0.9175141906335147,0.06504874319156488,0.017437066174920406,51.83333333333333,129.04571771621704
taxi-L,0.5,random_mix,150,9,RECO-greedy,-25.202767857142856,43.333333333333336,4563,12,1000,-497.356,-213.51310471196294,2.178,8.200000000000001,0.9076590342752363,0.07186045418214303,0.020480511542620716,61.3,129.04571771621704
taxi-L,0.5,random_mix,150,9,In-data planning (POR-style),-25.202767857142856,43.333333333333336,4563,12,1000,-315.491,-140.6494995460693,12.388,83.5,0.8528426504478392,0.0,0.14715734955216078,75.3,129.04571771621704
taxi-L,0.5,random_mix,150,9,Ours,-25.202767857142856,43.333333333333336,4563,12,1000,-195.877,-91.28383386237468,2.178,8.200000000000001,0.8342123657622165,0.13810764440490564,0.027679989832877932,79.4,129.04571771621704
taxi-L,0.5,random_mix,150,9,Ours w/o stitching,-25.202767857142856,43.333333333333336,4563,12,1000,-271.234,-121.11528418958643,2.178,8.200000000000001,0.8767311105678787,0.10012010160808613,0.0231487878240352,69.3,129.04571771621704
taxi-L,0.5,random_mix,150,9,Ours w/o execution rule,-25.202767857142856,43.333333333333336,4563,12,1000,-195.877,-91.28383386237468,2.178,8.200000000000001,0.8342123657622165,0.13810764440490564,0.027679989832877932,79.4,129.04571771621704
taxi-L,0.5,random_mix,150,9,Factored Batch RL,-25.202767857142856,43.333333333333336,4563,12,1000,-25.208,-23.063309110842425,0.0,0.0,0.6365131578947368,0.36348684210526316,0.0,100.0,129.04571771621704
taxi-L,0.5,random_mix,400,0,Imitation,-25.276517857142856,41.25,9597,19,1000,-450.36533333333335,-204.88727475470736,5.036,65.16666666666666,0.9610522191057581,0.0,0.038947780894241876,52.666666666666664,142.68246269226074
taxi-L,0.5,random_mix,400,0,BC,-25.276517857142856,41.25,9597,19,1000,-864.289,-367.76110119531825,4.617,63.5,0.9673652588796607,0.0,0.03263474112033928,36.7,142.68246269226074
taxi-L,0.5,random_mix,400,0,RECO,-25.276517857142856,41.25,9597,19,1000,-527.2513333333334,-234.47929517723992,0.0,0.0,0.9692551361082942,0.030744863891705883,0.0,41.36666666666667,142.68246269226074
taxi-L,0.5,random_mix,400,0,RECO-greedy,-25.276517857142856,41.25,9597,19,1000,-441.998,-194.774895233566,0.0,0.0,0.961262102315043,0.03873789768495694,0.0,68.30000000000001,142.68246269226074
taxi-L,0.5,random_mix,400,0,In-data planning (POR-style),-25.276517857142856,41.25,9597,19,1000,-335.506,-151.51886825083727,4.617,63.5,0.9424163434315719,0.0,0.05758365656842814,77.5,142.68246269226074
taxi-L,0.5,random_mix,400,0,Ours,-25.276517857142856,41.25,9597,19,1000,-75.928,-42.75148619289886,0.0,0.0,0.8632461748437612,0.13675382515623877,0.0,94.1,142.68246269226074
taxi-L,0.5,random_mix,400,0,Ours w/o stitching,-25.276517857142856,41.25,9597,19,1000,-212.312,-98.25264598512983,0.0,0.0,0.9322556869995378,0.0677443130004622,0.0,77.8,142.68246269226074
taxi-L,0.5,random_mix,400,0,Ours w/o execution rule,-25.276517857142856,41.25,9597,19,1000,-75.928,-42.75148619289886,0.0,0.0,0.8632461748437612,0.13675382515623877,0.0,94.1,142.68246269226074
taxi-L,0.5,random_mix,400,0,Factored Batch RL,-25.276517857142856,41.25,9597,19,1000,-25.45,-23.146343168179214,0.0,0.0,0.818772874058127,0.18122712594187299,0.0,100.0,142.68246269226074
taxi-L,0.5,random_mix,400,1,Imitation,-24.014642857142857,41.0,10057,19,1000,-455.6716666666667,-208.71062608758857,4.137333333333333,59.36666666666667,0.968450698497265,0.0,0.031549301502735015,52.63333333333333,128.81851029396057
taxi-L,0.5,random_mix,400,1,BC,-24.014642857142857,41.0,10057,19,1000,-912.106,-389.20089506970066,3.634,58.3,0.9757069322815696,0.0,0.024293067718430376,31.5,128.81851029396057
taxi-L,0.5,random_mix,400,1,RECO,-24.014642857142857,41.0,10057,19,1000,-497.41833333333335,-224.4310121828909,0.0,0.0,0.9759345171185246,0.024065482881475413,0.0,46.1,128.81851029396057
taxi-L,0.5,random_mix,400,1,RECO-greedy,-24.014642857142857,41.0,10057,19,1000,-389.237,-174.63704053204063,0.0,0.0,0.9721236936701027,0.027876306329897398,0.0,74.8,128.81851029396057
taxi-L,0.5,random_mix,400,1,In-data planning (POR-style),-24.014642857142857,41.0,10057,19,1000,-306.963,-139.91944320573884,3.634,58.3,0.9519978865332541,0.0,0.04800211346674592,79.7,128.81851029396057
taxi-L,0.5,random_mix,400,1,Ours,-24.014642857142857,41.0,10057,19,1000,-33.214,-25.86422070905192,0.0,0.0,0.861886614712683,0.13811338528731695,0.0,98.8,128.81851029396057
taxi-L,0.5,random_mix,400,1,Ours w/o stitching,-24.014642857142857,41.0,10057,19,1000,-164.972,-79.36521651332482,0.0,0.0,0.9445756217568962,0.05542437824310376,0.0,83.2,128.81851029396057
taxi-L,0.5,random_mix,400,1,Ours w/o execution rule,-24.014642857142857,41.0,10057,19,1000,-33.214,-25.86422070905192,0.0,0.0,0.861886614712683,0.13811338528731695,0.0,98.8,128.81851029396057
taxi-L,0.5,random_mix,400,1,Factored Batch RL,-24.014642857142857,41.0,10057,19,1000,-23.885,-22.085380245526217,0.0,0.0,0.8514648546284951,0.14853514537150495,0.0,100.0,128.81851029396057
taxi-L,0.5,random_mix,400,2,Imitation,-20.94589285714286,39.0,9849,12,1000,-469.029,-211.72618322933783,4.430666666666666,62.4,0.9657580652224875,0.0,0.03424193477751244,52.0,121.72111463546753
taxi-L,0.5,random_mix,400,2,BC,-20.94589285714286,39.0,9849,12,1000,-930.235,-396.59037342614016,3.775,59.199999999999996,0.9745916148963809,0.0,0.025408385103619098,32.0,121.72111463546753
taxi-L,0.5,random_mix,400,2,RECO,-20.94589285714286,39.0,9849,12,1000,-533.2153333333333,-237.81189160784473,0.0,0.0,0.9632800403091287,0.036719959690871315,0.0,40.699999999999996,121.72111463546753
taxi-L,0.5,random_mix,400,2,RECO-greedy,-20.94589285714286,39.0,9849,12,1000,-511.63,-224.25023937983056,0.0,0.0,0.9732038950834021,0.026796104916597868,0.0,63.0,121.72111463546753
taxi-L,0.5,random_mix,400,2,In-data planning (POR-style),-20.94589285714286,39.0,9849,12,1000,-444.017,-195.74500020552605,3.775,59.199999999999996,0.9573860429413226,0.0,0.042613957058677446,70.39999999999999,121.72111463546753
taxi-L,0.5,random_mix,400,2,Ours,-20.94589285714286,39.0,9849,12,1000,-93.868,-49.47592657081413,0.0,0.0,0.8605655794587093,0.13943442054129077,0.0,90.2,121.72111463546753
taxi-L,0.5,random_mix,400,2,Ours w/o stitching,-20.94589285714286,39.0,9849,12,1000,-212.536,-98.57530004345413,0.0,0.0,0.9259874258479948,0.07401257415200527,0.0,77.0,121.72111463546753
taxi-L,0.5,random_mix,400,2,Ours w/o execution rule,-20.94589285714286,39.0,9849,12,1000,-93.868,-49.47592657081413,0.0,0.0,0.8605655794587093,0.13943442054129077,0.0,90.2,121.72111463546753
taxi-L,0.5,random_mix,400,2,Factored Batch RL,-20.94589285714286,39.0,9849,12,1000,-21.099,-20.05258081617678,0.0,0.0,0.7987125584930759,0.20128744150692415,0.0,100.0,121.72111463546753
taxi-L,0.5,random_mix,400,3,Imitation,-59.73366071428571,32.5,9510,18,1000,-443.78433333333334,-201.58106085839185,32.617666666666665,65.66666666666666,0.7780633016182624,0.0,0.22193669838173757,40.53333333333333,132.45589637756348
taxi-L,0.5,random_mix,400,3,BC,-59.73366071428571,32.5,9510,18,1000,-870.264,-370.20509407725064,31.872,63.5,0.804583747194938,0.0,0.19541625280506197,22.8,132.45589637756348
taxi-L,0.5,random_mix,400,3,RECO,-59.73366071428571,32.5,9510,18,1000,-528.3713333333334,-236.41559131480574,10.914,6.3,0.911421358044825,0.020988115611136685,0.0675905263440383,31.133333333333336,132.45589637756348
taxi-L,0.5,random_mix,400,3,RECO-greedy,-59.73366071428571,32.5,9510,18,1000,-561.145,-244.24641389130255,10.914,6.3,0.8888371086663449,0.02033853169781802,0.0908243596358371,51.4,132.45589637756348
taxi-L,0.5,random_mix,400,3,In-data planning (POR-style),-59.73366071428571,32.5,9510,18,1000,-394.41,-175.02404159370332,31.872,63.5,0.7055677188703822,0.0,0.29443228112961783,58.3,132.45589637756348
taxi-L,0.5,random_mix,400,3,Ours,-59.73366071428571,32.5,9510,18,1000,-181.363,-85.51382176940002,10.914,6.3,0.8124330237542419,0.06573718521164494,0.12182979103411323,70.3,132.45589637756348
taxi-L,0.5,random_mix,400,3,Ours w/o stitching,-59.73366071428571,32.5,9510,18,1000,-281.317,-127.04011763217673,10.914,6.3,0.8608265011573968,0.038521483312275784,0.10065201553032749,58.4,132.45589637756348
taxi-L,0.5,random_mix,400,3,Ours w/o execution rule,-59.73366071428571,32.5,9510,18,1000,-181.363,-85.51382176940002,10.914,6.3,0.8124330237542419,0.06573718521164494,0.12182979103411323,70.3,132.45589637756348
taxi-L,0.5,random_mix,400,3,Factored Batch RL,-59.73366071428571,32.5,9510,18,1000,-128.995,-63.78166252401798,10.8,5.4,0.7697280827529701,0.09200891028267104,0.13826300696435886,77.2,132.45589637756348
taxi-L,0.5,random_mix,400,4,Imitation,-58.8775,32.75,9422,15,1000,-428.57233333333335,-194.31674851746664,29.605333333333334,63.96666666666667,0.7926758669629685,0.0,0.2073241330370315,42.16666666666667,125.90724277496338
taxi-L,0.5,random_mix,400,4,BC,-58.8775,32.75,9422,15,1000,-750.837,-321.39741067396017,29.098,62.4,0.8101297209824342,0.0,0.18987027901756584,28.7,125.90724277496338
taxi-L,0.5,random_mix,400,4,RECO,-58.8775,32.75,9422,15,1000,-517.5883333333334,-229.21932101547873,9.615,5.0,0.9139797965820244,0.023652096450563896,0.06236810696741161,34.4,125.90724277496338
taxi-L,0.5,random_mix,400,4,RECO-greedy,-58.8775,32.75,9422,15,1000,-413.471,-182.1375413847539,9.615,5.0,0.8853696026829382,0.02505938795472542,0.08957100936233639,58.199999999999996,125.90724277496338
taxi-L,0.5,random_mix,400,4,In-data planning (POR-style),-58.8775,32.75,9422,15,1000,-312.403,-140.53282399016263,29.098,62.4,0.7028876000653488,0.0,0.2971123999346512,64.0,125.90724277496338
taxi-L,0.5,random_mix,400,4,Ours,-58.8775,32.75,9422,15,1000,-164.806,-77.22507059901992,9.615,5.0,0.8247695459201092,0.05799151343705799,0.11723894064283276,73.7,125.90724277496338
taxi-L,0.5,random_mix,400,4,Ours w/o stitching,-58.8775,32.75,9422,15,1000,-229.418,-104.13905552854051,9.615,5.0,0.8598303403743485,0.03872206630230644,0.10144759332334508,66.0,125.90724277496338
taxi-L,0.5,random_mix,400,4,Ours w/o execution rule,-58.8775,32.75,9422,15,1000,-164.806,-77.22507059901992,9.615,5.0,0.8247695459201092,0.05799151343705799,0.11723894064283276,73.7,125.90724277496338
taxi-L,0.5,random_mix,400,4,Factored Batch RL,-58.8775,32.75,9422,15,1000,-132.362,-64.70885566596311,9.6,4.8,0.8042312784280827,0.06993144490031328,0.12583727667160402,77.3,125.90724277496338
taxi-L,0.5,random_mix,400,5,Imitation,-22.948392857142856,44.5,9538,20,1000,-456.0713333333333,-209.5688139610853,4.501666666666667,62.53333333333333,0.9654672469430651,0.0,0.034532753056934935,53.53333333333333,96.42748212814331
taxi-L,0.5,random_mix,400,5,BC,-22.948392857142856,44.5,9538,20,1000,-969.251,-411.6900033526421,3.681,60.4,0.9762782424890768,0.0,0.02372175751092322,27.900000000000002,96.42748212814331
taxi-L,0.5,random_mix,400,5,RECO,-22.948392857142856,44.5,9538,20,1000,-520.797,-236.2428805601378,0.0,0.0,0.9756687077022237,0.024331292297776346,0.0,46.233333333333334,96.42748212814331
taxi-L,0.5,random_mix,400,5,RECO-greedy,-22.948392857142856,44.5,9538,20,1000,-439.808,-194.77587897321084,0.0,0.0,0.9718070070241562,0.028192992975843757,0.0,68.2,96.42748212814331
taxi-L,0.5,random_mix,400,5,In-data planning (POR-style),-22.948392857142856,44.5,9538,20,1000,-336.082,-152.16744431156113,3.681,60.4,0.9549763323018212,0.0,0.04502366769817875,75.5,96.42748212814331
taxi-L,0.5,random_mix,400,5,Ours,-22.948392857142856,44.5,9538,20,1000,-76.452,-42.97171104477281,0.0,0.0,0.8912184576391219,0.10878154236087816,0.0,93.4,96.42748212814331
taxi-L,0.5,random_mix,400,5,Ours w/o stitching,-22.948392857142856,44.5,9538,20,1000,-212.536,-98.21623894636232,0.0,0.0,0.9460949540767101,0.053905045923289936,0.0,76.9,96.42748212814331
taxi-L,0.5,random_mix,400,5,Ours w/o execution rule,-22.948392857142856,44.5,9538,20,1000,-76.452,-42.97171104477281,0.0,0.0,0.8912184576391219,0.10878154236087816,0.0,93.4,96.42748212814331
taxi-L,0.5,random_mix,400,5,Factored Batch RL,-22.948392857142856,44.5,9538,20,1000,-22.22,-20.887763744516135,0.0,0.0,0.8376446089773253,0.16235539102267468,0.0,100.0,96.42748212814331
taxi-L,0.5,random_mix,400,6,Imitation,-23.905892857142856,41.75,9755,22,1000,-492.071,-225.42503907935225,4.056666666666667,62.53333333333333,0.9708775733385021,0.0,0.029122426661497856,49.766666666666666,95.97390484809875
taxi-L,0.5,random_mix,400,6,BC,-23.905892857142856,41.75,9755,22,1000,-1016.693,-429.93437075756646,3.654,60.9,0.9764749813293503,0.0,0.02352501867064974,27.700000000000003,95.97390484809875
taxi-L,0.5,random_mix,400,6,RECO,-23.905892857142856,41.75,9755,22,1000,-533.4283333333333,-242.86965558273306,0.0,0.0,0.9759103160103467,0.02408968398965324,0.0,43.5,95.97390484809875
taxi-L,0.5,random_mix,400,6,RECO-greedy,-23.905892857142856,41.75,9755,22,1000,-416.459,-184.54347747436466,0.0,0.0,0.9698984028190929,0.030101597180907054,0.0,72.7,95.97390484809875
taxi-L,0.5,random_mix,400,6,In-data planning (POR-style),-23.905892857142856,41.75,9755,22,1000,-348.078,-156.3207104410271,3.654,60.9,0.953963034357637,0.0,0.04603696564236308,77.60000000000001,95.97390484809875
taxi-L,0.5,random_mix,400,6,Ours,-23.905892857142856,41.75,9755,22,1000,-53.792,-33.88761786060918,0.0,0.0,0.886805050961293,0.11319494903870701,0.0,96.0,95.97390484809875
taxi-L,0.5,random_mix,400,6,Ours w/o stitching,-23.905892857142856,41.75,9755,22,1000,-178.244,-85.27306083196504,0.0,0.0,0.9487182896346328,0.05128171036536723,0.0,80.4,95.97390484809875
taxi-L,0.5,random_mix,400,6,Ours w/o execution rule,-23.905892857142856,41.75,9755,22,1000,-53.792,-33.88761786060918,0.0,0.0,0.886805050961293,0.11319494903870701,0.0,96.0,95.97390484809875
taxi-L,0.5,random_mix,400,6,Factored Batch RL,-23.905892857142856,41.75,9755,22,1000,-23.275,-21.628860898877655,0.0,0.0,0.860824392998306,0.13917560700169396,0.0,100.0,95.97390484809875
taxi-L,0.5,random_mix,400,7,Imitation,-58.888125,33.5,9323,12,1000,-441.60066666666665,-201.78112491194858,30.633,64.86666666666666,0.7908777087775429,0.0,0.20912229122245712,41.766666666666666,89.01767444610596
taxi-L,0.5,random_mix,400,7,BC,-58.888125,33.5,9323,12,1000,-879.063,-372.91155029512976,30.13,62.4,0.8107209940760006,0.0,0.18927900592399943,25.3,89.01767444610596
taxi-L,0.5,random_mix,400,7,RECO,-58.888125,33.5,9323,12,1000,-513.92,-232.19647636050212,8.258,4.8,0.9176048357433382,0.02972162158139693,0.05267354267526487,34.333333333333336,89.01767444610596
taxi-L,0.5,random_mix,400,7,RECO-greedy,-58.888125,33.5,9323,12,1000,-576.897,-249.28141325353045,8.258,4.8,0.8934130983499061,0.03240902925615529,0.07417787239393858,55.800000000000004,89.01767444610596
taxi-L,0.5,random_mix,400,7,In-data planning (POR-style),-58.888125,33.5,9323,12,1000,-377.611,-167.82850354553665,30.13,62.4,0.6981385376800849,0.0,0.30186146231991506,62.9,89.01767444610596
taxi-L,0.5,random_mix,400,7,Ours,-58.888125,33.5,9323,12,1000,-158.313,-76.30604496664796,8.258,4.8,0.8216672184009515,0.07708340996309511,0.10124937163595346,74.4,89.01767444610596
taxi-L,0.5,random_mix,400,7,Ours w/o stitching,-58.888125,33.5,9323,12,1000,-232.113,-106.98720310733438,8.258,4.8,0.868544309687025,0.04607256221760394,0.08538312809537103,65.10000000000001,89.01767444610596
taxi-L,0.5,random_mix,400,7,Ours w/o execution rule,-58.888125,33.5,9323,12,1000,-158.313,-76.30604496664796,8.258,4.8,0.8216672184009515,0.07708340996309511,0.10124937163595346,74.4,89.01767444610596
taxi-L,0.5,random_mix,400,7,Factored Batch RL,-58.888125,33.5,9323,12,1000,-127.322,-63.270313975973664,8.2,4.1000000000000005,0.7909828308773827,0.09816141679059077,0.11085575233202649,79.2,89.01767444610596
taxi-L,0.5,random_mix,400,8,Imitation,-22.856517857142858,40.25,9475,20,1000,-432.57966666666664,-199.58563568100413,3.9486666666666665,61.56666666666667,0.968583499309134,0.0,0.03141650069086598,55.266666666666666,71.33039116859436
taxi-L,0.5,random_mix,400,8,BC,-22.856517857142858,40.25,9475,20,1000,-840.598,-358.1454862990424,3.762,60.6,0.9728866818977882,0.0,0.027113318102211875,38.4,71.33039116859436
taxi-L,0.5,random_mix,400,8,RECO,-22.856517857142858,40.25,9475,20,1000,-474.36033333333336,-217.40274940463635,0.227,1.2,0.9734464635361204,0.024882592245444774,0.0016709442184348578,49.46666666666666,71.33039116859436
taxi-L,0.5,random_mix,400,8,RECO-greedy,-22.856517857142858,40.25,9475,20,1000,-349.914,-157.82709822735058,0.227,1.2,0.9633759276957747,0.03394570103713143,0.0026783712670937904,73.7,71.33039116859436
taxi-L,0.5,random_mix,400,8,In-data planning (POR-style),-22.856517857142858,40.25,9475,20,1000,-288.252,-131.92075926181167,3.762,60.6,0.9512176145646931,0.0,0.048782385435306934,78.2,71.33039116859436
taxi-L,0.5,random_mix,400,8,Ours,-22.856517857142858,40.25,9475,20,1000,-33.333,-25.393891490841366,0.227,1.2,0.8660720056880615,0.12903712321978755,0.004890871092150906,98.5,71.33039116859436
taxi-L,0.5,random_mix,400,8,Ours w/o stitching,-22.856517857142858,40.25,9475,20,1000,-186.104,-88.7641419266532,0.227,1.2,0.9409202108871126,0.05611010086474182,0.0029696882481455803,78.9,71.33039116859436
taxi-L,0.5,random_mix,400,8,Ours w/o execution rule,-22.856517857142858,40.25,9475,20,1000,-33.333,-25.393891490841366,0.227,1.2,0.8660720056880615,0.12903712321978755,0.004890871092150906,98.5,71.33039116859436
taxi-L,0.5,random_mix,400,8,Factored Batch RL,-22.856517857142858,40.25,9475,20,1000,-22.835,-21.304922197716717,0.0,0.0,0.8573286186837002,0.14267138131629975,0.0,100.0,71.33039116859436
taxi-L,0.5,random_mix,400,9,Imitation,-25.202767857142856,40.25,9843,15,1000,-473.5733333333333,-216.90089593106111,4.659,63.1,0.9652241631978742,0.0,0.034775836802125815,52.46666666666666,72.37263512611389
taxi-L,0.5,random_mix,400,9,BC,-25.202767857142856,40.25,9843,15,1000,-943.526,-397.9177016919098,4.363,61.7,0.9713350897133509,0.0,0.028664910286649102,30.2,72.37263512611389
taxi-L,0.5,random_mix,400,9,RECO,-25.202767857142856,40.25,9843,15,1000,-546.595,-245.4767269373747,0.0,0.0,0.9768333606901205,0.023166639309879448,0.0,44.53333333333334,72.37263512611389
taxi-L,0.5,random_mix,400,9,RECO-greedy,-25.202767857142856,40.25,9843,15,1000,-405.44,-180.9051243976424,0.0,0.0,0.9656566530100424,0.034343346989957516,0.0,69.5,72.37263512611389
taxi-L,0.5,random_mix,400,9,In-data planning (POR-style),-25.202767857142856,40.25,9843,15,1000,-326.701,-148.33135646733174,4.363,61.7,0.9458698295327659,0.0,0.05413017046723406,77.0,72.37263512611389
taxi-L,0.5,random_mix,400,9,Ours,-25.202767857142856,40.25,9843,15,1000,-51.015,-33.25956897214163,0.0,0.0,0.8750803764540831,0.12491962354591687,0.0,96.6,72.37263512611389
taxi-L,0.5,random_mix,400,9,Ours w/o stitching,-25.202767857142856,40.25,9843,15,1000,-195.351,-92.12872035861946,0.0,0.0,0.9485170173068262,0.05148298269317378,0.0,79.0,72.37263512611389
taxi-L,0.5,random_mix,400,9,Ours w/o execution rule,-25.202767857142856,40.25,9843,15,1000,-51.015,-33.25956897214163,0.0,0.0,0.8750803764540831,0.12491962354591687,0.0,96.6,72.37263512611389
taxi-L,0.5,random_mix,400,9,Factored Batch RL,-25.202767857142856,40.25,9843,15,1000,-25.142,-23.010247845757082,0.0,0.0,0.8441983442416887,0.1558016557583113,0.0,100.0,72.37263512611389
