env,rho,dataset,n_traj,seed,agent,optimal_ret,data_pct_delivered,n_SD,n_inconsistent,ret,disc_ret,queries_per_ep,pct_ep_with_query,frac_data_steps,frac_model_steps,frac_query_steps,pct_delivered,config_seconds
taxi-M,0.0,drivers,50,0,Imitation,-3.5533333333333332,100.0,487,0,-13.128055555555555,-13.518356327459049,3.308333333333333,75.75,0.8821107228760628,0.0,0.11788927712393717,100.0,29.013036251068115
taxi-M,0.0,drivers,50,0,BC,-3.5533333333333332,100.0,487,0,-66.53916666666667,-31.63202000792709,3.308333333333333,75.75,0.8975166503175177,0.0,0.10248334968248232,95.58333333333333,29.013036251068115
taxi-M,0.0,drivers,50,0,RECO,-3.5533333333333332,100.0,487,0,-15.100555555555555,-15.200137899906473,0.04,4.0,0.8807110382350749,0.11794738018931207,0.0013415815756130283,100.0,29.013036251068115
taxi-M,0.0,drivers,50,0,RECO-greedy,-3.5533333333333332,100.0,487,0,-5.358333333333333,-6.8135049153497125,0.04,4.0,0.8650648118874487,0.13341764147960797,0.0015175466329434082,100.0,29.013036251068115
taxi-M,0.0,drivers,50,0,In-data planning (POR-style),-3.5533333333333332,100.0,487,0,-3.73,-5.330313290110927,3.308333333333333,75.75,0.8662218627847419,0.0,0.1337781372152581,100.0,29.013036251068115
taxi-M,0.0,drivers,50,0,Ours,-3.5533333333333332,100.0,487,0,-4.488333333333333,-6.026381079042938,0.04,4.0,0.7959523965212842,0.2024782580265481,0.0015693454521676583,100.0,29.013036251068115
taxi-M,0.0,drivers,50,0,Ours w/o stitching,-3.5533333333333332,100.0,487,0,-4.665,-6.191342745261935,0.04,4.0,0.8360932528086239,0.16234820442885903,0.0015585427625170465,100.0,29.013036251068115
taxi-M,0.0,drivers,50,0,Ours w/o execution rule,-3.5533333333333332,100.0,487,0,-4.488333333333333,-6.026381079042938,0.04,4.0,0.7959523965212842,0.2024782580265481,0.0015693454521676583,100.0,29.013036251068115
taxi-M,0.0,drivers,50,0,Factored Batch RL,-3.5533333333333332,100.0,487,0,-4.488333333333333,-6.026381079042938,0.04,4.0,0.7959523965212842,0.2024782580265481,0.0015693454521676583,100.0,29.013036251068115
taxi-M,0.0,drivers,50,1,Imitation,-3.5533333333333332,100.0,522,0,-13.705833333333333,-13.999469156300485,3.191666666666667,72.83333333333334,0.8889307774845576,0.0,0.11106922251544239,100.0,26.50745940208435
taxi-M,0.0,drivers,50,1,BC,-3.5533333333333332,100.0,522,0,-60.8225,-30.178920204848097,3.191666666666667,72.83333333333334,0.9204221986743959,0.0,0.0795778013256041,92.0,26.50745940208435
taxi-M,0.0,drivers,50,1,RECO,-3.5533333333333332,100.0,522,0,-15.975555555555555,-15.885751461773324,0.02,2.0,0.9122506291257887,0.08709289179036435,0.0006564790838469674,100.0,26.50745940208435
taxi-M,0.0,drivers,50,1,RECO-greedy,-3.5533333333333332,100.0,522,0,-4.918333333333333,-6.421216765250033,0.02,2.0,0.8968555076843933,0.1023728377596296,0.0007716545559771075,100.0,26.50745940208435
taxi-M,0.0,drivers,50,1,In-data planning (POR-style),-3.5533333333333332,100.0,522,0,-3.6783333333333332,-5.278170234375796,3.191666666666667,72.83333333333334,0.8706692780441683,0.0,0.1293307219558317,100.0,26.50745940208435
taxi-M,0.0,drivers,50,1,Ours,-3.5533333333333332,100.0,522,0,-3.9433333333333334,-5.533034942480208,0.02,2.0,0.845149004409996,0.15404917813711078,0.0008018174528932247,100.0,26.50745940208435
taxi-M,0.0,drivers,50,1,Ours w/o stitching,-3.5533333333333332,100.0,522,0,-4.036666666666667,-5.617492486715644,0.02,2.0,0.8623352416455865,0.13686592996937824,0.0007988283850352816,100.0,26.50745940208435
taxi-M,0.0,drivers,50,1,Ours w/o execution rule,-3.5533333333333332,100.0,522,0,-3.9433333333333334,-5.533034942480208,0.02,2.0,0.845149004409996,0.15404917813711078,0.0008018174528932247,100.0,26.50745940208435
taxi-M,0.0,drivers,50,1,Factored Batch RL,-3.5533333333333332,100.0,522,0,-3.9433333333333334,-5.533034942480208,0.02,2.0,0.845149004409996,0.15404917813711078,0.0008018174528932247,100.0,26.50745940208435
taxi-M,0.0,drivers,50,2,Imitation,-3.5533333333333332,100.0,513,0,-16.19638888888889,-15.982921884649473,3.174166666666667,73.75,0.8915329852871381,0.0,0.1084670147128619,100.0,25.830216646194458
taxi-M,0.0,drivers,50,2,BC,-3.5533333333333332,100.0,513,0,-43.9825,-22.80434730583863,3.174166666666667,73.75,0.934998890766054,0.0,0.06500110923394598,86.91666666666666,25.830216646194458
taxi-M,0.0,drivers,50,2,RECO,-3.5533333333333332,100.0,513,0,-18.015833333333333,-17.511609697075553,0.05,5.0,0.899295010845987,0.09907809110629068,0.0016268980477223427,100.0,25.830216646194458
taxi-M,0.0,drivers,50,2,RECO-greedy,-3.5533333333333332,100.0,513,0,-5.543333333333333,-7.006486286958742,0.05,5.0,0.8833982167524802,0.11471807107873917,0.0018837121687806104,100.0,25.830216646194458
taxi-M,0.0,drivers,50,2,In-data planning (POR-style),-3.5533333333333332,100.0,513,0,-4.208333333333333,-5.78188194321572,3.174166666666667,73.75,0.8740826446280991,0.0,0.12591735537190082,100.0,25.830216646194458
taxi-M,0.0,drivers,50,2,Ours,-3.5533333333333332,100.0,513,0,-4.248333333333333,-5.81325592626816,0.05,5.0,0.8102515017492904,0.18776816951613967,0.0019803287345699387,100.0,25.830216646194458
taxi-M,0.0,drivers,50,2,Ours w/o stitching,-3.5533333333333332,100.0,513,0,-4.873333333333333,-6.399354214628209,0.05,5.0,0.854386755990724,0.14368075238340633,0.0019324916258696213,100.0,25.830216646194458
taxi-M,0.0,drivers,50,2,Ours w/o execution rule,-3.5533333333333332,100.0,513,0,-4.248333333333333,-5.81325592626816,0.05,5.0,0.8102515017492904,0.18776816951613967,0.0019803287345699387,100.0,25.830216646194458
taxi-M,0.0,drivers,50,2,Factored Batch RL,-3.5533333333333332,100.0,513,0,-4.248333333333333,-5.81325592626816,0.05,5.0,0.8102515017492904,0.18776816951613967,0.0019803287345699387,100.0,25.830216646194458
taxi-M,0.0,drivers,50,3,Imitation,-3.5533333333333332,100.0,510,0,-14.248055555555556,-14.443636921016386,3.3991666666666664,72.08333333333333,0.8799752829707516,0.0,0.12002471702924848,100.0,23.455438137054443
taxi-M,0.0,drivers,50,3,BC,-3.5533333333333332,100.0,510,0,-82.18416666666667,-38.489946121121655,3.3991666666666664,72.08333333333333,0.9282182138143423,0.0,0.07178178618565773,87.25,23.455438137054443
taxi-M,0.0,drivers,50,3,RECO,-3.5533333333333332,100.0,510,0,-17.05027777777778,-16.876432826304885,0.87,10.166666666666666,0.8999510243307428,0.07110712734598076,0.02894184832327638,100.0,23.455438137054443
taxi-M,0.0,drivers,50,3,RECO-greedy,-3.5533333333333332,100.0,510,0,-5.656666666666666,-7.119927703868316,0.87,10.166666666666666,0.887176441165437,0.08018631986995123,0.03263723896461173,100.0,23.455438137054443
taxi-M,0.0,drivers,50,3,In-data planning (POR-style),-3.5533333333333332,100.0,510,0,-4.195,-5.750583054811036,3.3991666666666664,72.08333333333333,0.8650856651452008,0.0,0.13491433485479923,100.0,23.455438137054443
taxi-M,0.0,drivers,50,3,Ours,-3.5533333333333332,100.0,510,0,-4.371666666666667,-5.939616327969235,0.87,10.166666666666666,0.817907114235039,0.14780266701701372,0.03429021874794719,100.0,23.455438137054443
taxi-M,0.0,drivers,50,3,Ours w/o stitching,-3.5533333333333332,100.0,510,0,-4.84,-6.372834100426678,0.87,10.166666666666666,0.8533604231166151,0.11297084623323013,0.0336687306501548,100.0,23.455438137054443
taxi-M,0.0,drivers,50,3,Ours w/o execution rule,-3.5533333333333332,100.0,510,0,-4.371666666666667,-5.939616327969235,0.87,10.166666666666666,0.817907114235039,0.14780266701701372,0.03429021874794719,100.0,23.455438137054443
taxi-M,0.0,drivers,50,3,Factored Batch RL,-3.5533333333333332,100.0,510,0,-4.411666666666667,-5.9762388923043295,0.02,2.0,0.8166196628845018,0.18259329704204105,0.0007870400734570736,100.0,23.455438137054443
taxi-M,0.0,drivers,50,4,Imitation,-3.5533333333333332,100.0,476,0,-15.242222222222223,-15.356164329471843,3.5683333333333334,76.66666666666667,0.8764629513872193,0.0,0.12353704861278068,100.0,26.4019718170166
taxi-M,0.0,drivers,50,4,BC,-3.5533333333333332,100.0,476,0,-67.53916666666667,-33.15115907977279,3.5683333333333334,76.66666666666667,0.8957516737674984,0.0,0.10424832623250152,95.41666666666667,26.4019718170166
taxi-M,0.0,drivers,50,4,RECO,-3.5533333333333332,100.0,476,0,-17.041666666666668,-16.862165128976294,0.02,2.0,0.8833709760809818,0.11597594492367139,0.0006530789953468122,100.0,26.4019718170166
taxi-M,0.0,drivers,50,4,RECO-greedy,-3.5533333333333332,100.0,476,0,-5.166666666666667,-6.639749627264965,0.02,2.0,0.8635031847133758,0.13573248407643312,0.0007643312101910828,100.0,26.4019718170166
taxi-M,0.0,drivers,50,4,In-data planning (POR-style),-3.5533333333333332,100.0,476,0,-3.61,-5.2160401014692,3.5683333333333334,76.66666666666667,0.855004740620344,0.0,0.14499525937965596,100.0,26.4019718170166
taxi-M,0.0,drivers,50,4,Ours,-3.5533333333333332,100.0,476,0,-4.4383333333333335,-5.9786395048188234,0.02,2.0,0.770326934416563,0.22888685055362643,0.0007862150298106532,100.0,26.4019718170166
taxi-M,0.0,drivers,50,4,Ours w/o stitching,-3.5533333333333332,100.0,476,0,-4.488333333333333,-6.023497620996122,0.02,2.0,0.8236774995095796,0.17553782776433663,0.0007846727260838292,100.0,26.4019718170166
taxi-M,0.0,drivers,50,4,Ours w/o execution rule,-3.5533333333333332,100.0,476,0,-4.4383333333333335,-5.9786395048188234,0.02,2.0,0.770326934416563,0.22888685055362643,0.0007862150298106532,100.0,26.4019718170166
taxi-M,0.0,drivers,50,4,Factored Batch RL,-3.5533333333333332,100.0,476,0,-4.4383333333333335,-5.9786395048188234,0.02,2.0,0.770326934416563,0.22888685055362643,0.0007862150298106532,100.0,26.4019718170166
taxi-M,0.0,drivers,50,5,Imitation,-3.5533333333333332,100.0,540,0,-14.971111111111112,-15.157289010168794,2.8533333333333335,70.25,0.9001846273442814,0.0,0.09981537265571859,100.0,29.26861310005188
taxi-M,0.0,drivers,50,5,BC,-3.5533333333333332,100.0,540,0,-226.1125,-98.47169070585626,2.8533333333333335,70.25,0.9489199188447309,0.0,0.05108008115526912,82.91666666666667,29.26861310005188
taxi-M,0.0,drivers,50,5,RECO,-3.5533333333333332,100.0,540,0,-16.157222222222224,-16.17171883474187,0.01,1.0,0.9173002212019258,0.08236518764986896,0.00033459114820529024,100.0,29.26861310005188
taxi-M,0.0,drivers,50,5,RECO-greedy,-3.5533333333333332,100.0,540,0,-5.025,-6.5232307346251055,0.01,1.0,0.9050272174191483,0.09458853666346462,0.00038424591738712776,100.0,29.26861310005188
taxi-M,0.0,drivers,50,5,In-data planning (POR-style),-3.5533333333333332,100.0,540,0,-3.658333333333333,-5.263356876598323,2.8533333333333335,70.25,0.8842852314971275,0.0,0.11571476850287259,100.0,29.26861310005188
taxi-M,0.0,drivers,50,5,Ours,-3.5533333333333332,100.0,540,0,-4.1883333333333335,-5.757264390291873,0.01,1.0,0.8598888374247337,0.1397141533778866,0.0003970091973797393,100.0,29.26861310005188
taxi-M,0.0,drivers,50,5,Ours w/o stitching,-3.5533333333333332,100.0,540,0,-4.301666666666667,-5.86303579874473,0.01,1.0,0.8675317831499901,0.13207298596930372,0.00039523088070614587,100.0,29.26861310005188
taxi-M,0.0,drivers,50,5,Ours w/o execution rule,-3.5533333333333332,100.0,540,0,-4.1883333333333335,-5.757264390291873,0.01,1.0,0.8598888374247337,0.1397141533778866,0.0003970091973797393,100.0,29.26861310005188
taxi-M,0.0,drivers,50,5,Factored Batch RL,-3.5533333333333332,100.0,540,0,-4.1883333333333335,-5.757264390291873,0.01,1.0,0.8598888374247337,0.1397141533778866,0.0003970091973797393,100.0,29.26861310005188
taxi-M,0.0,drivers,50,6,Imitation,-3.5533333333333332,100.0,497,0,-13.5375,-13.773362418067176,3.069166666666667,73.83333333333333,0.8943215402714413,0.0,0.10567845972855872,100.0,28.44593596458435
taxi-M,0.0,drivers,50,6,BC,-3.5533333333333332,100.0,497,0,-28.45,-16.909217173471493,3.069166666666667,73.83333333333333,0.8966262490176266,0.0,0.10337375098237342,98.33333333333333,28.44593596458435
taxi-M,0.0,drivers,50,6,RECO,-3.5533333333333332,100.0,497,0,-15.975555555555555,-15.846374500554088,0.03,3.0,0.8998461786116725,0.09918796615929457,0.0009658552290328928,100.0,28.44593596458435
taxi-M,0.0,drivers,50,6,RECO-greedy,-3.5533333333333332,100.0,497,0,-6.323333333333333,-7.700655937574811,0.03,3.0,0.8861473709893863,0.1127546663413444,0.001097962669269245,100.0,28.44593596458435
taxi-M,0.0,drivers,50,6,In-data planning (POR-style),-3.5533333333333332,100.0,497,0,-4.475,-6.0201241362896925,3.069166666666667,73.83333333333333,0.8795224075891397,0.0,0.12047759241086033,100.0,28.44593596458435
taxi-M,0.0,drivers,50,6,Ours,-3.5533333333333332,100.0,497,0,-5.248333333333333,-6.7266113524467395,0.03,3.0,0.8167820179058988,0.18207505238427837,0.001142929709822846,100.0,28.44593596458435
taxi-M,0.0,drivers,50,6,Ours w/o stitching,-3.5533333333333332,100.0,497,0,-5.618333333333333,-7.061291131272486,0.03,3.0,0.8559889800262976,0.14288397720869075,0.0011270427650115836,100.0,28.44593596458435
taxi-M,0.0,drivers,50,6,Ours w/o execution rule,-3.5533333333333332,100.0,497,0,-5.248333333333333,-6.7266113524467395,0.03,3.0,0.8167820179058988,0.18207505238427837,0.001142929709822846,100.0,28.44593596458435
taxi-M,0.0,drivers,50,6,Factored Batch RL,-3.5533333333333332,100.0,497,0,-5.248333333333333,-6.7266113524467395,0.03,3.0,0.8167820179058988,0.18207505238427837,0.001142929709822846,100.0,28.44593596458435
taxi-M,0.0,drivers,50,7,Imitation,-3.5533333333333332,100.0,446,0,-13.638333333333334,-14.03277247206956,3.725,77.25,0.8690148274043251,0.0,0.13098517259567485,100.0,21.828341960906982
taxi-M,0.0,drivers,50,7,BC,-3.5533333333333332,100.0,446,0,-167.47166666666666,-74.48913687796603,3.725,77.25,0.9215073400295006,0.0,0.07849265997049941,88.0,21.828341960906982
taxi-M,0.0,drivers,50,7,RECO,-3.5533333333333332,100.0,446,0,-15.603055555555555,-15.693846168778485,0.12,6.0,0.8735770699692239,0.12241833215914569,0.004004597871630391,100.0,21.828341960906982
taxi-M,0.0,drivers,50,7,RECO-greedy,-3.5533333333333332,100.0,446,0,-5.788333333333333,-7.213898906970541,0.12,6.0,0.8585827163566229,0.1369377216449947,0.00447956199838238,100.0,21.828341960906982
taxi-M,0.0,drivers,50,7,In-data planning (POR-style),-3.5533333333333332,100.0,446,0,-4.391666666666667,-5.943384620459821,3.725,77.25,0.853298326222514,0.0,0.14670167377748605,100.0,21.828341960906982
taxi-M,0.0,drivers,50,7,Ours,-3.5533333333333332,100.0,446,0,-5.371666666666667,-6.832013113516749,0.12,6.0,0.7536497503633951,0.2417999115212033,0.00455033811540163,100.0,21.828341960906982
taxi-M,0.0,drivers,50,7,Ours w/o stitching,-3.5533333333333332,100.0,446,0,-5.376666666666667,-6.836847351653511,0.12,6.0,0.8276886136737015,0.16776191077972957,0.0045494755465689376,100.0,21.828341960906982
taxi-M,0.0,drivers,50,7,Ours w/o execution rule,-3.5533333333333332,100.0,446,0,-5.371666666666667,-6.832013113516749,0.12,6.0,0.7536497503633951,0.2417999115212033,0.00455033811540163,100.0,21.828341960906982
taxi-M,0.0,drivers,50,7,Factored Batch RL,-3.5533333333333332,100.0,446,0,-5.371666666666667,-6.832013113516749,0.12,6.0,0.7536497503633951,0.2417999115212033,0.00455033811540163,100.0,21.828341960906982
taxi-M,0.0,drivers,50,8,Imitation,-3.5533333333333332,100.0,539,0,-11.853055555555555,-12.38808960115583,2.89,70.66666666666667,0.8967139878884146,0.0,0.10328601211158543,100.0,26.107465267181396
taxi-M,0.0,drivers,50,8,BC,-3.5533333333333332,100.0,539,0,-60.41,-29.753023115952026,2.89,70.66666666666667,0.9320479661415472,0.0,0.06795203385845286,90.5,26.107465267181396
taxi-M,0.0,drivers,50,8,RECO,-3.5533333333333332,100.0,539,0,-14.089444444444444,-14.32084246672508,0.01,1.0,0.9259961517625301,0.07366759447796604,0.0003362537595038389,100.0,26.107465267181396
taxi-M,0.0,drivers,50,8,RECO-greedy,-3.5533333333333332,100.0,539,0,-5.39,-6.854790927955179,0.01,1.0,0.9166035114310976,0.08301755715548818,0.00037893141341417203,100.0,26.107465267181396
taxi-M,0.0,drivers,50,8,In-data planning (POR-style),-3.5533333333333332,100.0,539,0,-3.841666666666667,-5.429553683701652,2.89,70.66666666666667,0.8836632002683663,0.0,0.11633679973163367,100.0,26.107465267181396
taxi-M,0.0,drivers,50,8,Ours,-3.5533333333333332,100.0,539,0,-4.133333333333334,-5.704190933351342,0.01,1.0,0.8211870026525199,0.1784151193633952,0.0003978779840848806,100.0,26.107465267181396
taxi-M,0.0,drivers,50,8,Ours w/o stitching,-3.5533333333333332,100.0,539,0,-4.388333333333334,-5.9386624946149,0.01,1.0,0.8641436355281297,0.13546248276767545,0.00039388170419484014,100.0,26.107465267181396
taxi-M,0.0,drivers,50,8,Ours w/o execution rule,-3.5533333333333332,100.0,539,0,-4.133333333333334,-5.704190933351342,0.01,1.0,0.8211870026525199,0.1784151193633952,0.0003978779840848806,100.0,26.107465267181396
taxi-M,0.0,drivers,50,8,Factored Batch RL,-3.5533333333333332,100.0,539,0,-4.133333333333334,-5.704190933351342,0.01,1.0,0.8211870026525199,0.1784151193633952,0.0003978779840848806,100.0,26.107465267181396
taxi-M,0.0,drivers,50,9,Imitation,-3.5533333333333332,100.0,509,0,-12.900555555555556,-13.428509226408115,3.23,73.58333333333333,0.8860290514182659,0.0,0.11397094858173407,100.0,25.589683294296265
taxi-M,0.0,drivers,50,9,BC,-3.5533333333333332,100.0,509,0,-117.205,-53.246628431447014,3.23,73.58333333333333,0.9262893655864902,0.0,0.0737106344135098,89.58333333333334,25.589683294296265
taxi-M,0.0,drivers,50,9,RECO,-3.5533333333333332,100.0,509,0,-14.644166666666667,-14.87747751056177,0.03,3.0,0.8915247645767937,0.10747520764465679,0.001000027778549404,100.0,25.589683294296265
taxi-M,0.0,drivers,50,9,RECO-greedy,-3.5533333333333332,100.0,509,0,-5.593333333333334,-7.03675260917687,0.03,3.0,0.8776322386563048,0.12123965906242166,0.001128102281273502,100.0,25.589683294296265
taxi-M,0.0,drivers,50,9,In-data planning (POR-style),-3.5533333333333332,100.0,509,0,-4.151666666666666,-5.728439587838872,3.23,73.58333333333333,0.8715790868729707,0.0,0.12842091312702936,100.0,25.589683294296265
taxi-M,0.0,drivers,50,9,Ours,-3.5533333333333332,100.0,509,0,-4.368333333333333,-5.914596761001129,0.03,3.0,0.8102949871887524,0.18852243610800867,0.001182576703238946,100.0,25.589683294296265
taxi-M,0.0,drivers,50,9,Ours w/o stitching,-3.5533333333333332,100.0,509,0,-4.943333333333333,-6.4533704764982485,0.03,3.0,0.8453681099832969,0.15347552357702685,0.0011563664396762173,100.0,25.589683294296265
taxi-M,0.0,drivers,50,9,Ours w/o execution rule,-3.5533333333333332,100.0,509,0,-4.368333333333333,-5.914596761001129,0.03,3.0,0.8102949871887524,0.18852243610800867,0.001182576703238946,100.0,25.589683294296265
taxi-M,0.0,drivers,50,9,Factored Batch RL,-3.5533333333333332,100.0,509,0,-4.368333333333333,-5.914596761001129,0.03,3.0,0.8102949871887524,0.18852243610800867,0.001182576703238946,100.0,25.589683294296265
taxi-M,0.0,drivers,50,10,Imitation,-3.5533333333333332,100.0,495,0,-14.995833333333334,-15.236027859691527,3.885,75.33333333333333,0.8649087221095335,0.0,0.13509127789046654,100.0,27.320732355117798
taxi-M,0.0,drivers,50,10,BC,-3.5533333333333332,100.0,495,0,-85.86833333333334,-40.64789840658939,3.885,75.33333333333333,0.8846952908587258,0.0,0.11530470914127423,95.58333333333333,27.320732355117798
taxi-M,0.0,drivers,50,10,RECO,-3.5533333333333332,100.0,495,0,-17.202222222222222,-17.108406687305106,0.04,4.0,0.883955646487158,0.11472909283548281,0.001315260677359249,100.0,27.320732355117798
taxi-M,0.0,drivers,50,10,RECO-greedy,-3.5533333333333332,100.0,495,0,-5.545,-7.002223391706084,0.04,4.0,0.8670496640924217,0.1314434607898537,0.0015068751177246186,100.0,27.320732355117798
taxi-M,0.0,drivers,50,10,In-data planning (POR-style),-3.5533333333333332,100.0,495,0,-4.066666666666666,-5.65081202200686,3.885,75.33333333333333,0.8450132978723405,0.0,0.15498670212765958,100.0,27.320732355117798
taxi-M,0.0,drivers,50,10,Ours,-3.5533333333333332,100.0,495,0,-4.383333333333334,-5.938253732366105,0.04,4.0,0.8077478660538411,0.1906762967826658,0.0015758371634931056,100.0,27.320732355117798
taxi-M,0.0,drivers,50,10,Ours w/o stitching,-3.5533333333333332,100.0,495,0,-4.8933333333333335,-6.417350073715864,0.04,4.0,0.8274330587023687,0.1710221421215242,0.001544799176107106,100.0,27.320732355117798
taxi-M,0.0,drivers,50,10,Ours w/o execution rule,-3.5533333333333332,100.0,495,0,-4.383333333333334,-5.938253732366105,0.04,4.0,0.8077478660538411,0.1906762967826658,0.0015758371634931056,100.0,27.320732355117798
taxi-M,0.0,drivers,50,10,Factored Batch RL,-3.5533333333333332,100.0,495,0,-4.383333333333334,-5.938253732366105,0.04,4.0,0.8077478660538411,0.1906762967826658,0.0015758371634931056,100.0,27.320732355117798
taxi-M,0.0,drivers,50,11,Imitation,-3.5533333333333332,100.0,548,0,-16.188055555555554,-16.09926241200815,3.1158333333333332,71.5,0.8990023590426969,0.0,0.10099764095730313,100.0,25.06699013710022
taxi-M,0.0,drivers,50,11,BC,-3.5533333333333332,100.0,548,0,-199.57583333333332,-85.65064465087508,3.1158333333333332,71.5,0.9306873795046715,0.0,0.06931262049532849,89.41666666666667,25.06699013710022
taxi-M,0.0,drivers,50,11,RECO,-3.5533333333333332,100.0,548,0,-17.264722222222222,-17.00217800640032,0.02,2.0,0.9155611283067507,0.08380755302638386,0.0006313186668654152,100.0,25.06699013710022
taxi-M,0.0,drivers,50,11,RECO-greedy,-3.5533333333333332,100.0,548,0,-6.28,-7.677095305152219,0.02,2.0,0.9019428152492669,0.09732404692082111,0.0007331378299120235,100.0,25.06699013710022
taxi-M,0.0,drivers,50,11,In-data planning (POR-style),-3.5533333333333332,100.0,548,0,-5.598333333333334,-7.036192350028204,3.1158333333333332,71.5,0.8828560686759822,0.0,0.11714393132401779,100.0,25.06699013710022
taxi-M,0.0,drivers,50,11,Ours,-3.5533333333333332,100.0,548,0,-4.296666666666667,-5.868730178744004,0.02,2.0,0.8059691658980103,0.19324021610225325,0.0007906179997364607,100.0,25.06699013710022
taxi-M,0.0,drivers,50,11,Ours w/o stitching,-3.5533333333333332,100.0,548,0,-5.726666666666667,-7.174929548162504,0.02,2.0,0.8742205038663008,0.12503117984534798,0.0007483162883512097,100.0,25.06699013710022
taxi-M,0.0,drivers,50,11,Ours w/o execution rule,-3.5533333333333332,100.0,548,0,-4.296666666666667,-5.868730178744004,0.02,2.0,0.8059691658980103,0.19324021610225325,0.0007906179997364607,100.0,25.06699013710022
taxi-M,0.0,drivers,50,11,Factored Batch RL,-3.5533333333333332,100.0,548,0,-4.296666666666667,-5.868730178744004,0.02,2.0,0.8059691658980103,0.19324021610225325,0.0007906179997364607,100.0,25.06699013710022
taxi-M,0.0,drivers,50,12,Imitation,-3.5533333333333332,100.0,520,0,-14.926666666666666,-15.085060745199844,3.1791666666666667,72.66666666666667,0.8875593150402311,0.0,0.11244068495976893,100.0,23.36207890510559
taxi-M,0.0,drivers,50,12,BC,-3.5533333333333332,100.0,520,0,-122.54,-55.783228857424156,3.1791666666666667,72.66666666666667,0.9175313445741461,0.0,0.08246865542585387,92.33333333333333,23.36207890510559
taxi-M,0.0,drivers,50,12,RECO,-3.5533333333333332,100.0,520,0,-18.249444444444446,-17.934331221702458,0.01,1.0,0.9191051168724654,0.0805668200665239,0.0003280630610106165,100.0,23.36207890510559
taxi-M,0.0,drivers,50,12,RECO-greedy,-3.5533333333333332,100.0,520,0,-5.45,-6.90805686245981,0.01,1.0,0.9067737870195337,0.0928481411468179,0.0003780718336483932,100.0,23.36207890510559
taxi-M,0.0,drivers,50,12,In-data planning (POR-style),-3.5533333333333332,100.0,520,0,-3.6666666666666665,-5.269010478587707,3.1791666666666667,72.66666666666667,0.8711148648648649,0.0,0.12888513513513514,100.0,23.36207890510559
taxi-M,0.0,drivers,50,12,Ours,-3.5533333333333332,100.0,520,0,-4.123333333333333,-5.697917930408382,0.01,1.0,0.8312657556056786,0.16833620804033436,0.0003980363539869975,100.0,23.36207890510559
taxi-M,0.0,drivers,50,12,Ours w/o stitching,-3.5533333333333332,100.0,520,0,-4.23,-5.796020060092675,0.01,1.0,0.8552648962874885,0.1443387501651473,0.00039635354736424893,100.0,23.36207890510559
taxi-M,0.0,drivers,50,12,Ours w/o execution rule,-3.5533333333333332,100.0,520,0,-4.123333333333333,-5.697917930408382,0.01,1.0,0.8312657556056786,0.16833620804033436,0.0003980363539869975,100.0,23.36207890510559
taxi-M,0.0,drivers,50,12,Factored Batch RL,-3.5533333333333332,100.0,520,0,-4.123333333333333,-5.697917930408382,0.01,1.0,0.8312657556056786,0.16833620804033436,0.0003980363539869975,100.0,23.36207890510559
taxi-M,0.0,drivers,50,13,Imitation,-3.5533333333333332,100.0,476,0,-15.029444444444444,-15.049055421129792,3.6466666666666665,76.16666666666667,0.8734650602409638,0.0,0.12653493975903615,100.0,23.887796640396118
taxi-M,0.0,drivers,50,13,BC,-3.5533333333333332,100.0,476,0,-79.3975,-37.74261492079858,3.6466666666666665,76.16666666666667,0.9211787168125652,0.0,0.07882128318743471,88.33333333333333,23.887796640396118
taxi-M,0.0,drivers,50,13,RECO,-3.5533333333333332,100.0,476,0,-16.866944444444446,-16.632399512352368,0.02,2.0,0.9003604955441287,0.098980730872692,0.0006587735831793145,100.0,23.887796640396118
taxi-M,0.0,drivers,50,13,RECO-greedy,-3.5533333333333332,100.0,476,0,-5.59,-7.055207191020145,0.02,2.0,0.8862354268522,0.11301241068070703,0.000752162467092892,100.0,23.887796640396118
taxi-M,0.0,drivers,50,13,In-data planning (POR-style),-3.5533333333333332,100.0,476,0,-4.283333333333333,-5.845877451296697,3.6466666666666665,76.16666666666667,0.8557679630850362,0.0,0.14423203691496375,100.0,23.887796640396118
taxi-M,0.0,drivers,50,13,Ours,-3.5533333333333332,100.0,476,0,-4.088333333333333,-5.666552674170271,0.02,2.0,0.8083770676941473,0.1908257490201289,0.0007971832857237759,100.0,23.887796640396118
taxi-M,0.0,drivers,50,13,Ours w/o stitching,-3.5533333333333332,100.0,476,0,-4.816666666666666,-6.343144911274774,0.02,2.0,0.8492898644286636,0.1499354422207876,0.0007746933505487411,100.0,23.887796640396118
taxi-M,0.0,drivers,50,13,Ours w/o execution rule,-3.5533333333333332,100.0,476,0,-4.088333333333333,-5.666552674170271,0.02,2.0,0.8083770676941473,0.1908257490201289,0.0007971832857237759,100.0,23.887796640396118
taxi-M,0.0,drivers,50,13,Factored Batch RL,-3.5533333333333332,100.0,476,0,-4.088333333333333,-5.666552674170271,0.02,2.0,0.8083770676941473,0.1908257490201289,0.0007971832857237759,100.0,23.887796640396118
taxi-M,0.0,drivers,50,14,Imitation,-3.5533333333333332,100.0,451,0,-13.008888888888889,-13.463417267822678,5.0008333333333335,77.66666666666666,0.820526368258399,0.0,0.17947363174160103,100.0,23.54425573348999
taxi-M,0.0,drivers,50,14,BC,-3.5533333333333332,100.0,451,0,-97.80666666666667,-44.64714647497548,5.0008333333333335,77.66666666666666,0.9085547970254785,0.0,0.09144520297452152,82.66666666666667,23.54425573348999
taxi-M,0.0,drivers,50,14,RECO,-3.5533333333333332,100.0,451,0,-14.882222222222222,-15.108685517410976,0.8883333333333333,12.0,0.8432935937812199,0.12627853207866718,0.030427874140112846,100.0,23.54425573348999
taxi-M,0.0,drivers,50,14,RECO-greedy,-3.5533333333333332,100.0,451,0,-4.8,-6.316676625450406,0.8883333333333333,12.0,0.8226744186046512,0.14289405684754522,0.03443152454780362,100.0,23.54425573348999
taxi-M,0.0,drivers,50,14,In-data planning (POR-style),-3.5533333333333332,100.0,451,0,-3.6616666666666666,-5.264471817014385,5.0008333333333335,77.66666666666666,0.7972224099479625,0.0,0.20277759005203758,100.0,23.54425573348999
taxi-M,0.0,drivers,50,14,Ours,-3.5533333333333332,100.0,451,0,-4.08,-5.658493697418627,0.8883333333333333,12.0,0.7754186602870813,0.18916135034556086,0.03541998936735779,100.0,23.54425573348999
taxi-M,0.0,drivers,50,14,Ours w/o stitching,-3.5533333333333332,100.0,451,0,-4.161666666666667,-5.734964551475059,0.8883333333333333,12.0,0.7882360733920647,0.17645889911903026,0.03530502748890508,100.0,23.54425573348999
taxi-M,0.0,drivers,50,14,Ours w/o execution rule,-3.5533333333333332,100.0,451,0,-4.08,-5.658493697418627,0.8883333333333333,12.0,0.7754186602870813,0.18916135034556086,0.03541998936735779,100.0,23.54425573348999
taxi-M,0.0,drivers,50,14,Factored Batch RL,-3.5533333333333332,100.0,451,0,-4.158333333333333,-5.728249212984526,0.04,4.0,0.7730043060616099,0.22540576349784697,0.0015899304405432263,100.0,23.54425573348999
taxi-M,0.0,drivers,50,15,Imitation,-3.5533333333333332,100.0,500,0,-11.923333333333334,-12.491880497186123,3.660833333333333,74.91666666666667,0.8719689904406621,0.0,0.12803100955933783,100.0,24.77271270751953
taxi-M,0.0,drivers,50,15,BC,-3.5533333333333332,100.0,500,0,-56.78333333333333,-27.508357899398902,3.660833333333333,74.91666666666667,0.9416933225382583,0.0,0.05830667746174163,78.33333333333333,24.77271270751953
taxi-M,0.0,drivers,50,15,RECO,-3.5533333333333332,100.0,500,0,-14.065555555555555,-14.355454422903406,0.02,2.0,0.8817819025522041,0.11754988399071926,0.0006682134570765661,100.0,24.77271270751953
taxi-M,0.0,drivers,50,15,RECO-greedy,-3.5533333333333332,100.0,500,0,-5.31,-6.79340152771783,0.02,2.0,0.865513746357532,0.1337260864056759,0.0007601672367920942,100.0,24.77271270751953
taxi-M,0.0,drivers,50,15,In-data planning (POR-style),-3.5533333333333332,100.0,500,0,-4.163333333333333,-5.739029506521622,3.660833333333333,74.91666666666667,0.8545171545900119,0.0,0.14548284540998807,100.0,24.77271270751953
taxi-M,0.0,drivers,50,15,Ours,-3.5533333333333332,100.0,500,0,-4.133333333333334,-5.70252814159479,0.02,2.0,0.7988395225464191,0.20036472148541115,0.0007957559681697613,100.0,24.77271270751953
taxi-M,0.0,drivers,50,15,Ours w/o stitching,-3.5533333333333332,100.0,500,0,-4.701666666666667,-6.233725167544037,0.02,2.0,0.8356461967446988,0.16357564360287918,0.000778159652422022,100.0,24.77271270751953
taxi-M,0.0,drivers,50,15,Ours w/o execution rule,-3.5533333333333332,100.0,500,0,-4.133333333333334,-5.70252814159479,0.02,2.0,0.7988395225464191,0.20036472148541115,0.0007957559681697613,100.0,24.77271270751953
taxi-M,0.0,drivers,50,15,Factored Batch RL,-3.5533333333333332,100.0,500,0,-4.133333333333334,-5.70252814159479,0.02,2.0,0.7988395225464191,0.20036472148541115,0.0007957559681697613,100.0,24.77271270751953
taxi-M,0.0,drivers,50,16,Imitation,-3.5533333333333332,100.0,470,0,-15.497777777777777,-15.56756110136458,4.663333333333333,76.08333333333334,0.8379255082929467,0.0,0.16207449170705335,100.0,17.6266770362854
taxi-M,0.0,drivers,50,16,BC,-3.5533333333333332,100.0,470,0,-366.85083333333336,-151.52955052048526,4.663333333333333,76.08333333333334,0.923099121878822,0.0,0.07690087812117798,79.5,17.6266770362854
taxi-M,0.0,drivers,50,16,RECO,-3.5533333333333332,100.0,470,0,-16.39,-16.357941474316092,0.8883333333333333,12.0,0.853950162029277,0.11626997429880434,0.02977986367191865,100.0,17.6266770362854
taxi-M,0.0,drivers,50,16,RECO-greedy,-3.5533333333333332,100.0,470,0,-5.403333333333333,-6.864100345462765,0.8883333333333333,12.0,0.8349955813659892,0.1313596768084838,0.03364474182552708,100.0,17.6266770362854
taxi-M,0.0,drivers,50,16,In-data planning (POR-style),-3.5533333333333332,100.0,470,0,-4.288333333333333,-5.827846022696578,4.663333333333333,76.08333333333334,0.8155934884334014,0.0,0.18440651156659857,100.0,17.6266770362854
taxi-M,0.0,drivers,50,16,Ours,-3.5533333333333332,100.0,470,0,-4.223333333333334,-5.782623115881009,0.8883333333333333,12.0,0.759481961147086,0.20529932602088014,0.03521871283203383,100.0,17.6266770362854
taxi-M,0.0,drivers,50,16,Ours w/o stitching,-3.5533333333333332,100.0,470,0,-4.54,-6.077185427287118,0.8883333333333333,12.0,0.7940811798486035,0.17113677890890108,0.03478204124249543,100.0,17.6266770362854
taxi-M,0.0,drivers,50,16,Ours w/o execution rule,-3.5533333333333332,100.0,470,0,-4.223333333333334,-5.782623115881009,0.8883333333333333,12.0,0.759481961147086,0.20529932602088014,0.03521871283203383,100.0,17.6266770362854
taxi-M,0.0,drivers,50,16,Factored Batch RL,-3.5533333333333332,100.0,470,0,-4.263333333333334,-5.819320687230627,0.04,4.0,0.7582794563926639,0.24013722126929674,0.0015833223380393193,100.0,17.6266770362854
taxi-M,0.0,drivers,50,17,Imitation,-3.5533333333333332,100.0,559,0,-14.896944444444445,-15.062305347593288,2.8566666666666665,70.83333333333334,0.9015093472264787,0.0,0.0984906527735213,100.0,21.807169198989868
taxi-M,0.0,drivers,50,17,BC,-3.5533333333333332,100.0,559,0,-160.7,-71.39800261673714,2.8566666666666665,70.83333333333334,0.942356521885352,0.0,0.05764347811464797,86.0,21.807169198989868
taxi-M,0.0,drivers,50,17,RECO,-3.5533333333333332,100.0,559,0,-17.248055555555556,-17.04128934349586,0.0,0.0,0.9152507456537121,0.08474925434628786,0.0,100.0,21.807169198989868
taxi-M,0.0,drivers,50,17,RECO-greedy,-3.5533333333333332,100.0,559,0,-5.598333333333334,-7.039817586450733,0.0,0.0,0.9011842847296196,0.09881571527038036,0.0,100.0,21.807169198989868
taxi-M,0.0,drivers,50,17,In-data planning (POR-style),-3.5533333333333332,100.0,559,0,-3.7816666666666667,-5.3756610647065255,2.8566666666666665,70.83333333333334,0.8847266124150918,0.0,0.1152733875849082,100.0,21.807169198989868
taxi-M,0.0,drivers,50,17,Ours,-3.5533333333333332,100.0,559,0,-4.253333333333333,-5.809752147021671,0.0,0.0,0.8223666842661035,0.1776333157338965,0.0,100.0,21.807169198989868
taxi-M,0.0,drivers,50,17,Ours w/o stitching,-3.5533333333333332,100.0,559,0,-4.4816666666666665,-6.019124948249765,0.0,0.0,0.8486166524952581,0.15138334750474197,0.0,100.0,21.807169198989868
taxi-M,0.0,drivers,50,17,Ours w/o execution rule,-3.5533333333333332,100.0,559,0,-4.253333333333333,-5.809752147021671,0.0,0.0,0.8223666842661035,0.1776333157338965,0.0,100.0,21.807169198989868
taxi-M,0.0,drivers,50,17,Factored Batch RL,-3.5533333333333332,100.0,559,0,-4.253333333333333,-5.809752147021671,0.0,0.0,0.8223666842661035,0.1776333157338965,0.0,100.0,21.807169198989868
taxi-M,0.0,drivers,50,18,Imitation,-3.5533333333333332,100.0,516,0,-14.530277777777778,-14.588006262640553,3.2883333333333336,72.41666666666666,0.8850244267246822,0.0,0.11497557327531784,100.0,27.99061870574951
taxi-M,0.0,drivers,50,18,BC,-3.5533333333333332,100.0,516,0,-245.01916666666668,-101.81437619805833,3.2883333333333336,72.41666666666666,0.9494348906942771,0.0,0.050565109305722854,76.66666666666667,27.99061870574951
taxi-M,0.0,drivers,50,18,RECO,-3.5533333333333332,100.0,516,0,-16.863333333333333,-16.59501187763448,0.01,1.0,0.9038738638882731,0.09579361560629572,0.00033252050543116827,100.0,27.99061870574951
taxi-M,0.0,drivers,50,18,RECO-greedy,-3.5533333333333332,100.0,516,0,-5.218333333333334,-6.700299945525405,0.01,1.0,0.889740003814125,0.10987858368825885,0.0003814124976161719,100.0,27.99061870574951
taxi-M,0.0,drivers,50,18,In-data planning (POR-style),-3.5533333333333332,100.0,516,0,-3.9433333333333334,-5.522031084184823,3.2883333333333336,72.41666666666666,0.868167847120139,0.0,0.13183215287986103,100.0,27.99061870574951
taxi-M,0.0,drivers,50,18,Ours,-3.5533333333333332,100.0,516,0,-4.078333333333333,-5.653601430531405,0.01,1.0,0.8347843423938327,0.16481690702465607,0.0003987505815112647,100.0,27.99061870574951
taxi-M,0.0,drivers,50,18,Ours w/o stitching,-3.5533333333333332,100.0,516,0,-4.321666666666666,-5.880945435858619,0.01,1.0,0.8526295004278286,0.1469755808596064,0.00039491871256499704,100.0,27.99061870574951
taxi-M,0.0,drivers,50,18,Ours w/o execution rule,-3.5533333333333332,100.0,516,0,-4.078333333333333,-5.653601430531405,0.01,1.0,0.8347843423938327,0.16481690702465607,0.0003987505815112647,100.0,27.99061870574951
taxi-M,0.0,drivers,50,18,Factored Batch RL,-3.5533333333333332,100.0,516,0,-4.078333333333333,-5.653601430531405,0.01,1.0,0.8347843423938327,0.16481690702465607,0.0003987505815112647,100.0,27.99061870574951
taxi-M,0.0,drivers,50,19,Imitation,-3.5533333333333332,100.0,449,0,-17.94333333333333,-17.54912588917796,3.7466666666666666,77.75,0.8759416130901465,0.0,0.12405838690985348,100.0,24.951035022735596
taxi-M,0.0,drivers,50,19,BC,-3.5533333333333332,100.0,449,0,-110.55583333333334,-50.73754036697721,3.7466666666666666,77.75,0.9250941321515445,0.0,0.07490586784845557,86.58333333333333,24.951035022735596
taxi-M,0.0,drivers,50,19,RECO,-3.5533333333333332,100.0,449,0,-20.06,-19.32146959023779,0.04,4.0,0.8810066252913296,0.11773640244062115,0.001256972268049336,100.0,24.951035022735596
taxi-M,0.0,drivers,50,19,RECO-greedy,-3.5533333333333332,100.0,449,0,-6.656666666666666,-8.005749547385182,0.04,4.0,0.8630830420633964,0.13547065204290706,0.001446305893696517,100.0,24.951035022735596
taxi-M,0.0,drivers,50,19,In-data planning (POR-style),-3.5533333333333332,100.0,449,0,-5.238333333333333,-6.72294125798227,3.7466666666666666,77.75,0.8572063774375913,0.0,0.14279362256240868,100.0,24.951035022735596
taxi-M,0.0,drivers,50,19,Ours,-3.5533333333333332,100.0,449,0,-4.413333333333333,-5.958569632895145,0.04,4.0,0.7339651101783841,0.2644609129066107,0.0015739769150052466,100.0,24.951035022735596
taxi-M,0.0,drivers,50,19,Ours w/o stitching,-3.5533333333333332,100.0,449,0,-6.06,-7.4712704116739195,0.04,4.0,0.8328713968957872,0.16565040650406504,0.0014781966001478197,100.0,24.951035022735596
taxi-M,0.0,drivers,50,19,Ours w/o execution rule,-3.5533333333333332,100.0,449,0,-4.413333333333333,-5.958569632895145,0.04,4.0,0.7339651101783841,0.2644609129066107,0.0015739769150052466,100.0,24.951035022735596
taxi-M,0.0,drivers,50,19,Factored Batch RL,-3.5533333333333332,100.0,449,0,-4.413333333333333,-5.958569632895145,0.04,4.0,0.7339651101783841,0.2644609129066107,0.0015739769150052466,100.0,24.951035022735596
taxi-M,0.0,drivers,50,20,Imitation,-3.5533333333333332,100.0,515,0,-15.280833333333334,-15.287347345949849,3.0633333333333335,73.91666666666666,0.894788059188872,0.0,0.10521194081112796,100.0,24.65664553642273
taxi-M,0.0,drivers,50,20,BC,-3.5533333333333332,100.0,515,0,-139.71,-63.11939874637194,3.0633333333333335,73.91666666666666,0.929322643286997,0.0,0.07067735671300301,90.5,24.65664553642273
taxi-M,0.0,drivers,50,20,RECO,-3.5533333333333332,100.0,515,0,-16.738055555555555,-16.57089492420423,0.02,2.0,0.9151435430905227,0.08419416261164718,0.0006622942978300663,100.0,24.65664553642273
taxi-M,0.0,drivers,50,20,RECO-greedy,-3.5533333333333332,100.0,515,0,-5.278333333333333,-6.745259353627221,0.02,2.0,0.9024862053656371,0.09675271135916788,0.0007610832751950275,100.0,24.65664553642273
taxi-M,0.0,drivers,50,20,In-data planning (POR-style),-3.5533333333333332,100.0,515,0,-4.41,-5.914000551555999,3.0633333333333335,73.91666666666666,0.8794437885346976,0.0,0.12055621146530238,100.0,24.65664553642273
taxi-M,0.0,drivers,50,20,Ours,-3.5533333333333332,100.0,515,0,-4.008333333333334,-5.594112361169627,0.02,2.0,0.8255914695101633,0.17360879706764412,0.0007997334221926024,100.0,24.65664553642273
taxi-M,0.0,drivers,50,20,Ours w/o stitching,-3.5533333333333332,100.0,515,0,-4.526666666666666,-6.055983087019223,0.02,2.0,0.8693523113084356,0.12986419430660748,0.0007834943849569079,100.0,24.65664553642273
taxi-M,0.0,drivers,50,20,Ours w/o execution rule,-3.5533333333333332,100.0,515,0,-4.008333333333334,-5.594112361169627,0.02,2.0,0.8255914695101633,0.17360879706764412,0.0007997334221926024,100.0,24.65664553642273
taxi-M,0.0,drivers,50,20,Factored Batch RL,-3.5533333333333332,100.0,515,0,-4.008333333333334,-5.594112361169627,0.02,2.0,0.8255914695101633,0.17360879706764412,0.0007997334221926024,100.0,24.65664553642273
taxi-M,0.0,drivers,50,21,Imitation,-3.5533333333333332,100.0,520,0,-15.076944444444445,-15.052273733808791,3.506666666666667,74.0,0.8791406579098533,0.0,0.12085934209014668,100.0,23.11249017715454
taxi-M,0.0,drivers,50,21,BC,-3.5533333333333332,100.0,520,0,-190.605,-81.61049412172672,3.506666666666667,74.0,0.9338208697019738,0.0,0.06617913029802626,84.0,23.11249017715454
taxi-M,0.0,drivers,50,21,RECO,-3.5533333333333332,100.0,520,0,-17.153055555555557,-16.909094086309562,0.02,2.0,0.897257663478466,0.10208896713188988,0.0006533693896440952,100.0,23.11249017715454
taxi-M,0.0,drivers,50,21,RECO-greedy,-3.5533333333333332,100.0,520,0,-5.176666666666667,-6.655597467613277,0.02,2.0,0.8798548325480708,0.1193811282312492,0.0007640392206799949,100.0,23.11249017715454
taxi-M,0.0,drivers,50,21,In-data planning (POR-style),-3.5533333333333332,100.0,520,0,-3.763333333333333,-5.358166556038165,3.506666666666667,74.0,0.8583927850316327,0.0,0.1416072149683672,100.0,23.11249017715454
taxi-M,0.0,drivers,50,21,Ours,-3.5533333333333332,100.0,520,0,-4.118333333333333,-5.687283257468711,0.02,2.0,0.81169132771548,0.18751244111206955,0.0007962311724504014,100.0,23.11249017715454
taxi-M,0.0,drivers,50,21,Ours w/o stitching,-3.5533333333333332,100.0,520,0,-4.266666666666667,-5.824734969607534,0.02,2.0,0.8371701846965699,0.16203825857519788,0.0007915567282321899,100.0,23.11249017715454
taxi-M,0.0,drivers,50,21,Ours w/o execution rule,-3.5533333333333332,100.0,520,0,-4.118333333333333,-5.687283257468711,0.02,2.0,0.81169132771548,0.18751244111206955,0.0007962311724504014,100.0,23.11249017715454
taxi-M,0.0,drivers,50,21,Factored Batch RL,-3.5533333333333332,100.0,520,0,-4.118333333333333,-5.687283257468711,0.02,2.0,0.81169132771548,0.18751244111206955,0.0007962311724504014,100.0,23.11249017715454
taxi-M,0.0,drivers,50,22,Imitation,-3.5533333333333332,100.0,568,0,-17.22111111111111,-16.97738347442703,2.915,69.83333333333334,0.9022012637229502,0.0,0.09779873627704982,100.0,19.968374013900757
taxi-M,0.0,drivers,50,22,BC,-3.5533333333333332,100.0,568,0,-300.7733333333333,-127.93221473136951,2.915,69.83333333333334,0.965482874650931,0.0,0.034517125349068985,66.25,19.968374013900757
taxi-M,0.0,drivers,50,22,RECO,-3.5533333333333332,100.0,568,0,-19.126944444444444,-18.605452289253357,0.02,2.0,0.9312412320284507,0.06811541107824828,0.0006433568933010464,100.0,19.968374013900757
taxi-M,0.0,drivers,50,22,RECO-greedy,-3.5533333333333332,100.0,568,0,-5.17,-6.647707600980645,0.02,2.0,0.9183225066870463,0.08091325945739396,0.0007642338555598013,100.0,19.968374013900757
taxi-M,0.0,drivers,50,22,In-data planning (POR-style),-3.5533333333333332,100.0,568,0,-4.003333333333333,-5.552372717114256,2.915,69.83333333333334,0.8834155445940541,0.0,0.11658445540594588,100.0,19.968374013900757
taxi-M,0.0,drivers,50,22,Ours,-3.5533333333333332,100.0,568,0,-4.083333333333333,-5.6577810101849675,0.02,2.0,0.833687707641196,0.16551495016611295,0.0007973421926910299,100.0,19.968374013900757
taxi-M,0.0,drivers,50,22,Ours w/o stitching,-3.5533333333333332,100.0,568,0,-4.335,-5.881395451653091,0.02,2.0,0.8726399578975067,0.12657062035392408,0.0007894217485691731,100.0,19.968374013900757
taxi-M,0.0,drivers,50,22,Ours w/o execution rule,-3.5533333333333332,100.0,568,0,-4.083333333333333,-5.6577810101849675,0.02,2.0,0.833687707641196,0.16551495016611295,0.0007973421926910299,100.0,19.968374013900757
taxi-M,0.0,drivers,50,22,Factored Batch RL,-3.5533333333333332,100.0,568,0,-4.083333333333333,-5.6577810101849675,0.02,2.0,0.833687707641196,0.16551495016611295,0.0007973421926910299,100.0,19.968374013900757
taxi-M,0.0,drivers,50,23,Imitation,-3.5533333333333332,100.0,478,0,-13.762777777777778,-14.189647275723662,3.4058333333333333,76.41666666666667,0.8808014621531761,0.0,0.1191985378468239,100.0,23.09894609451294
taxi-M,0.0,drivers,50,23,BC,-3.5533333333333332,100.0,478,0,-96.83916666666667,-44.58159463853898,3.4058333333333333,76.41666666666667,0.9280850240185814,0.0,0.07191497598141859,87.16666666666667,23.09894609451294
taxi-M,0.0,drivers,50,23,RECO,-3.5533333333333332,100.0,478,0,-15.065833333333334,-15.289977003324497,0.04,4.0,0.8905350022153301,0.10813579973416039,0.001329198050509526,100.0,23.09894609451294
taxi-M,0.0,drivers,50,23,RECO-greedy,-3.5533333333333332,100.0,478,0,-5.028333333333333,-6.5236426258139275,0.04,4.0,0.8734392008708459,0.1250240122942947,0.0015367868348594481,100.0,23.09894609451294
taxi-M,0.0,drivers,50,23,In-data planning (POR-style),-3.5533333333333332,100.0,478,0,-3.6883333333333335,-5.290817134798798,3.4058333333333333,76.41666666666667,0.8620468507392156,0.0,0.13795314926078445,100.0,23.09894609451294
taxi-M,0.0,drivers,50,23,Ours,-3.5533333333333332,100.0,478,0,-4.258333333333334,-5.818428590425872,0.04,4.0,0.7972946222368855,0.20112174199934016,0.0015836357637743319,100.0,23.09894609451294
taxi-M,0.0,drivers,50,23,Ours w/o stitching,-3.5533333333333332,100.0,478,0,-4.3566666666666665,-5.9104193267363385,0.04,4.0,0.8377481267253846,0.16067437886157487,0.0015774944130406204,100.0,23.09894609451294
taxi-M,0.0,drivers,50,23,Ours w/o execution rule,-3.5533333333333332,100.0,478,0,-4.258333333333334,-5.818428590425872,0.04,4.0,0.7972946222368855,0.20112174199934016,0.0015836357637743319,100.0,23.09894609451294
taxi-M,0.0,drivers,50,23,Factored Batch RL,-3.5533333333333332,100.0,478,0,-4.258333333333334,-5.818428590425872,0.04,4.0,0.7972946222368855,0.20112174199934016,0.0015836357637743319,100.0,23.09894609451294
taxi-M,0.0,drivers,50,24,Imitation,-3.5533333333333332,100.0,531,0,-13.628055555555555,-13.887532075706165,2.9116666666666666,70.16666666666667,0.8963009863376896,0.0,0.10369901366231042,100.0,20.36133575439453
taxi-M,0.0,drivers,50,24,BC,-3.5533333333333332,100.0,531,0,-138.51,-61.99396145600649,2.9116666666666666,70.16666666666667,0.9256516650707522,0.0,0.07434833492924779,91.91666666666667,20.36133575439453
taxi-M,0.0,drivers,50,24,RECO,-3.5533333333333332,100.0,531,0,-16.176944444444445,-16.12979327475422,0.01,1.0,0.9353048688574013,0.06435596924932167,0.00033916189327705756,100.0,20.36133575439453
taxi-M,0.0,drivers,50,24,RECO-greedy,-3.5533333333333332,100.0,531,0,-4.9816666666666665,-6.482824924433597,0.01,1.0,0.9265828468792097,0.07303226634165116,0.0003848867791391366,100.0,20.36133575439453
taxi-M,0.0,drivers,50,24,In-data planning (POR-style),-3.5533333333333332,100.0,531,0,-3.675,-5.2781777118973,2.9116666666666666,70.16666666666667,0.8819993245525161,0.0,0.11800067544748395,100.0,20.36133575439453
taxi-M,0.0,drivers,50,24,Ours,-3.5533333333333332,100.0,531,0,-3.9583333333333335,-5.546268743996401,0.01,1.0,0.8675459098497496,0.1320534223706177,0.0004006677796327212,100.0,20.36133575439453
taxi-M,0.0,drivers,50,24,Ours w/o stitching,-3.5533333333333332,100.0,531,0,-4.078333333333333,-5.658281377502884,0.01,1.0,0.8793114906625905,0.12028975875589819,0.0003987505815112647,100.0,20.36133575439453
taxi-M,0.0,drivers,50,24,Ours w/o execution rule,-3.5533333333333332,100.0,531,0,-3.9583333333333335,-5.546268743996401,0.01,1.0,0.8675459098497496,0.1320534223706177,0.0004006677796327212,100.0,20.36133575439453
taxi-M,0.0,drivers,50,24,Factored Batch RL,-3.5533333333333332,100.0,531,0,-3.9583333333333335,-5.546268743996401,0.01,1.0,0.8675459098497496,0.1320534223706177,0.0004006677796327212,100.0,20.36133575439453
taxi-M,0.0,drivers,50,25,Imitation,-3.5533333333333332,100.0,511,0,-13.055833333333334,-13.501118693368573,3.651666666666667,72.91666666666666,0.8724457122896897,0.0,0.1275542877103103,100.0,25.38121461868286
taxi-M,0.0,drivers,50,25,BC,-3.5533333333333332,100.0,511,0,-143.15833333333333,-64.13241649098391,3.651666666666667,72.91666666666666,0.9242798638350814,0.0,0.07572013616491853,86.83333333333333,25.38121461868286
taxi-M,0.0,drivers,50,25,RECO,-3.5533333333333332,100.0,511,0,-14.540555555555555,-14.783500642784777,0.87,10.166666666666666,0.8787648156226506,0.09216547089780121,0.029069713479548176,100.0,25.38121461868286
taxi-M,0.0,drivers,50,25,RECO-greedy,-3.5533333333333332,100.0,511,0,-5.36,-6.827912099138316,0.87,10.166666666666666,0.8623545776428932,0.10464087000505817,0.033004552352048556,100.0,25.38121461868286
taxi-M,0.0,drivers,50,25,In-data planning (POR-style),-3.5533333333333332,100.0,511,0,-3.9433333333333334,-5.51720862794694,3.651666666666667,72.91666666666666,0.853601496725912,0.0,0.14639850327408793,100.0,25.38121461868286
taxi-M,0.0,drivers,50,25,Ours,-3.5533333333333332,100.0,511,0,-4.27,-5.833659936801054,0.87,10.166666666666666,0.7933320142461416,0.1722398100514444,0.03442817570241393,100.0,25.38121461868286
taxi-M,0.0,drivers,50,25,Ours w/o stitching,-3.5533333333333332,100.0,511,0,-4.448333333333333,-5.994286280139146,0.87,10.166666666666666,0.8283450127709738,0.13746807256532845,0.034186914663697686,100.0,25.38121461868286
taxi-M,0.0,drivers,50,25,Ours w/o execution rule,-3.5533333333333332,100.0,511,0,-4.27,-5.833659936801054,0.87,10.166666666666666,0.7933320142461416,0.1722398100514444,0.03442817570241393,100.0,25.38121461868286
taxi-M,0.0,drivers,50,25,Factored Batch RL,-3.5533333333333332,100.0,511,0,-4.323333333333333,-5.881721254959705,0.02,2.0,0.7916611820455443,0.20754903251283402,0.0007897854416216928,100.0,25.38121461868286
taxi-M,0.0,drivers,50,26,Imitation,-3.5533333333333332,100.0,513,0,-14.796111111111111,-14.941426485995322,3.7666666666666666,73.83333333333333,0.8717014693777143,0.0,0.12829853062228572,100.0,21.458322286605835
taxi-M,0.0,drivers,50,26,BC,-3.5533333333333332,100.0,513,0,-169.35083333333333,-75.36549409915433,3.7666666666666666,73.83333333333333,0.910484413989781,0.0,0.08951558601021904,90.83333333333333,21.458322286605835
taxi-M,0.0,drivers,50,26,RECO,-3.5533333333333332,100.0,513,0,-17.103055555555557,-16.90664289860541,0.8883333333333333,12.0,0.8924767721569925,0.0789254831123074,0.0285977447307001,100.0,21.458322286605835
taxi-M,0.0,drivers,50,26,RECO-greedy,-3.5533333333333332,100.0,513,0,-6.073333333333333,-7.496559149376244,0.8883333333333333,12.0,0.8766313715833538,0.09055651317409505,0.03281211524255109,100.0,21.458322286605835
taxi-M,0.0,drivers,50,26,In-data planning (POR-style),-3.5533333333333332,100.0,513,0,-4.756666666666667,-6.299976497089873,3.7666666666666666,73.83333333333333,0.8537595444545102,0.0,0.14624045554548984,100.0,21.458322286605835
taxi-M,0.0,drivers,50,26,Ours,-3.5533333333333332,100.0,513,0,-4.155,-5.725419028188317,0.8883333333333333,12.0,0.7800304777048963,0.18465513814351023,0.03531438415159346,100.0,21.458322286605835
taxi-M,0.0,drivers,50,26,Ours w/o stitching,-3.5533333333333332,100.0,513,0,-5.3133333333333335,-6.812954369060102,0.8883333333333333,12.0,0.8364263997973144,0.12981378261971116,0.03375981758297441,100.0,21.458322286605835
taxi-M,0.0,drivers,50,26,Ours w/o execution rule,-3.5533333333333332,100.0,513,0,-4.155,-5.725419028188317,0.8883333333333333,12.0,0.7800304777048963,0.18465513814351023,0.03531438415159346,100.0,21.458322286605835
taxi-M,0.0,drivers,50,26,Factored Batch RL,-3.5533333333333332,100.0,513,0,-4.223333333333334,-5.790455176841048,0.04,4.0,0.777917272366856,0.2204968944099379,0.0015858332232060262,100.0,21.458322286605835
taxi-M,0.0,drivers,50,27,Imitation,-3.5533333333333332,100.0,468,0,-13.339444444444444,-13.779665057795615,3.783333333333333,76.08333333333334,0.8669454104958775,0.0,0.13305458950412255,100.0,23.913137674331665
taxi-M,0.0,drivers,50,27,BC,-3.5533333333333332,100.0,468,0,-181.88583333333332,-80.1484092143392,3.783333333333333,76.08333333333334,0.933832745503833,0.0,0.06616725449616696,81.83333333333334,23.913137674331665
taxi-M,0.0,drivers,50,27,RECO,-3.5533333333333332,100.0,468,0,-15.25361111111111,-15.382366308968614,0.02,2.0,0.8779831561100566,0.12135340839983046,0.0006634354901129683,100.0,23.913137674331665
taxi-M,0.0,drivers,50,27,RECO-greedy,-3.5533333333333332,100.0,468,0,-4.9783333333333335,-6.467828741914201,0.02,2.0,0.8584076473984731,0.14082248027202154,0.000769872329505357,100.0,23.913137674331665
taxi-M,0.0,drivers,50,27,In-data planning (POR-style),-3.5533333333333332,100.0,468,0,-3.5566666666666666,-5.16848059301098,3.783333333333333,76.08333333333334,0.84593457309624,0.0,0.15406542690376002,100.0,23.913137674331665
taxi-M,0.0,drivers,50,27,Ours,-3.5533333333333332,100.0,468,0,-4.263333333333334,-5.820013098386118,0.02,2.0,0.7771143950389233,0.222093943792057,0.0007916611690196596,100.0,23.913137674331665
taxi-M,0.0,drivers,50,27,Ours w/o stitching,-3.5533333333333332,100.0,468,0,-4.263333333333334,-5.820013098386118,0.02,2.0,0.8215463781501517,0.1776619606808286,0.0007916611690196596,100.0,23.913137674331665
taxi-M,0.0,drivers,50,27,Ours w/o execution rule,-3.5533333333333332,100.0,468,0,-4.263333333333334,-5.820013098386118,0.02,2.0,0.7771143950389233,0.222093943792057,0.0007916611690196596,100.0,23.913137674331665
taxi-M,0.0,drivers,50,27,Factored Batch RL,-3.5533333333333332,100.0,468,0,-4.263333333333334,-5.820013098386118,0.02,2.0,0.7771143950389233,0.222093943792057,0.0007916611690196596,100.0,23.913137674331665
taxi-M,0.0,drivers,50,28,Imitation,-3.5533333333333332,100.0,451,0,-14.680555555555555,-14.86998811472704,3.8508333333333336,78.25,0.8689994708194738,0.0,0.13100052918052615,100.0,18.706507205963135
taxi-M,0.0,drivers,50,28,BC,-3.5533333333333332,100.0,451,0,-94.84833333333333,-44.074012441067744,3.8508333333333336,78.25,0.8952177955148409,0.0,0.10478220448515907,93.66666666666667,18.706507205963135
taxi-M,0.0,drivers,50,28,RECO,-3.5533333333333332,100.0,451,0,-17.64138888888889,-17.3956500953131,0.03,3.0,0.8938301032614979,0.10520932466446684,0.0009605720740352032,100.0,18.706507205963135
taxi-M,0.0,drivers,50,28,RECO-greedy,-3.5533333333333332,100.0,451,0,-5.666666666666667,-7.115462996751148,0.03,3.0,0.87565625,0.12321875,0.001125,100.0,18.706507205963135
taxi-M,0.0,drivers,50,28,In-data planning (POR-style),-3.5533333333333332,100.0,451,0,-4.095,-5.67737619340104,3.8508333333333336,78.25,0.8465497775121206,0.0,0.1534502224878794,100.0,18.706507205963135
taxi-M,0.0,drivers,50,28,Ours,-3.5533333333333332,100.0,451,0,-4.163333333333333,-5.730849641766684,0.03,3.0,0.7725526559809246,0.22625513313021592,0.0011922108888594515,100.0,18.706507205963135
taxi-M,0.0,drivers,50,28,Ours w/o stitching,-3.5533333333333332,100.0,451,0,-4.6866666666666665,-6.223059797822635,0.03,3.0,0.8316247080197249,0.1672073708798339,0.0011679211004412147,100.0,18.706507205963135
taxi-M,0.0,drivers,50,28,Ours w/o execution rule,-3.5533333333333332,100.0,451,0,-4.163333333333333,-5.730849641766684,0.03,3.0,0.7725526559809246,0.22625513313021592,0.0011922108888594515,100.0,18.706507205963135
taxi-M,0.0,drivers,50,28,Factored Batch RL,-3.5533333333333332,100.0,451,0,-4.163333333333333,-5.730849641766684,0.03,3.0,0.7725526559809246,0.22625513313021592,0.0011922108888594515,100.0,18.706507205963135
taxi-M,0.0,drivers,50,29,Imitation,-3.5533333333333332,100.0,457,0,-14.301388888888889,-14.514077397796044,3.7525,77.83333333333333,0.8694050772413526,0.0,0.13059492275864737,100.0,18.59941029548645
taxi-M,0.0,drivers,50,29,BC,-3.5533333333333332,100.0,457,0,-77.07916666666667,-36.871849068115914,3.7525,77.83333333333333,0.8891159812853977,0.0,0.11088401871460231,95.5,18.59941029548645
taxi-M,0.0,drivers,50,29,RECO,-3.5533333333333332,100.0,457,0,-16.419722222222223,-16.35425137434377,0.04,3.0,0.8747355558797782,0.12395134228187919,0.0013131018383425736,100.0,18.59941029548645
taxi-M,0.0,drivers,50,29,RECO-greedy,-3.5533333333333332,100.0,457,0,-6.141666666666667,-7.5198100515362665,0.04,3.0,0.8594105004605466,0.13911575069081977,0.001473748848633712,100.0,18.59941029548645
taxi-M,0.0,drivers,50,29,In-data planning (POR-style),-3.5533333333333332,100.0,457,0,-4.623333333333333,-6.146338315244543,3.7525,77.83333333333333,0.8535514505008456,0.0,0.14644854949915442,100.0,18.59941029548645
taxi-M,0.0,drivers,50,29,Ours,-3.5533333333333332,100.0,457,0,-4.3133333333333335,-5.864149759000918,0.04,3.0,0.7567487490123782,0.2416710560969186,0.0015801948907031868,100.0,18.59941029548645
taxi-M,0.0,drivers,50,29,Ours w/o stitching,-3.5533333333333332,100.0,457,0,-5.318333333333333,-6.785272109918034,0.04,3.0,0.823222088531442,0.17525805838768918,0.0015198530808688494,100.0,18.59941029548645
taxi-M,0.0,drivers,50,29,Ours w/o execution rule,-3.5533333333333332,100.0,457,0,-4.3133333333333335,-5.864149759000918,0.04,3.0,0.7567487490123782,0.2416710560969186,0.0015801948907031868,100.0,18.59941029548645
taxi-M,0.0,drivers,50,29,Factored Batch RL,-3.5533333333333332,100.0,457,0,-4.3133333333333335,-5.864149759000918,0.04,3.0,0.7567487490123782,0.2416710560969186,0.0015801948907031868,100.0,18.59941029548645
taxi-M,0.0,drivers,150,0,Imitation,-3.5533333333333332,100.0,712,0,-13.241666666666667,-13.665117384981867,1.9558333333333333,59.833333333333336,0.9303953260772858,0.0,0.0696046739227142,100.0,26.468941688537598
taxi-M,0.0,drivers,150,0,BC,-3.5533333333333332,100.0,712,0,-20.886666666666667,-12.700035369960949,1.9558333333333333,59.833333333333336,0.9334675133235061,0.0,0.06653248667649393,97.41666666666666,26.468941688537598
taxi-M,0.0,drivers,150,0,RECO,-3.5533333333333332,100.0,712,0,-14.786666666666667,-15.017383583151972,0.01,1.0,0.9464639788499669,0.05319118365470272,0.0003448374953303256,100.0,26.468941688537598
taxi-M,0.0,drivers,150,0,RECO-greedy,-3.5533333333333332,100.0,712,0,-4.558333333333334,-6.093954172552351,0.01,1.0,0.9392566025432019,0.060352135637430714,0.00039126181936746006,100.0,26.468941688537598
taxi-M,0.0,drivers,150,0,In-data planning (POR-style),-3.5533333333333332,100.0,712,0,-3.756666666666667,-5.354919714556822,1.9558333333333333,59.833333333333336,0.9209977110542614,0.0,0.07900228894573852,100.0,26.468941688537598
taxi-M,0.0,drivers,150,0,Ours,-3.5533333333333332,100.0,712,0,-3.7783333333333333,-5.3760634976654575,0.01,1.0,0.8951368803390058,0.1044595412658909,0.0004035783951032488,100.0,26.468941688537598
taxi-M,0.0,drivers,150,0,Ours w/o stitching,-3.5533333333333332,100.0,712,0,-3.975,-5.559601945051128,0.01,1.0,0.9165832499165832,0.08301634968301635,0.0004004004004004004,100.0,26.468941688537598
taxi-M,0.0,drivers,150,0,Ours w/o execution rule,-3.5533333333333332,100.0,712,0,-3.7783333333333333,-5.3760634976654575,0.01,1.0,0.8951368803390058,0.1044595412658909,0.0004035783951032488,100.0,26.468941688537598
taxi-M,0.0,drivers,150,0,Factored Batch RL,-3.5533333333333332,100.0,712,0,-3.7783333333333333,-5.3760634976654575,0.01,1.0,0.8951368803390058,0.1044595412658909,0.0004035783951032488,100.0,26.468941688537598
taxi-M,0.0,drivers,150,1,Imitation,-3.5533333333333332,100.0,812,0,-14.944166666666666,-15.077693278799046,1.485,51.83333333333333,0.9488665710186514,0.0,0.051133428981348636,100.0,18.448758363723755
taxi-M,0.0,drivers,150,1,BC,-3.5533333333333332,100.0,812,0,-65.43416666666667,-31.380669648285004,1.485,51.83333333333333,0.9616518539241214,0.0,0.038348146075878546,91.91666666666667,18.448758363723755
taxi-M,0.0,drivers,150,1,RECO,-3.5533333333333332,100.0,812,0,-15.79861111111111,-15.785304149884242,0.0,0.0,0.9650407951064607,0.03495920489353929,0.0,100.0,18.448758363723755
taxi-M,0.0,drivers,150,1,RECO-greedy,-3.5533333333333332,100.0,812,0,-4.248333333333333,-5.806478986305625,0.0,0.0,0.9589411842365833,0.041058815763416724,0.0,100.0,18.448758363723755
taxi-M,0.0,drivers,150,1,In-data planning (POR-style),-3.5533333333333332,100.0,812,0,-3.7266666666666666,-5.320287405105355,1.485,51.83333333333333,0.9399433809652198,0.0,0.06005661903478027,100.0,18.448758363723755
taxi-M,0.0,drivers,150,1,Ours,-3.5533333333333332,100.0,812,0,-3.658333333333333,-5.263218809535968,0.0,0.0,0.9195336262250761,0.08046637377492397,0.0,100.0,18.448758363723755
taxi-M,0.0,drivers,150,1,Ours w/o stitching,-3.5533333333333332,100.0,812,0,-3.8,-5.390606232246391,0.0,0.0,0.9373991935483871,0.06260080645161291,0.0,100.0,18.448758363723755
taxi-M,0.0,drivers,150,1,Ours w/o execution rule,-3.5533333333333332,100.0,812,0,-3.658333333333333,-5.263218809535968,0.0,0.0,0.9195336262250761,0.08046637377492397,0.0,100.0,18.448758363723755
taxi-M,0.0,drivers,150,1,Factored Batch RL,-3.5533333333333332,100.0,812,0,-3.658333333333333,-5.263218809535968,0.0,0.0,0.9195336262250761,0.08046637377492397,0.0,100.0,18.448758363723755
taxi-M,0.0,drivers,150,2,Imitation,-3.5533333333333332,100.0,716,0,-15.9675,-15.975293646722816,2.1666666666666665,59.416666666666664,0.9276390860259943,0.0,0.07236091397400574,100.0,24.364402294158936
taxi-M,0.0,drivers,150,2,BC,-3.5533333333333332,100.0,716,0,-17.315,-12.106317096974864,2.1666666666666665,59.416666666666664,0.925512104283054,0.0,0.074487895716946,98.66666666666667,24.364402294158936
taxi-M,0.0,drivers,150,2,RECO,-3.5533333333333332,100.0,716,0,-17.271944444444443,-17.095630049476082,0.02,2.0,0.9360745115856429,0.06327124034529759,0.0006542480690595184,100.0,24.364402294158936
taxi-M,0.0,drivers,150,2,RECO-greedy,-3.5533333333333332,100.0,716,0,-4.256666666666667,-5.820795828846427,0.02,2.0,0.9226276890589943,0.07658044080770754,0.0007918701332981391,100.0,24.364402294158936
taxi-M,0.0,drivers,150,2,In-data planning (POR-style),-3.5533333333333332,100.0,716,0,-3.703333333333333,-5.305889510721411,2.1666666666666665,59.416666666666664,0.9122925381190122,0.0,0.08770746188098773,100.0,24.364402294158936
taxi-M,0.0,drivers,150,2,Ours,-3.5533333333333332,100.0,716,0,-3.7933333333333334,-5.39225808997975,0.02,2.0,0.8971497714439366,0.10204356009680021,0.0008066684592632429,100.0,24.364402294158936
taxi-M,0.0,drivers,150,2,Ours w/o stitching,-3.5533333333333332,100.0,716,0,-3.905,-5.4975684471687085,0.02,2.0,0.906712172923777,0.09248477548015793,0.0008030515960650472,100.0,24.364402294158936
taxi-M,0.0,drivers,150,2,Ours w/o execution rule,-3.5533333333333332,100.0,716,0,-3.7933333333333334,-5.39225808997975,0.02,2.0,0.8971497714439366,0.10204356009680021,0.0008066684592632429,100.0,24.364402294158936
taxi-M,0.0,drivers,150,2,Factored Batch RL,-3.5533333333333332,100.0,716,0,-3.7933333333333334,-5.39225808997975,0.02,2.0,0.8971497714439366,0.10204356009680021,0.0008066684592632429,100.0,24.364402294158936
taxi-M,0.0,drivers,150,3,Imitation,-3.5533333333333332,100.0,824,0,-18.467222222222222,-18.14695250368013,1.2533333333333334,50.16666666666667,0.9588020452885317,0.0,0.041197954711468227,100.0,25.750699281692505
taxi-M,0.0,drivers,150,3,BC,-3.5533333333333332,100.0,824,0,-53.155,-27.34441680667512,1.2533333333333334,50.16666666666667,0.9665420893397402,0.0,0.03345791066025983,94.08333333333333,25.750699281692505
taxi-M,0.0,drivers,150,3,RECO,-3.5533333333333332,100.0,824,0,-19.011388888888888,-18.653859871167747,0.0,0.0,0.9675016010174353,0.032498398982564694,0.0,100.0,25.750699281692505
taxi-M,0.0,drivers,150,3,RECO-greedy,-3.5533333333333332,100.0,824,0,-4.653333333333333,-6.187487565773756,0.0,0.0,0.9609862266112266,0.03901377338877339,0.0,100.0,25.750699281692505
taxi-M,0.0,drivers,150,3,In-data planning (POR-style),-3.5533333333333332,100.0,824,0,-4.36,-5.904866910328983,1.2533333333333334,50.16666666666667,0.9505783385909569,0.0,0.04942166140904311,100.0,25.750699281692505
taxi-M,0.0,drivers,150,3,Ours,-3.5533333333333332,100.0,824,0,-3.683333333333333,-5.285968396890107,0.0,0.0,0.9151249155975693,0.08487508440243079,0.0,100.0,25.750699281692505
taxi-M,0.0,drivers,150,3,Ours w/o stitching,-3.5533333333333332,100.0,824,0,-4.281666666666666,-5.841510333945355,0.0,0.0,0.9475575186235085,0.05244248137649153,0.0,100.0,25.750699281692505
taxi-M,0.0,drivers,150,3,Ours w/o execution rule,-3.5533333333333332,100.0,824,0,-3.683333333333333,-5.285968396890107,0.0,0.0,0.9151249155975693,0.08487508440243079,0.0,100.0,25.750699281692505
taxi-M,0.0,drivers,150,3,Factored Batch RL,-3.5533333333333332,100.0,824,0,-3.683333333333333,-5.285968396890107,0.0,0.0,0.9151249155975693,0.08487508440243079,0.0,100.0,25.750699281692505
taxi-M,0.0,drivers,150,4,Imitation,-3.5533333333333332,100.0,685,0,-16.256944444444443,-16.195331904186517,2.2575,61.5,0.9238088988056176,0.0,0.07619110119438247,100.0,22.29741358757019
taxi-M,0.0,drivers,150,4,BC,-3.5533333333333332,100.0,685,0,-62.2075,-30.948359872042335,2.2575,61.5,0.9322682268226823,0.0,0.06773177317731773,95.91666666666666,22.29741358757019
taxi-M,0.0,drivers,150,4,RECO,-3.5533333333333332,100.0,685,0,-18.328055555555554,-17.958141047964425,0.01,1.0,0.9235753162960026,0.07610027754748945,0.00032440615650794794,100.0,22.29741358757019
taxi-M,0.0,drivers,150,4,RECO-greedy,-3.5533333333333332,100.0,685,0,-4.608333333333333,-6.119409115702883,0.01,1.0,0.9080052066384641,0.09160429547673284,0.000390497884803124,100.0,22.29741358757019
taxi-M,0.0,drivers,150,4,In-data planning (POR-style),-3.5533333333333332,100.0,685,0,-3.6433333333333335,-5.247475501345636,2.2575,61.5,0.9083930745299608,0.0,0.09160692547003922,100.0,22.29741358757019
taxi-M,0.0,drivers,150,4,Ours,-3.5533333333333332,100.0,685,0,-4.093333333333334,-5.654958454171674,0.01,1.0,0.8639744952178533,0.13562699256110522,0.00039851222104144525,100.0,22.29741358757019
taxi-M,0.0,drivers,150,4,Ours w/o stitching,-3.5533333333333332,100.0,685,0,-4.15,-5.706301531315288,0.01,1.0,0.8805831676607024,0.11901921802518224,0.00039761431411530816,100.0,22.29741358757019
taxi-M,0.0,drivers,150,4,Ours w/o execution rule,-3.5533333333333332,100.0,685,0,-4.093333333333334,-5.654958454171674,0.01,1.0,0.8639744952178533,0.13562699256110522,0.00039851222104144525,100.0,22.29741358757019
taxi-M,0.0,drivers,150,4,Factored Batch RL,-3.5533333333333332,100.0,685,0,-4.093333333333334,-5.654958454171674,0.01,1.0,0.8639744952178533,0.13562699256110522,0.00039851222104144525,100.0,22.29741358757019
taxi-M,0.0,drivers,150,5,Imitation,-3.5533333333333332,100.0,810,0,-16.9425,-16.835054234156274,1.4191666666666667,51.0,0.9517126006578202,0.0,0.048287399342179876,100.0,23.943080186843872
taxi-M,0.0,drivers,150,5,BC,-3.5533333333333332,100.0,810,0,-91.64166666666667,-42.4571833880306,1.4191666666666667,51.0,0.9644066379634662,0.0,0.03559336203653388,91.33333333333333,23.943080186843872
taxi-M,0.0,drivers,150,5,RECO,-3.5533333333333332,100.0,810,0,-17.410833333333333,-17.26517539161747,0.0,0.0,0.9612426945555214,0.03875730544447862,0.0,100.0,23.943080186843872
taxi-M,0.0,drivers,150,5,RECO-greedy,-3.5533333333333332,100.0,810,0,-4.251666666666667,-5.805933982085433,0.0,0.0,0.9542604448551251,0.045739555144874926,0.0,100.0,23.943080186843872
taxi-M,0.0,drivers,150,5,In-data planning (POR-style),-3.5533333333333332,100.0,810,0,-3.7716666666666665,-5.3595333033963035,1.4191666666666667,51.0,0.9427100854470833,0.0,0.05728991455291664,100.0,23.943080186843872
taxi-M,0.0,drivers,150,5,Ours,-3.5533333333333332,100.0,810,0,-3.723333333333333,-5.324190369977411,0.0,0.0,0.9222731562626398,0.07772684373736012,0.0,100.0,23.943080186843872
taxi-M,0.0,drivers,150,5,Ours w/o stitching,-3.5533333333333332,100.0,810,0,-3.9033333333333333,-5.485083929107834,0.0,0.0,0.934881541962254,0.06511845803774595,0.0,100.0,23.943080186843872
taxi-M,0.0,drivers,150,5,Ours w/o execution rule,-3.5533333333333332,100.0,810,0,-3.723333333333333,-5.324190369977411,0.0,0.0,0.9222731562626398,0.07772684373736012,0.0,100.0,23.943080186843872
taxi-M,0.0,drivers,150,5,Factored Batch RL,-3.5533333333333332,100.0,810,0,-3.723333333333333,-5.324190369977411,0.0,0.0,0.9222731562626398,0.07772684373736012,0.0,100.0,23.943080186843872
taxi-M,0.0,drivers,150,6,Imitation,-3.5533333333333332,100.0,782,0,-14.970833333333333,-15.098354961577918,1.51,53.333333333333336,0.9484919980670287,0.0,0.05150800193297138,100.0,20.58537745475769
taxi-M,0.0,drivers,150,6,BC,-3.5533333333333332,100.0,782,0,-49.5125,-25.768594756056753,1.51,53.333333333333336,0.9536418758154885,0.0,0.046358124184511476,96.58333333333333,20.58537745475769
taxi-M,0.0,drivers,150,6,RECO,-3.5533333333333332,100.0,782,0,-15.574444444444444,-15.640345176495874,0.0,0.0,0.9630731698301513,0.036926830169848636,0.0,100.0,20.58537745475769
taxi-M,0.0,drivers,150,6,RECO-greedy,-3.5533333333333332,100.0,782,0,-4.568333333333333,-6.104533927825078,0.0,0.0,0.9565869239293396,0.04341307607066032,0.0,100.0,20.58537745475769
taxi-M,0.0,drivers,150,6,In-data planning (POR-style),-3.5533333333333332,100.0,782,0,-3.8983333333333334,-5.481379894008597,1.51,53.333333333333336,0.9393533703728496,0.0,0.06064662962715041,100.0,20.58537745475769
taxi-M,0.0,drivers,150,6,Ours,-3.5533333333333332,100.0,782,0,-3.6633333333333336,-5.269054347123533,0.0,0.0,0.9079605352074605,0.09203946479253954,0.0,100.0,20.58537745475769
taxi-M,0.0,drivers,150,6,Ours w/o stitching,-3.5533333333333332,100.0,782,0,-3.9233333333333333,-5.508953460543942,0.0,0.0,0.9375083589675003,0.06249164103249966,0.0,100.0,20.58537745475769
taxi-M,0.0,drivers,150,6,Ours w/o execution rule,-3.5533333333333332,100.0,782,0,-3.6633333333333336,-5.269054347123533,0.0,0.0,0.9079605352074605,0.09203946479253954,0.0,100.0,20.58537745475769
taxi-M,0.0,drivers,150,6,Factored Batch RL,-3.5533333333333332,100.0,782,0,-3.6633333333333336,-5.269054347123533,0.0,0.0,0.9079605352074605,0.09203946479253954,0.0,100.0,20.58537745475769
taxi-M,0.0,drivers,150,7,Imitation,-3.5533333333333332,100.0,688,0,-15.010277777777778,-15.15037146575344,2.34,61.66666666666667,0.919101900490728,0.0,0.08089809950927197,100.0,21.430731773376465
taxi-M,0.0,drivers,150,7,BC,-3.5533333333333332,100.0,688,0,-50.6025,-25.972114839169063,2.34,61.66666666666667,0.9247104247104247,0.0,0.07528957528957529,97.25,21.430731773376465
taxi-M,0.0,drivers,150,7,RECO,-3.5533333333333332,100.0,688,0,-16.2,-16.159137766791282,0.01,1.0,0.930597515944948,0.06906680093991273,0.0003356831151393085,100.0,21.430731773376465
taxi-M,0.0,drivers,150,7,RECO-greedy,-3.5533333333333332,100.0,688,0,-4.433333333333334,-5.972828598298367,0.01,1.0,0.9187090432503277,0.08089777195281782,0.00039318479685452164,100.0,21.430731773376465
taxi-M,0.0,drivers,150,7,In-data planning (POR-style),-3.5533333333333332,100.0,688,0,-3.5816666666666666,-5.1917230260418625,2.34,61.66666666666667,0.904807105566479,0.0,0.09519289443352091,100.0,21.430731773376465
taxi-M,0.0,drivers,150,7,Ours,-3.5533333333333332,100.0,688,0,-3.848333333333333,-5.4375566889641025,0.01,1.0,0.8744382587698706,0.12515929975182777,0.000402441478301697,100.0,21.430731773376465
taxi-M,0.0,drivers,150,7,Ours w/o stitching,-3.5533333333333332,100.0,688,0,-3.8766666666666665,-5.463895007355345,0.01,1.0,0.8915650542677207,0.10803296261557015,0.00040198311670909824,100.0,21.430731773376465
taxi-M,0.0,drivers,150,7,Ours w/o execution rule,-3.5533333333333332,100.0,688,0,-3.848333333333333,-5.4375566889641025,0.01,1.0,0.8744382587698706,0.12515929975182777,0.000402441478301697,100.0,21.430731773376465
taxi-M,0.0,drivers,150,7,Factored Batch RL,-3.5533333333333332,100.0,688,0,-3.848333333333333,-5.4375566889641025,0.01,1.0,0.8744382587698706,0.12515929975182777,0.000402441478301697,100.0,21.430731773376465
taxi-M,0.0,drivers,150,8,Imitation,-3.5533333333333332,100.0,765,0,-13.616388888888888,-13.907424223580394,1.6641666666666666,55.00000000000001,0.9414466804147893,0.0,0.05855331958521067,100.0,17.906134605407715
taxi-M,0.0,drivers,150,8,BC,-3.5533333333333332,100.0,765,0,-16.10333333333333,-10.921749880427083,1.6641666666666666,55.00000000000001,0.9403114445407538,0.0,0.059688555459246194,98.58333333333333,17.906134605407715
taxi-M,0.0,drivers,150,8,RECO,-3.5533333333333332,100.0,765,0,-14.605,-14.766106724637886,0.01,1.0,0.9598092643051771,0.039850136239782015,0.0003405994550408719,100.0,17.906134605407715
taxi-M,0.0,drivers,150,8,RECO-greedy,-3.5533333333333332,100.0,765,0,-4.473333333333334,-6.016910362203173,0.01,1.0,0.9536770478932217,0.045930384716042924,0.0003925673907354096,100.0,17.906134605407715
taxi-M,0.0,drivers,150,8,In-data planning (POR-style),-3.5533333333333332,100.0,765,0,-3.6966666666666668,-5.295321643883801,1.6641666666666666,55.00000000000001,0.9326157376164125,0.0,0.06738426238358752,100.0,17.906134605407715
taxi-M,0.0,drivers,150,8,Ours,-3.5533333333333332,100.0,765,0,-3.7183333333333333,-5.321646371973516,0.01,1.0,0.8962645809453172,0.10333086103432,0.0004045580203627537,100.0,17.906134605407715
taxi-M,0.0,drivers,150,8,Ours w/o stitching,-3.5533333333333332,100.0,765,0,-3.8433333333333333,-5.435341995763206,0.01,1.0,0.9258016905943915,0.073795786931437,0.0004025224741714746,100.0,17.906134605407715
taxi-M,0.0,drivers,150,8,Ours w/o execution rule,-3.5533333333333332,100.0,765,0,-3.7183333333333333,-5.321646371973516,0.01,1.0,0.8962645809453172,0.10333086103432,0.0004045580203627537,100.0,17.906134605407715
taxi-M,0.0,drivers,150,8,Factored Batch RL,-3.5533333333333332,100.0,765,0,-3.7183333333333333,-5.321646371973516,0.01,1.0,0.8962645809453172,0.10333086103432,0.0004045580203627537,100.0,17.906134605407715
taxi-M,0.0,drivers,150,9,Imitation,-3.5533333333333332,100.0,753,0,-12.937222222222223,-13.423687771362967,1.9216666666666666,56.833333333333336,0.9317219530008587,0.0,0.06827804699914135,100.0,17.76312565803528
taxi-M,0.0,drivers,150,9,BC,-3.5533333333333332,100.0,753,0,-29.0875,-16.1763588193626,1.9216666666666666,56.833333333333336,0.9333680073971337,0.0,0.06663199260286638,97.75,17.76312565803528
taxi-M,0.0,drivers,150,9,RECO,-3.5533333333333332,100.0,753,0,-13.627777777777778,-14.024494802883233,0.0,0.0,0.9487498420904311,0.051250157909568834,0.0,100.0,17.76312565803528
taxi-M,0.0,drivers,150,9,RECO-greedy,-3.5533333333333332,100.0,753,0,-4.026666666666666,-5.603264220840614,0.0,0.0,0.9414624400639318,0.05853755993606819,0.0,100.0,17.76312565803528
taxi-M,0.0,drivers,150,9,In-data planning (POR-style),-3.5533333333333332,100.0,753,0,-3.625,-5.2306315084087025,1.9216666666666666,56.833333333333336,0.9219627749576988,0.0,0.07803722504230118,100.0,17.76312565803528
taxi-M,0.0,drivers,150,9,Ours,-3.5533333333333332,100.0,753,0,-3.658333333333333,-5.26500004539248,0.0,0.0,0.9138898276444745,0.08611017235552551,0.0,100.0,17.76312565803528
taxi-M,0.0,drivers,150,9,Ours w/o stitching,-3.5533333333333332,100.0,753,0,-3.7133333333333334,-5.315355235429461,0.0,0.0,0.9218370650121392,0.07816293498786081,0.0,100.0,17.76312565803528
taxi-M,0.0,drivers,150,9,Ours w/o execution rule,-3.5533333333333332,100.0,753,0,-3.658333333333333,-5.26500004539248,0.0,0.0,0.9138898276444745,0.08611017235552551,0.0,100.0,17.76312565803528
taxi-M,0.0,drivers,150,9,Factored Batch RL,-3.5533333333333332,100.0,753,0,-3.658333333333333,-5.26500004539248,0.0,0.0,0.9138898276444745,0.08611017235552551,0.0,100.0,17.76312565803528
taxi-M,0.0,drivers,150,10,Imitation,-3.5533333333333332,100.0,709,0,-14.528611111111111,-14.820669830756936,2.243333333333333,59.416666666666664,0.9219333011116482,0.0,0.07806669888835185,100.0,25.654876470565796
taxi-M,0.0,drivers,150,10,BC,-3.5533333333333332,100.0,709,0,-78.23833333333333,-37.875865313096774,2.243333333333333,59.416666666666664,0.9353055682391676,0.0,0.06469443176083248,95.41666666666667,25.654876470565796
taxi-M,0.0,drivers,150,10,RECO,-3.5533333333333332,100.0,709,0,-15.72861111111111,-15.857318501088796,0.0,0.0,0.9495547848908051,0.05044521510919486,0.0,100.0,25.654876470565796
taxi-M,0.0,drivers,150,10,RECO-greedy,-3.5533333333333332,100.0,709,0,-4.49,-6.030727377097498,0.0,0.0,0.9413495488426834,0.058650451157316597,0.0,100.0,25.654876470565796
taxi-M,0.0,drivers,150,10,In-data planning (POR-style),-3.5533333333333332,100.0,709,0,-3.58,-5.190387351430298,2.243333333333333,59.416666666666664,0.9087333875779767,0.0,0.09126661242202333,100.0,25.654876470565796
taxi-M,0.0,drivers,150,10,Ours,-3.5533333333333332,100.0,709,0,-3.7683333333333335,-5.365972604684906,0.0,0.0,0.8937150931969585,0.10628490680304152,0.0,100.0,25.654876470565796
taxi-M,0.0,drivers,150,10,Ours w/o stitching,-3.5533333333333332,100.0,709,0,-3.7883333333333336,-5.384383243501344,0.0,0.0,0.9100047065151617,0.0899952934848383,0.0,100.0,25.654876470565796
taxi-M,0.0,drivers,150,10,Ours w/o execution rule,-3.5533333333333332,100.0,709,0,-3.7683333333333335,-5.365972604684906,0.0,0.0,0.8937150931969585,0.10628490680304152,0.0,100.0,25.654876470565796
taxi-M,0.0,drivers,150,10,Factored Batch RL,-3.5533333333333332,100.0,709,0,-3.7683333333333335,-5.365972604684906,0.0,0.0,0.8937150931969585,0.10628490680304152,0.0,100.0,25.654876470565796
taxi-M,0.0,drivers,150,11,Imitation,-3.5533333333333332,100.0,787,0,-15.8225,-15.864780153453207,1.6883333333333332,53.91666666666667,0.9434062403977764,0.0,0.05659375960222353,100.0,21.949477910995483
taxi-M,0.0,drivers,150,11,BC,-3.5533333333333332,100.0,787,0,-80.4025,-38.64696130399786,1.6883333333333332,53.91666666666667,0.951775683138151,0.0,0.048224316861849,94.91666666666667,21.949477910995483
taxi-M,0.0,drivers,150,11,RECO,-3.5533333333333332,100.0,787,0,-16.306944444444444,-16.287563707616744,0.0,0.0,0.9564098807932467,0.043590119206753215,0.0,100.0,21.949477910995483
taxi-M,0.0,drivers,150,11,RECO-greedy,-3.5533333333333332,100.0,787,0,-4.363333333333333,-5.911044823214878,0.0,0.0,0.9478577999737153,0.05214220002628466,0.0,100.0,21.949477910995483
taxi-M,0.0,drivers,150,11,In-data planning (POR-style),-3.5533333333333332,100.0,787,0,-3.8366666666666664,-5.421751636219304,1.6883333333333332,53.91666666666667,0.9320225473090861,0.0,0.06797745269091397,100.0,21.949477910995483
taxi-M,0.0,drivers,150,11,Ours,-3.5533333333333332,100.0,787,0,-3.6333333333333333,-5.241107057573756,0.0,0.0,0.8918809201623816,0.1081190798376184,0.0,100.0,21.949477910995483
taxi-M,0.0,drivers,150,11,Ours w/o stitching,-3.5533333333333332,100.0,787,0,-3.861666666666667,-5.449012990285834,0.0,0.0,0.9286719849835758,0.07132801501642422,0.0,100.0,21.949477910995483
taxi-M,0.0,drivers,150,11,Ours w/o execution rule,-3.5533333333333332,100.0,787,0,-3.6333333333333333,-5.241107057573756,0.0,0.0,0.8918809201623816,0.1081190798376184,0.0,100.0,21.949477910995483
taxi-M,0.0,drivers,150,11,Factored Batch RL,-3.5533333333333332,100.0,787,0,-3.6333333333333333,-5.241107057573756,0.0,0.0,0.8918809201623816,0.1081190798376184,0.0,100.0,21.949477910995483
taxi-M,0.0,drivers,150,12,Imitation,-3.5533333333333332,100.0,770,0,-16.193055555555556,-16.22442105082343,1.8075,55.41666666666667,0.9383958495067503,0.0,0.06160415049324977,100.0,23.273998975753784
taxi-M,0.0,drivers,150,12,BC,-3.5533333333333332,100.0,770,0,-91.4675,-43.027703029363835,1.8075,55.41666666666667,0.9476276711336472,0.0,0.05237232886635277,95.0,23.273998975753784
taxi-M,0.0,drivers,150,12,RECO,-3.5533333333333332,100.0,770,0,-17.830833333333334,-17.63871822906629,0.0,0.0,0.9579045837231057,0.042095416276894296,0.0,100.0,23.273998975753784
taxi-M,0.0,drivers,150,12,RECO-greedy,-3.5533333333333332,100.0,770,0,-4.448333333333333,-5.992202606345181,0.0,0.0,0.9498984871307878,0.05010151286921213,0.0,100.0,23.273998975753784
taxi-M,0.0,drivers,150,12,In-data planning (POR-style),-3.5533333333333332,100.0,770,0,-3.6983333333333333,-5.297744203527094,1.8075,55.41666666666667,0.9268169242189082,0.0,0.07318307578109184,100.0,23.273998975753784
taxi-M,0.0,drivers,150,12,Ours,-3.5533333333333332,100.0,770,0,-3.6783333333333332,-5.282126192463371,0.0,0.0,0.8976835280610522,0.1023164719389478,0.0,100.0,23.273998975753784
taxi-M,0.0,drivers,150,12,Ours w/o stitching,-3.5533333333333332,100.0,770,0,-3.8016666666666667,-5.395443380289611,0.0,0.0,0.9210066527787111,0.0789933472212889,0.0,100.0,23.273998975753784
taxi-M,0.0,drivers,150,12,Ours w/o execution rule,-3.5533333333333332,100.0,770,0,-3.6783333333333332,-5.282126192463371,0.0,0.0,0.8976835280610522,0.1023164719389478,0.0,100.0,23.273998975753784
taxi-M,0.0,drivers,150,12,Factored Batch RL,-3.5533333333333332,100.0,770,0,-3.6783333333333332,-5.282126192463371,0.0,0.0,0.8976835280610522,0.1023164719389478,0.0,100.0,23.273998975753784
taxi-M,0.0,drivers,150,13,Imitation,-3.5533333333333332,100.0,719,0,-14.553333333333333,-14.788718339213013,2.215,60.416666666666664,0.9235437940457356,0.0,0.07645620595426435,100.0,26.463858366012573
taxi-M,0.0,drivers,150,13,BC,-3.5533333333333332,100.0,719,0,-35.68666666666667,-19.397549856083277,2.215,60.416666666666664,0.9279596704249783,0.0,0.07204032957502168,97.08333333333333,26.463858366012573
taxi-M,0.0,drivers,150,13,RECO,-3.5533333333333332,100.0,719,0,-15.037222222222223,-15.188163867575351,0.01,1.0,0.9413913909213011,0.05827048248786031,0.00033812659083864787,100.0,26.463858366012573
taxi-M,0.0,drivers,150,13,RECO-greedy,-3.5533333333333332,100.0,719,0,-4.36,-5.915930274956698,0.01,1.0,0.9316508937960042,0.06795478443743427,0.0003943217665615142,100.0,26.463858366012573
taxi-M,0.0,drivers,150,13,In-data planning (POR-style),-3.5533333333333332,100.0,719,0,-3.743333333333333,-5.344230082760409,2.215,60.416666666666664,0.9104809376262967,0.0,0.08951906237370336,100.0,26.463858366012573
taxi-M,0.0,drivers,150,13,Ours,-3.5533333333333332,100.0,719,0,-3.743333333333333,-5.342846543113831,0.01,1.0,0.8918227131887377,0.10777313754546679,0.0004041492657955005,100.0,26.463858366012573
taxi-M,0.0,drivers,150,13,Ours w/o stitching,-3.5533333333333332,100.0,719,0,-3.8516666666666666,-5.4446791228724445,0.01,1.0,0.9013815304137884,0.09821608208704984,0.0004023874991616927,100.0,26.463858366012573
taxi-M,0.0,drivers,150,13,Ours w/o execution rule,-3.5533333333333332,100.0,719,0,-3.743333333333333,-5.342846543113831,0.01,1.0,0.8918227131887377,0.10777313754546679,0.0004041492657955005,100.0,26.463858366012573
taxi-M,0.0,drivers,150,13,Factored Batch RL,-3.5533333333333332,100.0,719,0,-3.743333333333333,-5.342846543113831,0.01,1.0,0.8918227131887377,0.10777313754546679,0.0004041492657955005,100.0,26.463858366012573
taxi-M,0.0,drivers,150,14,Imitation,-3.5533333333333332,100.0,785,0,-16.64527777777778,-16.554139576298414,1.5016666666666667,53.75,0.9497606988522839,0.0,0.05023930114771619,100.0,28.896500825881958
taxi-M,0.0,drivers,150,14,BC,-3.5533333333333332,100.0,785,0,-68.1725,-32.64952825692465,1.5016666666666667,53.75,0.9550869846966752,0.0,0.04491301530332486,95.08333333333333,28.896500825881958
taxi-M,0.0,drivers,150,14,RECO,-3.5533333333333332,100.0,785,0,-17.168333333333333,-17.064835309968572,0.0,0.0,0.9607026639457283,0.039297336054271687,0.0,100.0,28.896500825881958
taxi-M,0.0,drivers,150,14,RECO-greedy,-3.5533333333333332,100.0,785,0,-4.266666666666667,-5.831342599898376,0.0,0.0,0.9530013192612137,0.046998680738786276,0.0,100.0,28.896500825881958
taxi-M,0.0,drivers,150,14,In-data planning (POR-style),-3.5533333333333332,100.0,785,0,-3.8366666666666664,-5.425007921138627,1.5016666666666667,53.75,0.9395383170044289,0.0,0.060461682995571066,100.0,28.896500825881958
taxi-M,0.0,drivers,150,14,Ours,-3.5533333333333332,100.0,785,0,-3.638333333333333,-5.244356357547061,0.0,0.0,0.9144963809781506,0.08550361902184943,0.0,100.0,28.896500825881958
taxi-M,0.0,drivers,150,14,Ours w/o stitching,-3.5533333333333332,100.0,785,0,-3.84,-5.4298325058124695,0.0,0.0,0.9355206655931294,0.06447933440687063,0.0,100.0,28.896500825881958
taxi-M,0.0,drivers,150,14,Ours w/o execution rule,-3.5533333333333332,100.0,785,0,-3.638333333333333,-5.244356357547061,0.0,0.0,0.9144963809781506,0.08550361902184943,0.0,100.0,28.896500825881958
taxi-M,0.0,drivers,150,14,Factored Batch RL,-3.5533333333333332,100.0,785,0,-3.638333333333333,-5.244356357547061,0.0,0.0,0.9144963809781506,0.08550361902184943,0.0,100.0,28.896500825881958
taxi-M,0.0,drivers,150,15,Imitation,-3.5533333333333332,100.0,743,0,-13.573055555555555,-13.995876942581523,1.8425,58.166666666666664,0.9355105294884011,0.0,0.06448947051159896,100.0,23.827210187911987
taxi-M,0.0,drivers,150,15,BC,-3.5533333333333332,100.0,743,0,-60.365,-29.698862015350503,1.8425,58.166666666666664,0.9467600953550531,0.0,0.053239904644946906,94.91666666666667,23.827210187911987
taxi-M,0.0,drivers,150,15,RECO,-3.5533333333333332,100.0,743,0,-14.416944444444445,-14.722060706110653,0.0,0.0,0.9495774461279302,0.05042255387206981,0.0,100.0,23.827210187911987
taxi-M,0.0,drivers,150,15,RECO-greedy,-3.5533333333333332,100.0,743,0,-4.283333333333333,-5.839956698951231,0.0,0.0,0.9414634146341463,0.05853658536585366,0.0,100.0,23.827210187911987
taxi-M,0.0,drivers,150,15,In-data planning (POR-style),-3.5533333333333332,100.0,743,0,-3.7066666666666666,-5.306127703614389,1.8425,58.166666666666664,0.9254249865083648,0.0,0.07457501349163519,100.0,23.827210187911987
taxi-M,0.0,drivers,150,15,Ours,-3.5533333333333332,100.0,743,0,-3.7483333333333335,-5.347916029942982,0.0,0.0,0.911509192538218,0.08849080746178194,0.0,100.0,23.827210187911987
taxi-M,0.0,drivers,150,15,Ours w/o stitching,-3.5533333333333332,100.0,743,0,-3.865,-5.454400991353325,0.0,0.0,0.9205375695421946,0.07946243045780549,0.0,100.0,23.827210187911987
taxi-M,0.0,drivers,150,15,Ours w/o execution rule,-3.5533333333333332,100.0,743,0,-3.7483333333333335,-5.347916029942982,0.0,0.0,0.911509192538218,0.08849080746178194,0.0,100.0,23.827210187911987
taxi-M,0.0,drivers,150,15,Factored Batch RL,-3.5533333333333332,100.0,743,0,-3.7483333333333335,-5.347916029942982,0.0,0.0,0.911509192538218,0.08849080746178194,0.0,100.0,23.827210187911987
taxi-M,0.0,drivers,150,16,Imitation,-3.5533333333333332,100.0,761,0,-14.167777777777777,-14.541993284185226,1.7491666666666668,54.75,0.9385508660648939,0.0,0.06144913393510612,100.0,23.38936734199524
taxi-M,0.0,drivers,150,16,BC,-3.5533333333333332,100.0,761,0,-52.16916666666667,-26.17009375158752,1.7491666666666668,54.75,0.9458741619391439,0.0,0.054125838060856114,96.0,23.38936734199524
taxi-M,0.0,drivers,150,16,RECO,-3.5533333333333332,100.0,761,0,-15.295833333333333,-15.523438469132598,0.01,1.0,0.9557635411925353,0.043895084205735097,0.0003413746017296313,100.0,23.38936734199524
taxi-M,0.0,drivers,150,16,RECO-greedy,-3.5533333333333332,100.0,761,0,-4.506666666666667,-6.048737769144224,0.01,1.0,0.9491962885520125,0.05041165708311553,0.0003920543648719289,100.0,23.38936734199524
taxi-M,0.0,drivers,150,16,In-data planning (POR-style),-3.5533333333333332,100.0,761,0,-3.7666666666666666,-5.361968460563372,1.7491666666666668,54.75,0.9293741588156124,0.0,0.07062584118438761,100.0,23.38936734199524
taxi-M,0.0,drivers,150,16,Ours,-3.5533333333333332,100.0,761,0,-3.8783333333333334,-5.467848731032606,0.01,1.0,0.9088229382997254,0.09077510551349903,0.0004019561867756415,100.0,23.38936734199524
taxi-M,0.0,drivers,150,16,Ours w/o stitching,-3.5533333333333332,100.0,761,0,-4.06,-5.635977216625121,0.01,1.0,0.9201915403032721,0.07940941739824421,0.0003990422984836393,100.0,23.38936734199524
taxi-M,0.0,drivers,150,16,Ours w/o execution rule,-3.5533333333333332,100.0,761,0,-3.8783333333333334,-5.467848731032606,0.01,1.0,0.9088229382997254,0.09077510551349903,0.0004019561867756415,100.0,23.38936734199524
taxi-M,0.0,drivers,150,16,Factored Batch RL,-3.5533333333333332,100.0,761,0,-3.8783333333333334,-5.467848731032606,0.01,1.0,0.9088229382997254,0.09077510551349903,0.0004019561867756415,100.0,23.38936734199524
taxi-M,0.0,drivers,150,17,Imitation,-3.5533333333333332,100.0,809,0,-15.402777777777779,-15.519687846748223,1.5533333333333332,52.33333333333333,0.9472602093747052,0.0,0.05273979062529473,100.0,25.499102115631104
taxi-M,0.0,drivers,150,17,BC,-3.5533333333333332,100.0,809,0,-53.73916666666667,-26.303548438045965,1.5533333333333332,52.33333333333333,0.9601343114399983,0.0,0.03986568856000171,91.75,25.499102115631104
taxi-M,0.0,drivers,150,17,RECO,-3.5533333333333332,100.0,809,0,-16.877777777777776,-16.759710624861793,0.0,0.0,0.9580299279108716,0.041970072089128375,0.0,100.0,25.499102115631104
taxi-M,0.0,drivers,150,17,RECO-greedy,-3.5533333333333332,100.0,809,0,-4.548333333333333,-6.076707300700672,0.0,0.0,0.9498662665535912,0.05013373344640877,0.0,100.0,25.499102115631104
taxi-M,0.0,drivers,150,17,In-data planning (POR-style),-3.5533333333333332,100.0,809,0,-3.7216666666666667,-5.3167778287865834,1.5533333333333332,52.33333333333333,0.9371671273511765,0.0,0.06283287264882356,100.0,25.499102115631104
taxi-M,0.0,drivers,150,17,Ours,-3.5533333333333332,100.0,809,0,-3.7933333333333334,-5.386472859115178,0.0,0.0,0.8965447700994891,0.10345522990051088,0.0,100.0,25.499102115631104
taxi-M,0.0,drivers,150,17,Ours w/o stitching,-3.5533333333333332,100.0,809,0,-3.9283333333333332,-5.508550915898134,0.0,0.0,0.9211740322257137,0.07882596777428628,0.0,100.0,25.499102115631104
taxi-M,0.0,drivers,150,17,Ours w/o execution rule,-3.5533333333333332,100.0,809,0,-3.7933333333333334,-5.386472859115178,0.0,0.0,0.8965447700994891,0.10345522990051088,0.0,100.0,25.499102115631104
taxi-M,0.0,drivers,150,17,Factored Batch RL,-3.5533333333333332,100.0,809,0,-3.7933333333333334,-5.386472859115178,0.0,0.0,0.8965447700994891,0.10345522990051088,0.0,100.0,25.499102115631104
taxi-M,0.0,drivers,150,18,Imitation,-3.5533333333333332,100.0,820,0,-14.983611111111111,-15.095761723142067,1.4133333333333333,52.416666666666664,0.9521206018801698,0.0,0.04787939811983024,100.0,21.663406133651733
taxi-M,0.0,drivers,150,18,BC,-3.5533333333333332,100.0,820,0,-89.9375,-41.80427102239944,1.4133333333333333,52.416666666666664,0.9643951799135072,0.0,0.03560482008649284,91.5,21.663406133651733
taxi-M,0.0,drivers,150,18,RECO,-3.5533333333333332,100.0,820,0,-15.549166666666666,-15.634573448133553,0.0,0.0,0.96514063852965,0.034859361470349993,0.0,100.0,21.663406133651733
taxi-M,0.0,drivers,150,18,RECO-greedy,-3.5533333333333332,100.0,820,0,-4.221666666666667,-5.786427855761464,0.0,0.0,0.9587656115773475,0.04123438842265248,0.0,100.0,21.663406133651733
taxi-M,0.0,drivers,150,18,In-data planning (POR-style),-3.5533333333333332,100.0,820,0,-3.7583333333333333,-5.352515407227606,1.4133333333333333,52.416666666666664,0.9429148434870414,0.0,0.0570851565129586,100.0,21.663406133651733
taxi-M,0.0,drivers,150,18,Ours,-3.5533333333333332,100.0,820,0,-3.6333333333333333,-5.241505244006465,0.0,0.0,0.9279431664411367,0.07205683355886333,0.0,100.0,21.663406133651733
taxi-M,0.0,drivers,150,18,Ours w/o stitching,-3.5533333333333332,100.0,820,0,-3.7783333333333333,-5.3745956840597096,0.0,0.0,0.9395641353332885,0.06043586466671151,0.0,100.0,21.663406133651733
taxi-M,0.0,drivers,150,18,Ours w/o execution rule,-3.5533333333333332,100.0,820,0,-3.6333333333333333,-5.241505244006465,0.0,0.0,0.9279431664411367,0.07205683355886333,0.0,100.0,21.663406133651733
taxi-M,0.0,drivers,150,18,Factored Batch RL,-3.5533333333333332,100.0,820,0,-3.6333333333333333,-5.241505244006465,0.0,0.0,0.9279431664411367,0.07205683355886333,0.0,100.0,21.663406133651733
taxi-M,0.0,drivers,150,19,Imitation,-3.5533333333333332,100.0,696,0,-17.595,-17.390685711570235,2.2308333333333334,61.33333333333333,0.9253839507205173,0.0,0.07461604927948268,100.0,28.569050073623657
taxi-M,0.0,drivers,150,19,BC,-3.5533333333333332,100.0,696,0,-64.39416666666666,-31.678935892862683,2.2308333333333334,61.33333333333333,0.9417866307136955,0.0,0.05821336928630453,93.16666666666666,28.569050073623657
taxi-M,0.0,drivers,150,19,RECO,-3.5533333333333332,100.0,696,0,-18.269166666666667,-17.957757967830613,0.02,2.0,0.9374694542492533,0.06187890306815096,0.00065164268259571,100.0,28.569050073623657
taxi-M,0.0,drivers,150,19,RECO-greedy,-3.5533333333333332,100.0,696,0,-4.426666666666667,-5.971785543801368,0.02,2.0,0.9245214997378081,0.07469192448872575,0.0007865757734661773,100.0,28.569050073623657
taxi-M,0.0,drivers,150,19,In-data planning (POR-style),-3.5533333333333332,100.0,696,0,-3.6933333333333334,-5.2978580679820535,2.2308333333333334,61.33333333333333,0.9096584773218143,0.0,0.09034152267818575,100.0,28.569050073623657
taxi-M,0.0,drivers,150,19,Ours,-3.5533333333333332,100.0,696,0,-3.7783333333333333,-5.373374321081889,0.02,2.0,0.8642631331136074,0.13492971009618618,0.0008071567902064976,100.0,28.569050073623657
taxi-M,0.0,drivers,150,19,Ours w/o stitching,-3.5533333333333332,100.0,696,0,-3.895,-5.484253259502339,0.02,2.0,0.9015531900649394,0.0976434357635402,0.0008033741715203856,100.0,28.569050073623657
taxi-M,0.0,drivers,150,19,Ours w/o execution rule,-3.5533333333333332,100.0,696,0,-3.7783333333333333,-5.373374321081889,0.02,2.0,0.8642631331136074,0.13492971009618618,0.0008071567902064976,100.0,28.569050073623657
taxi-M,0.0,drivers,150,19,Factored Batch RL,-3.5533333333333332,100.0,696,0,-3.7783333333333333,-5.373374321081889,0.02,2.0,0.8642631331136074,0.13492971009618618,0.0008071567902064976,100.0,28.569050073623657
taxi-M,0.0,drivers,150,20,Imitation,-3.5533333333333332,100.0,795,0,-16.755,-16.603756136278996,1.6733333333333333,53.5,0.9431515769208991,0.0,0.056848423079100846,100.0,21.177104473114014
taxi-M,0.0,drivers,150,20,BC,-3.5533333333333332,100.0,795,0,-28.0,-16.61098703419997,1.6733333333333333,53.5,0.949685534591195,0.0,0.050314465408805034,96.25,21.177104473114014
taxi-M,0.0,drivers,150,20,RECO,-3.5533333333333332,100.0,795,0,-17.43611111111111,-17.20875775801439,0.01,1.0,0.9638671152850699,0.03580011831694151,0.000332766397988612,100.0,21.177104473114014
taxi-M,0.0,drivers,150,20,RECO-greedy,-3.5533333333333332,100.0,795,0,-4.408333333333333,-5.949122140472534,0.01,1.0,0.9572646769432601,0.04234175139389964,0.0003935716628402755,100.0,21.177104473114014
taxi-M,0.0,drivers,150,20,In-data planning (POR-style),-3.5533333333333332,100.0,795,0,-3.9166666666666665,-5.48542114852627,1.6733333333333333,53.5,0.9328428093645484,0.0,0.0671571906354515,100.0,21.177104473114014
taxi-M,0.0,drivers,150,20,Ours,-3.5533333333333332,100.0,795,0,-3.723333333333333,-5.327214952032124,0.01,1.0,0.9117230686261292,0.08787245517055413,0.00040447620331670486,100.0,21.177104473114014
taxi-M,0.0,drivers,150,20,Ours w/o stitching,-3.5533333333333332,100.0,795,0,-4.005,-5.577924469868283,0.01,1.0,0.936612677464507,0.0629874025194961,0.0003999200159968006,100.0,21.177104473114014
taxi-M,0.0,drivers,150,20,Ours w/o execution rule,-3.5533333333333332,100.0,795,0,-3.723333333333333,-5.327214952032124,0.01,1.0,0.9117230686261292,0.08787245517055413,0.00040447620331670486,100.0,21.177104473114014
taxi-M,0.0,drivers,150,20,Factored Batch RL,-3.5533333333333332,100.0,795,0,-3.723333333333333,-5.327214952032124,0.01,1.0,0.9117230686261292,0.08787245517055413,0.00040447620331670486,100.0,21.177104473114014
taxi-M,0.0,drivers,150,21,Imitation,-3.5533333333333332,100.0,797,0,-15.663055555555555,-15.754416020687074,1.4166666666666667,53.333333333333336,0.9510997756342646,0.0,0.04890022436573532,100.0,20.022003889083862
taxi-M,0.0,drivers,150,21,BC,-3.5533333333333332,100.0,797,0,-145.34083333333334,-65.19038683777457,1.4166666666666667,53.333333333333336,0.9628739899541384,0.0,0.037126010045861545,92.5,20.022003889083862
taxi-M,0.0,drivers,150,21,RECO,-3.5533333333333332,100.0,797,0,-16.009166666666665,-16.051573326488626,0.0,0.0,0.9607450825677732,0.039254917432226796,0.0,100.0,20.022003889083862
taxi-M,0.0,drivers,150,21,RECO-greedy,-3.5533333333333332,100.0,797,0,-4.281666666666666,-5.841926030433039,0.0,0.0,0.954083987078911,0.045916012921089065,0.0,100.0,20.022003889083862
taxi-M,0.0,drivers,150,21,In-data planning (POR-style),-3.5533333333333332,100.0,797,0,-3.756666666666667,-5.350070602511759,1.4166666666666667,53.333333333333336,0.9427763565369598,0.0,0.05722364346304026,100.0,20.022003889083862
taxi-M,0.0,drivers,150,21,Ours,-3.5533333333333332,100.0,797,0,-3.7183333333333333,-5.320567855824646,0.0,0.0,0.9188524037489043,0.08114759625109567,0.0,100.0,20.022003889083862
taxi-M,0.0,drivers,150,21,Ours w/o stitching,-3.5533333333333332,100.0,797,0,-3.86,-5.450428684637202,0.0,0.0,0.9371480289621883,0.06285197103781175,0.0,100.0,20.022003889083862
taxi-M,0.0,drivers,150,21,Ours w/o execution rule,-3.5533333333333332,100.0,797,0,-3.7183333333333333,-5.320567855824646,0.0,0.0,0.9188524037489043,0.08114759625109567,0.0,100.0,20.022003889083862
taxi-M,0.0,drivers,150,21,Factored Batch RL,-3.5533333333333332,100.0,797,0,-3.7183333333333333,-5.320567855824646,0.0,0.0,0.9188524037489043,0.08114759625109567,0.0,100.0,20.022003889083862
taxi-M,0.0,drivers,150,22,Imitation,-3.5533333333333332,100.0,805,0,-17.194166666666668,-17.071192573196733,1.5225,53.166666666666664,0.9481643307041934,0.0,0.051835669295806616,100.0,17.590730905532837
taxi-M,0.0,drivers,150,22,BC,-3.5533333333333332,100.0,805,0,-123.26833333333333,-55.90127227523136,1.5225,53.166666666666664,0.9581251432500573,0.0,0.0418748567499427,93.25,17.590730905532837
taxi-M,0.0,drivers,150,22,RECO,-3.5533333333333332,100.0,805,0,-18.21638888888889,-17.92992832270362,0.0,0.0,0.9664012015464347,0.03359879845356524,0.0,100.0,17.590730905532837
taxi-M,0.0,drivers,150,22,RECO-greedy,-3.5533333333333332,100.0,805,0,-4.196666666666666,-5.761905596094707,0.0,0.0,0.9600476253472682,0.03995237465273184,0.0,100.0,17.590730905532837
taxi-M,0.0,drivers,150,22,In-data planning (POR-style),-3.5533333333333332,100.0,805,0,-3.736666666666667,-5.330904571872884,1.5225,53.166666666666664,0.9384516911467458,0.0,0.061548308853254276,100.0,17.590730905532837
taxi-M,0.0,drivers,150,22,Ours,-3.5533333333333332,100.0,805,0,-3.6433333333333335,-5.249319156744685,0.0,0.0,0.918030569457595,0.08196943054240498,0.0,100.0,17.590730905532837
taxi-M,0.0,drivers,150,22,Ours w/o stitching,-3.5533333333333332,100.0,805,0,-3.77,-5.3648257866121165,0.0,0.0,0.9352711613510968,0.06472883864890325,0.0,100.0,17.590730905532837
taxi-M,0.0,drivers,150,22,Ours w/o execution rule,-3.5533333333333332,100.0,805,0,-3.6433333333333335,-5.249319156744685,0.0,0.0,0.918030569457595,0.08196943054240498,0.0,100.0,17.590730905532837
taxi-M,0.0,drivers,150,22,Factored Batch RL,-3.5533333333333332,100.0,805,0,-3.6433333333333335,-5.249319156744685,0.0,0.0,0.918030569457595,0.08196943054240498,0.0,100.0,17.590730905532837
taxi-M,0.0,drivers,150,23,Imitation,-3.5533333333333332,100.0,728,0,-15.460277777777778,-15.556232514723467,2.19,58.166666666666664,0.9246782776509253,0.0,0.07532172234907472,100.0,25.58558702468872
taxi-M,0.0,drivers,150,23,BC,-3.5533333333333332,100.0,728,0,-20.524166666666666,-12.88874742134704,2.19,58.166666666666664,0.9212348269144313,0.0,0.07876517308556871,98.66666666666667,25.58558702468872
taxi-M,0.0,drivers,150,23,RECO,-3.5533333333333332,100.0,728,0,-16.85388888888889,-16.736553635249656,0.01,1.0,0.9401616355450587,0.05950623662262897,0.00033212783231234777,100.0,25.58558702468872
taxi-M,0.0,drivers,150,23,RECO-greedy,-3.5533333333333332,100.0,728,0,-4.47,-6.011531963491342,0.01,1.0,0.929263185446931,0.0703441957858919,0.00039261876717707107,100.0,25.58558702468872
taxi-M,0.0,drivers,150,23,In-data planning (POR-style),-3.5533333333333332,100.0,728,0,-3.67,-5.273552304094391,2.19,58.166666666666664,0.9112282124037292,0.0,0.08877178759627077,100.0,25.58558702468872
taxi-M,0.0,drivers,150,23,Ours,-3.5533333333333332,100.0,728,0,-3.7533333333333334,-5.350193504142835,0.01,1.0,0.8693441960678696,0.13025181793697818,0.00040398599515216807,100.0,25.58558702468872
taxi-M,0.0,drivers,150,23,Ours w/o stitching,-3.5533333333333332,100.0,728,0,-3.8266666666666667,-5.418077103498191,0.01,1.0,0.9023563372717508,0.09724087003222341,0.00040279269602577875,100.0,25.58558702468872
taxi-M,0.0,drivers,150,23,Ours w/o execution rule,-3.5533333333333332,100.0,728,0,-3.7533333333333334,-5.350193504142835,0.01,1.0,0.8693441960678696,0.13025181793697818,0.00040398599515216807,100.0,25.58558702468872
taxi-M,0.0,drivers,150,23,Factored Batch RL,-3.5533333333333332,100.0,728,0,-3.7533333333333334,-5.350193504142835,0.01,1.0,0.8693441960678696,0.13025181793697818,0.00040398599515216807,100.0,25.58558702468872
taxi-M,0.0,drivers,150,24,Imitation,-3.5533333333333332,100.0,770,0,-14.859722222222222,-15.0628550271109,1.4483333333333333,52.25,0.9492342294098747,0.0,0.050765770590125305,100.0,20.927298069000244
taxi-M,0.0,drivers,150,24,BC,-3.5533333333333332,100.0,770,0,-39.318333333333335,-20.434808069087573,1.4483333333333333,52.25,0.953883301934354,0.0,0.04611669806564598,96.25,20.927298069000244
taxi-M,0.0,drivers,150,24,RECO,-3.5533333333333332,100.0,770,0,-15.767777777777777,-15.860110540627511,0.01,1.0,0.9657551214864221,0.03390185802763221,0.0003430204859456884,100.0,20.927298069000244
taxi-M,0.0,drivers,150,24,RECO-greedy,-3.5533333333333332,100.0,770,0,-4.265,-5.829793010482217,0.01,1.0,0.9604855201530444,0.039118675374365065,0.00039580447259054025,100.0,20.927298069000244
taxi-M,0.0,drivers,150,24,In-data planning (POR-style),-3.5533333333333332,100.0,770,0,-3.81,-5.401434724500415,1.4483333333333333,52.25,0.9416230014778987,0.0,0.058376998522101306,100.0,20.927298069000244
taxi-M,0.0,drivers,150,24,Ours,-3.5533333333333332,100.0,770,0,-3.598333333333333,-5.207032349570458,0.01,1.0,0.9226234839758791,0.07696998441628837,0.000406531607832509,100.0,20.927298069000244
taxi-M,0.0,drivers,150,24,Ours w/o stitching,-3.5533333333333332,100.0,770,0,-3.8133333333333335,-5.406136570972039,0.01,1.0,0.939078452444922,0.060518538420204195,0.0004030091348737238,100.0,20.927298069000244
taxi-M,0.0,drivers,150,24,Ours w/o execution rule,-3.5533333333333332,100.0,770,0,-3.598333333333333,-5.207032349570458,0.01,1.0,0.9226234839758791,0.07696998441628837,0.000406531607832509,100.0,20.927298069000244
taxi-M,0.0,drivers,150,24,Factored Batch RL,-3.5533333333333332,100.0,770,0,-3.598333333333333,-5.207032349570458,0.01,1.0,0.9226234839758791,0.07696998441628837,0.000406531607832509,100.0,20.927298069000244
taxi-M,0.0,drivers,150,25,Imitation,-3.5533333333333332,100.0,809,0,-16.399444444444445,-16.29447707419541,1.3083333333333333,51.74999999999999,0.9560585140127627,0.0,0.04394148598723738,100.0,20.714648723602295
taxi-M,0.0,drivers,150,25,BC,-3.5533333333333332,100.0,809,0,-42.9625,-22.563096877111434,1.3083333333333333,51.74999999999999,0.960633869916253,0.0,0.03936613008374706,95.75,20.714648723602295
taxi-M,0.0,drivers,150,25,RECO,-3.5533333333333332,100.0,809,0,-16.684166666666666,-16.602193819226688,0.0,0.0,0.9693746867865695,0.03062531321343059,0.0,100.0,20.714648723602295
taxi-M,0.0,drivers,150,25,RECO-greedy,-3.5533333333333332,100.0,809,0,-4.171666666666667,-5.735110185837319,0.0,0.0,0.9635833940276766,0.03641660597232338,0.0,100.0,20.714648723602295
taxi-M,0.0,drivers,150,25,In-data planning (POR-style),-3.5533333333333332,100.0,809,0,-3.98,-5.550262847207178,1.3083333333333333,51.74999999999999,0.9476247664798505,0.0,0.05237523352014945,100.0,20.714648723602295
taxi-M,0.0,drivers,150,25,Ours,-3.5533333333333332,100.0,809,0,-3.5833333333333335,-5.194227024392689,0.0,0.0,0.9260677966101695,0.0739322033898305,0.0,100.0,20.714648723602295
taxi-M,0.0,drivers,150,25,Ours w/o stitching,-3.5533333333333332,100.0,809,0,-3.8516666666666666,-5.4374382099491205,0.0,0.0,0.9480920126081417,0.05190798739185836,0.0,100.0,20.714648723602295
taxi-M,0.0,drivers,150,25,Ours w/o execution rule,-3.5533333333333332,100.0,809,0,-3.5833333333333335,-5.194227024392689,0.0,0.0,0.9260677966101695,0.0739322033898305,0.0,100.0,20.714648723602295
taxi-M,0.0,drivers,150,25,Factored Batch RL,-3.5533333333333332,100.0,809,0,-3.5833333333333335,-5.194227024392689,0.0,0.0,0.9260677966101695,0.0739322033898305,0.0,100.0,20.714648723602295
taxi-M,0.0,drivers,150,26,Imitation,-3.5533333333333332,100.0,810,0,-13.213055555555556,-13.66425272388352,1.3916666666666666,52.83333333333333,0.9516119685526087,0.0,0.048388031447391296,100.0,27.93175196647644
taxi-M,0.0,drivers,150,26,BC,-3.5533333333333332,100.0,810,0,-23.620833333333334,-13.79364202993478,1.3916666666666666,52.83333333333333,0.9580328198426858,0.0,0.0419671801573141,95.25,27.93175196647644
taxi-M,0.0,drivers,150,26,RECO,-3.5533333333333332,100.0,810,0,-13.825833333333334,-14.19247024882984,0.0,0.0,0.9606647094034148,0.03933529059658524,0.0,100.0,27.93175196647644
taxi-M,0.0,drivers,150,26,RECO-greedy,-3.5533333333333332,100.0,810,0,-4.303333333333334,-5.866827195319673,0.0,0.0,0.9545514424976946,0.045448557502305365,0.0,100.0,27.93175196647644
taxi-M,0.0,drivers,150,26,In-data planning (POR-style),-3.5533333333333332,100.0,810,0,-3.81,-5.403928739756868,1.3916666666666666,52.83333333333333,0.9439070267365309,0.0,0.05609297326346903,100.0,27.93175196647644
taxi-M,0.0,drivers,150,26,Ours,-3.5533333333333332,100.0,810,0,-3.783333333333333,-5.381007901570958,0.0,0.0,0.9206455951580363,0.07935440484196368,0.0,100.0,27.93175196647644
taxi-M,0.0,drivers,150,26,Ours w/o stitching,-3.5533333333333332,100.0,810,0,-3.9483333333333333,-5.536024444981553,0.0,0.0,0.9394415124590821,0.060558487540917895,0.0,100.0,27.93175196647644
taxi-M,0.0,drivers,150,26,Ours w/o execution rule,-3.5533333333333332,100.0,810,0,-3.783333333333333,-5.381007901570958,0.0,0.0,0.9206455951580363,0.07935440484196368,0.0,100.0,27.93175196647644
taxi-M,0.0,drivers,150,26,Factored Batch RL,-3.5533333333333332,100.0,810,0,-3.783333333333333,-5.381007901570958,0.0,0.0,0.9206455951580363,0.07935440484196368,0.0,100.0,27.93175196647644
taxi-M,0.0,drivers,150,27,Imitation,-3.5533333333333332,100.0,705,0,-13.901666666666667,-14.235513109139559,2.3933333333333335,60.16666666666667,0.9167077520953568,0.0,0.08329224790464314,100.0,17.70044183731079
taxi-M,0.0,drivers,150,27,BC,-3.5533333333333332,100.0,705,0,-44.376666666666665,-23.33951896276886,2.3933333333333335,60.16666666666667,0.9223300970873787,0.0,0.07766990291262135,97.41666666666666,17.70044183731079
taxi-M,0.0,drivers,150,27,RECO,-3.5533333333333332,100.0,705,0,-15.479166666666666,-15.595967856166704,0.0,0.0,0.9387329813837177,0.0612670186162823,0.0,100.0,17.70044183731079
taxi-M,0.0,drivers,150,27,RECO-greedy,-3.5533333333333332,100.0,705,0,-4.56,-6.098169913884129,0.0,0.0,0.9281103286384976,0.07188967136150234,0.0,100.0,17.70044183731079
taxi-M,0.0,drivers,150,27,In-data planning (POR-style),-3.5533333333333332,100.0,705,0,-3.585,-5.19566599885109,2.3933333333333335,60.16666666666667,0.9026506677513388,0.0,0.0973493322486611,100.0,17.70044183731079
taxi-M,0.0,drivers,150,27,Ours,-3.5533333333333332,100.0,705,0,-3.908333333333333,-5.493399047675754,0.0,0.0,0.8808966209434593,0.11910337905654064,0.0,100.0,17.70044183731079
taxi-M,0.0,drivers,150,27,Ours w/o stitching,-3.5533333333333332,100.0,705,0,-3.933333333333333,-5.517410390021912,0.0,0.0,0.890207219251337,0.1097927807486631,0.0,100.0,17.70044183731079
taxi-M,0.0,drivers,150,27,Ours w/o execution rule,-3.5533333333333332,100.0,705,0,-3.908333333333333,-5.493399047675754,0.0,0.0,0.8808966209434593,0.11910337905654064,0.0,100.0,17.70044183731079
taxi-M,0.0,drivers,150,27,Factored Batch RL,-3.5533333333333332,100.0,705,0,-3.908333333333333,-5.493399047675754,0.0,0.0,0.8808966209434593,0.11910337905654064,0.0,100.0,17.70044183731079
taxi-M,0.0,drivers,150,28,Imitation,-3.5533333333333332,100.0,747,0,-15.303055555555556,-15.47231601648361,2.1991666666666667,58.166666666666664,0.9246358876725369,0.0,0.07536411232746311,100.0,18.82798719406128
taxi-M,0.0,drivers,150,28,BC,-3.5533333333333332,100.0,747,0,-80.82416666666667,-37.873574368560696,2.1991666666666667,58.166666666666664,0.9463737782203165,0.0,0.0536262217796834,90.83333333333333,18.82798719406128
taxi-M,0.0,drivers,150,28,RECO,-3.5533333333333332,100.0,747,0,-16.724166666666665,-16.723955476838785,0.01,1.0,0.9479230214630359,0.05174421829072153,0.00033276024624258224,100.0,18.82798719406128
taxi-M,0.0,drivers,150,28,RECO-greedy,-3.5533333333333332,100.0,747,0,-4.248333333333333,-5.8116519122812695,0.01,1.0,0.938015710607961,0.06158822364512509,0.0003960657469139877,100.0,18.82798719406128
taxi-M,0.0,drivers,150,28,In-data planning (POR-style),-3.5533333333333332,100.0,747,0,-3.6083333333333334,-5.215418328530482,2.1991666666666667,58.166666666666664,0.9106332543176431,0.0,0.08936674568235692,100.0,18.82798719406128
taxi-M,0.0,drivers,150,28,Ours,-3.5533333333333332,100.0,747,0,-3.6883333333333335,-5.292014080532595,0.01,1.0,0.9054546681968542,0.0941402821845676,0.00040504961857827583,100.0,18.82798719406128
taxi-M,0.0,drivers,150,28,Ours w/o stitching,-3.5533333333333332,100.0,747,0,-3.736666666666667,-5.3357621175631404,0.01,1.0,0.910119929928581,0.08947581188519067,0.00040425818622827114,100.0,18.82798719406128
taxi-M,0.0,drivers,150,28,Ours w/o execution rule,-3.5533333333333332,100.0,747,0,-3.6883333333333335,-5.292014080532595,0.01,1.0,0.9054546681968542,0.0941402821845676,0.00040504961857827583,100.0,18.82798719406128
taxi-M,0.0,drivers,150,28,Factored Batch RL,-3.5533333333333332,100.0,747,0,-3.6883333333333335,-5.292014080532595,0.01,1.0,0.9054546681968542,0.0941402821845676,0.00040504961857827583,100.0,18.82798719406128
taxi-M,0.0,drivers,150,29,Imitation,-3.5533333333333332,100.0,686,0,-15.424444444444445,-15.59465664781837,2.2183333333333333,62.33333333333333,0.9231198736955601,0.0,0.07688012630443991,100.0,25.123157024383545
taxi-M,0.0,drivers,150,29,BC,-3.5533333333333332,100.0,686,0,-70.005,-33.75573800047337,2.2183333333333333,62.33333333333333,0.9348219969639097,0.0,0.0651780030360903,95.25,25.123157024383545
taxi-M,0.0,drivers,150,29,RECO,-3.5533333333333332,100.0,686,0,-16.3675,-16.39627956411371,0.0,0.0,0.939670066321128,0.06032993367887198,0.0,100.0,25.123157024383545
taxi-M,0.0,drivers,150,29,RECO-greedy,-3.5533333333333332,100.0,686,0,-4.628333333333333,-6.148707103929657,0.0,0.0,0.9296026533133901,0.07039734668660987,0.0,100.0,25.123157024383545
taxi-M,0.0,drivers,150,29,In-data planning (POR-style),-3.5533333333333332,100.0,686,0,-3.7016666666666667,-5.303008767224555,2.2183333333333333,62.33333333333333,0.9101949935901761,0.0,0.0898050064098239,100.0,25.123157024383545
taxi-M,0.0,drivers,150,29,Ours,-3.5533333333333332,100.0,686,0,-3.7783333333333333,-5.373874128142566,0.0,0.0,0.8552835138225601,0.14471648617743996,0.0,100.0,25.123157024383545
taxi-M,0.0,drivers,150,29,Ours w/o stitching,-3.5533333333333332,100.0,686,0,-3.908333333333333,-5.49540717679765,0.0,0.0,0.8964202074272332,0.10357979257276681,0.0,100.0,25.123157024383545
taxi-M,0.0,drivers,150,29,Ours w/o execution rule,-3.5533333333333332,100.0,686,0,-3.7783333333333333,-5.373874128142566,0.0,0.0,0.8552835138225601,0.14471648617743996,0.0,100.0,25.123157024383545
taxi-M,0.0,drivers,150,29,Factored Batch RL,-3.5533333333333332,100.0,686,0,-3.7783333333333333,-5.373874128142566,0.0,0.0,0.8552835138225601,0.14471648617743996,0.0,100.0,25.123157024383545
taxi-M,0.0,noisy_expert,50,0,Imitation,-3.5533333333333332,100.0,479,0,-10.939444444444444,-11.726041785350466,3.29,72.16666666666667,0.8794516086350266,0.0,0.12054839136497339,100.0,14.900691270828247
taxi-M,0.0,noisy_expert,50,0,BC,-3.5533333333333332,100.0,479,0,-216.22083333333333,-93.39404869272114,3.29,72.16666666666667,0.9427908998695841,0.0,0.05720910013041588,81.08333333333333,14.900691270828247
taxi-M,0.0,noisy_expert,50,0,RECO,-3.5533333333333332,100.0,479,0,-12.409444444444444,-13.006944494168456,0.0,0.0,0.9030893961192985,0.09691060388070148,0.0,100.0,14.900691270828247
taxi-M,0.0,noisy_expert,50,0,RECO-greedy,-3.5533333333333332,100.0,479,0,-4.845,-6.35355937491097,0.0,0.0,0.8928548397497904,0.10714516025020958,0.0,100.0,14.900691270828247
taxi-M,0.0,noisy_expert,50,0,In-data planning (POR-style),-3.5533333333333332,100.0,479,0,-3.6166666666666667,-5.225880649688833,3.29,72.16666666666667,0.8663507109004739,0.0,0.13364928909952606,100.0,14.900691270828247
taxi-M,0.0,noisy_expert,50,0,Ours,-3.5533333333333332,100.0,479,0,-4.023333333333333,-5.604206798702329,0.0,0.0,0.8455774610363661,0.15442253896363395,0.0,100.0,14.900691270828247
taxi-M,0.0,noisy_expert,50,0,Ours w/o stitching,-3.5533333333333332,100.0,479,0,-4.098333333333334,-5.675818781533951,0.0,0.0,0.8576598711733847,0.14234012882661531,0.0,100.0,14.900691270828247
taxi-M,0.0,noisy_expert,50,0,Ours w/o execution rule,-3.5533333333333332,100.0,479,0,-4.023333333333333,-5.604206798702329,0.0,0.0,0.8455774610363661,0.15442253896363395,0.0,100.0,14.900691270828247
taxi-M,0.0,noisy_expert,50,0,Factored Batch RL,-3.5533333333333332,100.0,479,0,-4.023333333333333,-5.604206798702329,0.0,0.0,0.8455774610363661,0.15442253896363395,0.0,100.0,14.900691270828247
taxi-M,0.0,noisy_expert,50,1,Imitation,-3.5533333333333332,100.0,447,0,-11.494444444444444,-12.173059704510285,4.940833333333333,74.33333333333333,0.8162025316455697,0.0,0.1837974683544304,100.0,16.579326391220093
taxi-M,0.0,noisy_expert,50,1,BC,-3.5533333333333332,100.0,447,0,-107.48416666666667,-48.20871994341707,4.940833333333333,74.33333333333333,0.8979570762267008,0.0,0.10204292377329914,86.16666666666667,16.579326391220093
taxi-M,0.0,noisy_expert,50,1,RECO,-3.5533333333333332,100.0,447,0,-12.67,-13.161925199716471,1.7116666666666667,17.5,0.8394939888749328,0.0990788922782463,0.061427118846820984,100.0,16.579326391220093
taxi-M,0.0,noisy_expert,50,1,RECO-greedy,-3.5533333333333332,100.0,447,0,-4.415,-5.95402471167195,1.7116666666666667,17.5,0.8240212472949046,0.10863007410321988,0.06734867860187553,100.0,16.579326391220093
taxi-M,0.0,noisy_expert,50,1,In-data planning (POR-style),-3.5533333333333332,100.0,447,0,-3.585,-5.194144284721971,4.940833333333333,74.33333333333333,0.7990305741983594,0.0,0.20096942580164057,100.0,16.579326391220093
taxi-M,0.0,noisy_expert,50,1,Ours,-3.5533333333333332,100.0,447,0,-3.888333333333333,-5.477820150791157,1.7116666666666667,17.5,0.7985334494073528,0.13269269403334896,0.0687738565592982,100.0,16.579326391220093
taxi-M,0.0,noisy_expert,50,1,Ours w/o stitching,-3.5533333333333332,100.0,447,0,-3.908333333333333,-5.496212637045786,1.7116666666666667,17.5,0.7990966878554701,0.13218467714954835,0.0687186349949816,100.0,16.579326391220093
taxi-M,0.0,noisy_expert,50,1,Ours w/o execution rule,-3.5533333333333332,100.0,447,0,-3.888333333333333,-5.477820150791157,1.7116666666666667,17.5,0.7985334494073528,0.13269269403334896,0.0687738565592982,100.0,16.579326391220093
taxi-M,0.0,noisy_expert,50,1,Factored Batch RL,-3.5533333333333332,100.0,447,0,-3.9783333333333335,-5.565230348059986,0.01,1.0,0.7956562354040169,0.20394341762861146,0.00040034696737172216,100.0,16.579326391220093
taxi-M,0.0,noisy_expert,50,2,Imitation,-3.5533333333333332,100.0,452,0,-12.37861111111111,-12.783062407978319,3.305833333333333,73.91666666666666,0.8768139944105166,0.0,0.12318600558948349,100.0,15.149659633636475
taxi-M,0.0,noisy_expert,50,2,BC,-3.5533333333333332,100.0,452,0,-164.1775,-72.18241195192206,3.305833333333333,73.91666666666666,0.925029292814756,0.0,0.07497070718524398,88.75,15.149659633636475
taxi-M,0.0,noisy_expert,50,2,RECO,-3.5533333333333332,100.0,452,0,-14.054722222222223,-14.207310032356315,0.05,4.0,0.8911716642712292,0.10705636825421827,0.0017719674745525782,100.0,15.149659633636475
taxi-M,0.0,noisy_expert,50,2,RECO-greedy,-3.5533333333333332,100.0,452,0,-4.873333333333333,-6.370346777614902,0.05,4.0,0.8813128059778408,0.11675470239628961,0.0019324916258696213,100.0,15.149659633636475
taxi-M,0.0,noisy_expert,50,2,In-data planning (POR-style),-3.5533333333333332,100.0,452,0,-3.56,-5.171422919361579,3.305833333333333,73.91666666666666,0.8653976655808904,0.0,0.13460233441910965,100.0,15.149659633636475
taxi-M,0.0,noisy_expert,50,2,Ours,-3.5533333333333332,100.0,452,0,-4.168333333333333,-5.740007813327996,0.05,4.0,0.8497119396066486,0.14830143699092777,0.0019866234024236806,100.0,15.149659633636475
taxi-M,0.0,noisy_expert,50,2,Ours w/o stitching,-3.5533333333333332,100.0,452,0,-4.175,-5.746046025038954,0.05,4.0,0.8527639854352863,0.14524991724594505,0.0019860973187686196,100.0,15.149659633636475
taxi-M,0.0,noisy_expert,50,2,Ours w/o execution rule,-3.5533333333333332,100.0,452,0,-4.168333333333333,-5.740007813327996,0.05,4.0,0.8497119396066486,0.14830143699092777,0.0019866234024236806,100.0,15.149659633636475
taxi-M,0.0,noisy_expert,50,2,Factored Batch RL,-3.5533333333333332,100.0,452,0,-4.168333333333333,-5.740007813327996,0.05,4.0,0.8497119396066486,0.14830143699092777,0.0019866234024236806,100.0,15.149659633636475
taxi-M,0.0,noisy_expert,50,3,Imitation,-3.5533333333333332,100.0,437,0,-12.645833333333334,-13.084459051005833,4.0025,76.0,0.8546175500196749,0.0,0.1453824499803251,100.0,26.08167266845703
taxi-M,0.0,noisy_expert,50,3,BC,-3.5533333333333332,100.0,437,0,-68.71,-32.71599052168046,4.0025,76.0,0.8866949752300071,0.0,0.11330502476999292,93.91666666666667,26.08167266845703
taxi-M,0.0,noisy_expert,50,3,RECO,-3.5533333333333332,100.0,437,0,-14.920555555555556,-15.037917519614233,0.0,0.0,0.8873825708393798,0.11261742916062017,0.0,100.0,26.08167266845703
taxi-M,0.0,noisy_expert,50,3,RECO-greedy,-3.5533333333333332,100.0,437,0,-4.873333333333333,-6.367544012396667,0.0,0.0,0.8733573821180108,0.1266426178819892,0.0,100.0,26.08167266845703
taxi-M,0.0,noisy_expert,50,3,In-data planning (POR-style),-3.5533333333333332,100.0,437,0,-3.5533333333333332,-5.16538470765062,4.0025,76.0,0.8369875101819169,0.0,0.16301248981808308,100.0,26.08167266845703
taxi-M,0.0,noisy_expert,50,3,Ours,-3.5533333333333332,100.0,437,0,-4.118333333333333,-5.6925773025692346,0.0,0.0,0.8287771216243116,0.17122287837568842,0.0,100.0,26.08167266845703
taxi-M,0.0,noisy_expert,50,3,Ours w/o stitching,-3.5533333333333332,100.0,437,0,-4.118333333333333,-5.6925773025692346,0.0,0.0,0.8287771216243116,0.17122287837568842,0.0,100.0,26.08167266845703
taxi-M,0.0,noisy_expert,50,3,Ours w/o execution rule,-3.5533333333333332,100.0,437,0,-4.118333333333333,-5.6925773025692346,0.0,0.0,0.8287771216243116,0.17122287837568842,0.0,100.0,26.08167266845703
taxi-M,0.0,noisy_expert,50,3,Factored Batch RL,-3.5533333333333332,100.0,437,0,-4.118333333333333,-5.6925773025692346,0.0,0.0,0.8287771216243116,0.17122287837568842,0.0,100.0,26.08167266845703
taxi-M,0.0,noisy_expert,50,4,Imitation,-3.5533333333333332,100.0,436,0,-12.8375,-13.279056227768525,3.3766666666666665,75.25,0.876085626911315,0.0,0.12391437308868501,100.0,22.589550971984863
taxi-M,0.0,noisy_expert,50,4,BC,-3.5533333333333332,100.0,436,0,-111.06,-50.48745641457318,3.3766666666666665,75.25,0.9409983109091968,0.0,0.059001689090803194,81.41666666666667,22.589550971984863
taxi-M,0.0,noisy_expert,50,4,RECO,-3.5533333333333332,100.0,436,0,-14.355277777777777,-14.54807376399462,0.0,0.0,0.8923618498675074,0.1076381501324926,0.0,100.0,22.589550971984863
taxi-M,0.0,noisy_expert,50,4,RECO-greedy,-3.5533333333333332,100.0,436,0,-4.848333333333334,-6.3554450558536795,0.0,0.0,0.8803920304339415,0.11960796956605842,0.0,100.0,22.589550971984863
taxi-M,0.0,noisy_expert,50,4,In-data planning (POR-style),-3.5533333333333332,100.0,436,0,-3.558333333333333,-5.169800867566996,3.3766666666666665,75.25,0.8625042416016288,0.0,0.13749575839837122,100.0,22.589550971984863
taxi-M,0.0,noisy_expert,50,4,Ours,-3.5533333333333332,100.0,436,0,-4.293333333333333,-5.857696443598837,0.0,0.0,0.8475224037954665,0.15247759620453347,0.0,100.0,22.589550971984863
taxi-M,0.0,noisy_expert,50,4,Ours w/o stitching,-3.5533333333333332,100.0,436,0,-4.305,-5.867883592717806,0.0,0.0,0.850490680366199,0.14950931963380096,0.0,100.0,22.589550971984863
taxi-M,0.0,noisy_expert,50,4,Ours w/o execution rule,-3.5533333333333332,100.0,436,0,-4.293333333333333,-5.857696443598837,0.0,0.0,0.8475224037954665,0.15247759620453347,0.0,100.0,22.589550971984863
taxi-M,0.0,noisy_expert,50,4,Factored Batch RL,-3.5533333333333332,100.0,436,0,-4.293333333333333,-5.857696443598837,0.0,0.0,0.8475224037954665,0.15247759620453347,0.0,100.0,22.589550971984863
taxi-M,0.0,noisy_expert,50,5,Imitation,-3.5533333333333332,100.0,460,0,-12.923333333333334,-13.41115978153933,3.3016666666666667,73.41666666666666,0.8803563339876189,0.0,0.11964366601238109,100.0,17.80590534210205
taxi-M,0.0,noisy_expert,50,5,BC,-3.5533333333333332,100.0,460,0,-267.93666666666667,-110.62781392311895,3.3016666666666667,73.41666666666666,0.9511509487467174,0.0,0.0488490512532827,75.25,17.80590534210205
taxi-M,0.0,noisy_expert,50,5,RECO,-3.5533333333333332,100.0,460,0,-14.838611111111112,-15.053719477677806,0.04,3.0,0.9097214873250277,0.08889316465438453,0.0013853480205878108,100.0,17.80590534210205
taxi-M,0.0,noisy_expert,50,5,RECO-greedy,-3.5533333333333332,100.0,460,0,-4.905,-6.41086043740307,0.04,3.0,0.8993759248536318,0.09907997169143666,0.0015441034549314803,100.0,17.80590534210205
taxi-M,0.0,noisy_expert,50,5,In-data planning (POR-style),-3.5533333333333332,100.0,460,0,-3.8,-5.399761291019275,3.3016666666666667,73.41666666666666,0.8668682795698924,0.0,0.13313172043010751,100.0,17.80590534210205
taxi-M,0.0,noisy_expert,50,5,Ours,-3.5533333333333332,100.0,460,0,-3.8983333333333334,-5.488297877543286,0.04,3.0,0.8524332284624138,0.14596023830242988,0.0016065332351563022,100.0,17.80590534210205
taxi-M,0.0,noisy_expert,50,5,Ours w/o stitching,-3.5533333333333332,100.0,460,0,-4.135,-5.7127783818657,0.04,3.0,0.8639015980372654,0.1345069955573238,0.0015914064054107818,100.0,17.80590534210205
taxi-M,0.0,noisy_expert,50,5,Ours w/o execution rule,-3.5533333333333332,100.0,460,0,-3.8983333333333334,-5.488297877543286,0.04,3.0,0.8524332284624138,0.14596023830242988,0.0016065332351563022,100.0,17.80590534210205
taxi-M,0.0,noisy_expert,50,5,Factored Batch RL,-3.5533333333333332,100.0,460,0,-3.8983333333333334,-5.488297877543286,0.04,3.0,0.8524332284624138,0.14596023830242988,0.0016065332351563022,100.0,17.80590534210205
taxi-M,0.0,noisy_expert,50,6,Imitation,-3.5533333333333332,100.0,472,0,-11.346388888888889,-11.945100502694608,3.315,72.66666666666667,0.8772853470437018,0.0,0.1227146529562982,100.0,18.22279453277588
taxi-M,0.0,noisy_expert,50,6,BC,-3.5533333333333332,100.0,472,0,-25.965833333333332,-14.760337289194888,3.315,72.66666666666667,0.8892261424076189,0.0,0.11077385759238116,97.0,18.22279453277588
taxi-M,0.0,noisy_expert,50,6,RECO,-3.5533333333333332,100.0,472,0,-13.202222222222222,-13.536906777109948,0.01,1.0,0.9118223765718132,0.08782643475207055,0.00035118867611624345,100.0,18.22279453277588
taxi-M,0.0,noisy_expert,50,6,RECO-greedy,-3.5533333333333332,100.0,472,0,-4.901666666666666,-6.401608623690876,0.01,1.0,0.903062865967441,0.09655105849044462,0.00038607554211440707,100.0,18.22279453277588
taxi-M,0.0,noisy_expert,50,6,In-data planning (POR-style),-3.5533333333333332,100.0,472,0,-3.5533333333333332,-5.16538470765062,3.315,72.66666666666667,0.8649877816997014,0.0,0.13501221830029866,100.0,18.22279453277588
taxi-M,0.0,noisy_expert,50,6,Ours,-3.5533333333333332,100.0,472,0,-4.043333333333333,-5.624531545537379,0.01,1.0,0.8592107014508186,0.14038999068281646,0.0003993078663649674,100.0,18.22279453277588
taxi-M,0.0,noisy_expert,50,6,Ours w/o stitching,-3.5533333333333332,100.0,472,0,-4.043333333333333,-5.624531545537379,0.01,1.0,0.8613736190602955,0.13822707307333953,0.0003993078663649674,100.0,18.22279453277588
taxi-M,0.0,noisy_expert,50,6,Ours w/o execution rule,-3.5533333333333332,100.0,472,0,-4.043333333333333,-5.624531545537379,0.01,1.0,0.8592107014508186,0.14038999068281646,0.0003993078663649674,100.0,18.22279453277588
taxi-M,0.0,noisy_expert,50,6,Factored Batch RL,-3.5533333333333332,100.0,472,0,-4.043333333333333,-5.624531545537379,0.01,1.0,0.8592107014508186,0.14038999068281646,0.0003993078663649674,100.0,18.22279453277588
taxi-M,0.0,noisy_expert,50,7,Imitation,-3.5533333333333332,100.0,448,0,-12.341388888888888,-12.87524567012899,3.3075,75.58333333333334,0.8786523037412227,0.0,0.12134769625877725,100.0,20.470953941345215
taxi-M,0.0,noisy_expert,50,7,BC,-3.5533333333333332,100.0,448,0,-165.4325,-72.82592041233741,3.3075,75.58333333333334,0.9400489396411092,0.0,0.0599510603588907,82.33333333333334,20.470953941345215
taxi-M,0.0,noisy_expert,50,7,RECO,-3.5533333333333332,100.0,448,0,-13.950833333333334,-14.271715200485835,0.01,1.0,0.9046979865771813,0.0949518529325941,0.00035016049022468633,100.0,20.470953941345215
taxi-M,0.0,noisy_expert,50,7,RECO-greedy,-3.5533333333333332,100.0,448,0,-4.7316666666666665,-6.261142735342266,0.01,1.0,0.8942289008355463,0.10538247295809314,0.0003886262063605156,100.0,20.470953941345215
taxi-M,0.0,noisy_expert,50,7,In-data planning (POR-style),-3.5533333333333332,100.0,448,0,-3.5533333333333332,-5.16538470765062,3.3075,75.58333333333334,0.865293239207168,0.0,0.13470676079283192,100.0,20.470953941345215
taxi-M,0.0,noisy_expert,50,7,Ours,-3.5533333333333332,100.0,448,0,-4.023333333333333,-5.6041745586583795,0.01,1.0,0.8540695351005728,0.145530837884641,0.00039962701478619956,100.0,20.470953941345215
taxi-M,0.0,noisy_expert,50,7,Ours w/o stitching,-3.5533333333333332,100.0,448,0,-4.023333333333333,-5.6041745586583795,0.01,1.0,0.8572332489676302,0.14236712401758359,0.00039962701478619956,100.0,20.470953941345215
taxi-M,0.0,noisy_expert,50,7,Ours w/o execution rule,-3.5533333333333332,100.0,448,0,-4.023333333333333,-5.6041745586583795,0.01,1.0,0.8540695351005728,0.145530837884641,0.00039962701478619956,100.0,20.470953941345215
taxi-M,0.0,noisy_expert,50,7,Factored Batch RL,-3.5533333333333332,100.0,448,0,-4.023333333333333,-5.6041745586583795,0.01,1.0,0.8540695351005728,0.145530837884641,0.00039962701478619956,100.0,20.470953941345215
taxi-M,0.0,noisy_expert,50,8,Imitation,-3.5533333333333332,100.0,415,0,-12.333333333333334,-12.84122395748136,3.82,77.16666666666666,0.8570403867144862,0.0,0.1429596132855138,100.0,14.587001323699951
taxi-M,0.0,noisy_expert,50,8,BC,-3.5533333333333332,100.0,415,0,-288.48583333333335,-122.25378927513263,3.82,77.16666666666666,0.9256929810342033,0.0,0.07430701896579672,84.41666666666666,14.587001323699951
taxi-M,0.0,noisy_expert,50,8,RECO,-3.5533333333333332,100.0,415,0,-15.229722222222222,-15.318487704309756,0.155,9.0,0.8695294198367035,0.12500122521392235,0.005469354949374161,100.0,14.587001323699951
taxi-M,0.0,noisy_expert,50,8,RECO-greedy,-3.5533333333333332,100.0,415,0,-5.038333333333333,-6.506740251318224,0.155,9.0,0.8579978237214363,0.1360494143250336,0.005952761953530052,100.0,14.587001323699951
taxi-M,0.0,noisy_expert,50,8,In-data planning (POR-style),-3.5533333333333332,100.0,415,0,-3.6233333333333335,-5.228038754108047,3.82,77.16666666666666,0.8448625964532287,0.0,0.15513740354677136,100.0,14.587001323699951
taxi-M,0.0,noisy_expert,50,8,Ours,-3.5533333333333332,100.0,415,0,-4.238333333333333,-5.79775040439579,0.155,9.0,0.8268837086442581,0.16697483986000133,0.006141451495740607,100.0,14.587001323699951
taxi-M,0.0,noisy_expert,50,8,Ours w/o stitching,-3.5533333333333332,100.0,415,0,-4.315,-5.866160254643652,0.155,9.0,0.8306998485746264,0.16317729936137995,0.00612285206399368,100.0,14.587001323699951
taxi-M,0.0,noisy_expert,50,8,Ours w/o execution rule,-3.5533333333333332,100.0,415,0,-4.238333333333333,-5.79775040439579,0.155,9.0,0.8268837086442581,0.16697483986000133,0.006141451495740607,100.0,14.587001323699951
taxi-M,0.0,noisy_expert,50,8,Factored Batch RL,-3.5533333333333332,100.0,415,0,-4.238333333333333,-5.79775040439579,0.155,9.0,0.8268837086442581,0.16697483986000133,0.006141451495740607,100.0,14.587001323699951
taxi-M,0.0,noisy_expert,50,9,Imitation,-3.5533333333333332,100.0,482,0,-11.25361111111111,-11.94214185028495,2.9141666666666666,71.58333333333333,0.8903257506063393,0.0,0.10967424939366062,100.0,17.068169832229614
taxi-M,0.0,noisy_expert,50,9,BC,-3.5533333333333332,100.0,482,0,-156.87166666666667,-69.44007735893499,2.9141666666666666,71.58333333333333,0.9383788546255507,0.0,0.06162114537444934,86.83333333333333,17.068169832229614
taxi-M,0.0,noisy_expert,50,9,RECO,-3.5533333333333332,100.0,482,0,-13.3475,-13.77479561780378,0.02,2.0,0.910525532231651,0.0887598630340926,0.0007146047342563645,100.0,17.068169832229614
taxi-M,0.0,noisy_expert,50,9,RECO-greedy,-3.5533333333333332,100.0,482,0,-4.763333333333334,-6.2816969586738445,0.02,2.0,0.9028011385690258,0.09642256436796481,0.0007762970630094449,100.0,17.068169832229614
taxi-M,0.0,noisy_expert,50,9,In-data planning (POR-style),-3.5533333333333332,100.0,482,0,-3.58,-5.190689614824498,2.9141666666666666,71.58333333333333,0.8814415513967996,0.0,0.11855844860320043,100.0,17.068169832229614
taxi-M,0.0,noisy_expert,50,9,Ours,-3.5533333333333332,100.0,482,0,-4.153333333333333,-5.722028095167273,0.02,2.0,0.8681420620196131,0.13106281473628412,0.0007951232441028359,100.0,17.068169832229614
taxi-M,0.0,noisy_expert,50,9,Ours w/o stitching,-3.5533333333333332,100.0,482,0,-4.173333333333333,-5.741047732771028,0.02,2.0,0.8708620233050848,0.12834348516949154,0.0007944915254237289,100.0,17.068169832229614
taxi-M,0.0,noisy_expert,50,9,Ours w/o execution rule,-3.5533333333333332,100.0,482,0,-4.153333333333333,-5.722028095167273,0.02,2.0,0.8681420620196131,0.13106281473628412,0.0007951232441028359,100.0,17.068169832229614
taxi-M,0.0,noisy_expert,50,9,Factored Batch RL,-3.5533333333333332,100.0,482,0,-4.153333333333333,-5.722028095167273,0.02,2.0,0.8681420620196131,0.13106281473628412,0.0007951232441028359,100.0,17.068169832229614
taxi-M,0.0,noisy_expert,50,10,Imitation,-3.5533333333333332,100.0,462,0,-14.086944444444445,-14.294631699863626,3.4175,73.75,0.8756116795405832,0.0,0.12438832045941683,100.0,21.872432947158813
taxi-M,0.0,noisy_expert,50,10,BC,-3.5533333333333332,100.0,462,0,-165.85666666666665,-73.22731602879459,3.4175,73.75,0.9384446812662294,0.0,0.06155531873377062,82.33333333333334,21.872432947158813
taxi-M,0.0,noisy_expert,50,10,RECO,-3.5533333333333332,100.0,462,0,-15.555277777777778,-15.56677977665697,0.07,5.0,0.903866086737511,0.09369278608170026,0.0024411271807887164,100.0,21.872432947158813
taxi-M,0.0,noisy_expert,50,10,RECO-greedy,-3.5533333333333332,100.0,462,0,-4.71,-6.237149796433931,0.07,5.0,0.8927784260339686,0.10449889796447556,0.0027226760015558148,100.0,21.872432947158813
taxi-M,0.0,noisy_expert,50,10,In-data planning (POR-style),-3.5533333333333332,100.0,462,0,-3.6083333333333334,-5.216726019545228,3.4175,73.75,0.8611242803928209,0.0,0.13887571960717915,100.0,21.872432947158813
taxi-M,0.0,noisy_expert,50,10,Ours,-3.5533333333333332,100.0,462,0,-3.9483333333333333,-5.536406660296869,0.07,5.0,0.8513594762509186,0.14583472509853698,0.0028057986505444586,100.0,21.872432947158813
taxi-M,0.0,noisy_expert,50,10,Ours w/o stitching,-3.5533333333333332,100.0,462,0,-4.0,-5.585282151078342,0.07,5.0,0.8561,0.1411,0.0028,100.0,21.872432947158813
taxi-M,0.0,noisy_expert,50,10,Ours w/o execution rule,-3.5533333333333332,100.0,462,0,-3.9483333333333333,-5.536406660296869,0.07,5.0,0.8513594762509186,0.14583472509853698,0.0028057986505444586,100.0,21.872432947158813
taxi-M,0.0,noisy_expert,50,10,Factored Batch RL,-3.5533333333333332,100.0,462,0,-3.9483333333333333,-5.536406660296869,0.07,5.0,0.8513594762509186,0.14583472509853698,0.0028057986505444586,100.0,21.872432947158813
taxi-M,0.0,noisy_expert,50,11,Imitation,-3.5533333333333332,100.0,436,0,-12.675833333333333,-13.208522463346076,3.5341666666666667,76.5,0.8707721372417576,0.0,0.12922786275824244,100.0,23.449209451675415
taxi-M,0.0,noisy_expert,50,11,BC,-3.5533333333333332,100.0,436,0,-317.1275,-136.72063041364527,3.5341666666666667,76.5,0.9364672748790317,0.0,0.06353272512096834,82.08333333333333,23.449209451675415
taxi-M,0.0,noisy_expert,50,11,RECO,-3.5533333333333332,100.0,436,0,-14.573055555555555,-14.839623151356607,0.02,2.0,0.8780596696236194,0.12124153192150164,0.000698798454878972,100.0,23.449209451675415
taxi-M,0.0,noisy_expert,50,11,RECO-greedy,-3.5533333333333332,100.0,436,0,-4.685,-6.196732854132821,0.02,2.0,0.864123029005256,0.13509830640451626,0.0007786645902277594,100.0,23.449209451675415
taxi-M,0.0,noisy_expert,50,11,In-data planning (POR-style),-3.5533333333333332,100.0,436,0,-3.58,-5.189130025495152,3.5341666666666667,76.5,0.856217792243016,0.0,0.143782207756984,100.0,23.449209451675415
taxi-M,0.0,noisy_expert,50,11,Ours,-3.5533333333333332,100.0,436,0,-4.153333333333333,-5.715841512936358,0.02,2.0,0.8362708719851577,0.16293400477073947,0.0007951232441028359,100.0,23.449209451675415
taxi-M,0.0,noisy_expert,50,11,Ours w/o stitching,-3.5533333333333332,100.0,436,0,-4.173333333333333,-5.733508383030712,0.02,2.0,0.8376588983050848,0.16154661016949154,0.0007944915254237289,100.0,23.449209451675415
taxi-M,0.0,noisy_expert,50,11,Ours w/o execution rule,-3.5533333333333332,100.0,436,0,-4.153333333333333,-5.715841512936358,0.02,2.0,0.8362708719851577,0.16293400477073947,0.0007951232441028359,100.0,23.449209451675415
taxi-M,0.0,noisy_expert,50,11,Factored Batch RL,-3.5533333333333332,100.0,436,0,-4.153333333333333,-5.715841512936358,0.02,2.0,0.8362708719851577,0.16293400477073947,0.0007951232441028359,100.0,23.449209451675415
taxi-M,0.0,noisy_expert,50,12,Imitation,-3.5533333333333332,100.0,424,0,-12.174722222222222,-12.679883385166665,3.6508333333333334,76.08333333333334,0.8653560488869311,0.0,0.13464395111306895,100.0,18.017627000808716
taxi-M,0.0,noisy_expert,50,12,BC,-3.5533333333333332,100.0,424,0,-125.53583333333333,-56.159307214901126,3.6508333333333334,76.08333333333334,0.9490237602103745,0.0,0.05097623978962556,73.0,18.017627000808716
taxi-M,0.0,noisy_expert,50,12,RECO,-3.5533333333333332,100.0,424,0,-13.678611111111111,-13.971676065054572,0.08,6.0,0.8721978366515127,0.12498040445210848,0.0028217588963787427,100.0,18.017627000808716
taxi-M,0.0,noisy_expert,50,12,RECO-greedy,-3.5533333333333332,100.0,424,0,-4.741666666666666,-6.255007031958141,0.08,6.0,0.8592424732923276,0.1376497248300421,0.003107801877630301,100.0,18.017627000808716
taxi-M,0.0,noisy_expert,50,12,In-data planning (POR-style),-3.5533333333333332,100.0,424,0,-3.58,-5.190353757376249,3.6508333333333334,76.08333333333334,0.8514713859506374,0.0,0.14852861404936263,100.0,18.017627000808716
taxi-M,0.0,noisy_expert,50,12,Ours,-3.5533333333333332,100.0,424,0,-4.1433333333333335,-5.711418640445575,0.08,6.0,0.8283176454991382,0.16850059657961022,0.0031817579212514917,100.0,18.017627000808716
taxi-M,0.0,noisy_expert,50,12,Ours w/o stitching,-3.5533333333333332,100.0,424,0,-4.163333333333333,-5.730440050111185,0.08,6.0,0.8339515167571864,0.16286925420585507,0.0031792290369585374,100.0,18.017627000808716
taxi-M,0.0,noisy_expert,50,12,Ours w/o execution rule,-3.5533333333333332,100.0,424,0,-4.1433333333333335,-5.711418640445575,0.08,6.0,0.8283176454991382,0.16850059657961022,0.0031817579212514917,100.0,18.017627000808716
taxi-M,0.0,noisy_expert,50,12,Factored Batch RL,-3.5533333333333332,100.0,424,0,-4.1433333333333335,-5.711418640445575,0.08,6.0,0.8283176454991382,0.16850059657961022,0.0031817579212514917,100.0,18.017627000808716
taxi-M,0.0,noisy_expert,50,13,Imitation,-3.5533333333333332,100.0,447,0,-14.191666666666666,-14.582877458192964,3.6766666666666667,75.33333333333333,0.8676942453594026,0.0,0.13230575464059735,100.0,22.76349687576294
taxi-M,0.0,noisy_expert,50,13,BC,-3.5533333333333332,100.0,447,0,-260.06166666666667,-112.52270358532806,3.6766666666666667,75.33333333333333,0.9553459374114408,0.0,0.04465406258855917,67.08333333333333,22.76349687576294
taxi-M,0.0,noisy_expert,50,13,RECO,-3.5533333333333332,100.0,447,0,-16.329722222222223,-16.390546583887325,0.06,3.0,0.8897521870043028,0.10819616075075275,0.002051652244944482,100.0,22.76349687576294
taxi-M,0.0,noisy_expert,50,13,RECO-greedy,-3.5533333333333332,100.0,447,0,-4.665,-6.19157968796362,0.06,3.0,0.8743749594129488,0.12328722644327554,0.0023378141437755697,100.0,22.76349687576294
taxi-M,0.0,noisy_expert,50,13,In-data planning (POR-style),-3.5533333333333332,100.0,447,0,-3.5533333333333332,-5.16538470765062,3.6766666666666667,75.33333333333333,0.8502579418951941,0.0,0.14974205810480587,100.0,22.76349687576294
taxi-M,0.0,noisy_expert,50,13,Ours,-3.5533333333333332,100.0,447,0,-4.028333333333333,-5.608427177850236,0.06,3.0,0.8324565492441899,0.16514616767663315,0.002397283079176933,100.0,22.76349687576294
taxi-M,0.0,noisy_expert,50,13,Ours w/o stitching,-3.5533333333333332,100.0,447,0,-4.028333333333333,-5.608427177850236,0.06,3.0,0.8391156689085703,0.15848704801225277,0.002397283079176933,100.0,22.76349687576294
taxi-M,0.0,noisy_expert,50,13,Ours w/o execution rule,-3.5533333333333332,100.0,447,0,-4.028333333333333,-5.608427177850236,0.06,3.0,0.8324565492441899,0.16514616767663315,0.002397283079176933,100.0,22.76349687576294
taxi-M,0.0,noisy_expert,50,13,Factored Batch RL,-3.5533333333333332,100.0,447,0,-4.028333333333333,-5.608427177850236,0.06,3.0,0.8324565492441899,0.16514616767663315,0.002397283079176933,100.0,22.76349687576294
taxi-M,0.0,noisy_expert,50,14,Imitation,-3.5533333333333332,100.0,445,0,-12.918055555555556,-13.28948599943625,3.6733333333333333,76.0,0.865780258817559,0.0,0.134219741182441,100.0,17.510815858840942
taxi-M,0.0,noisy_expert,50,14,BC,-3.5533333333333332,100.0,445,0,-224.56,-97.88165266395407,3.6733333333333333,76.0,0.9405945931376513,0.0,0.05940540686234872,78.58333333333334,17.510815858840942
taxi-M,0.0,noisy_expert,50,14,RECO,-3.5533333333333332,100.0,445,0,-14.883611111111112,-15.016487159392614,0.02,2.0,0.8821392337794096,0.11716508043866854,0.000695685781921832,100.0,17.510815858840942
taxi-M,0.0,noisy_expert,50,14,RECO-greedy,-3.5533333333333332,100.0,445,0,-4.8133333333333335,-6.316194171350628,0.02,2.0,0.8687370867768595,0.13048811983471073,0.0007747933884297521,100.0,17.510815858840942
taxi-M,0.0,noisy_expert,50,14,In-data planning (POR-style),-3.5533333333333332,100.0,445,0,-3.5533333333333332,-5.16538470765062,3.6733333333333333,76.0,0.8503937007874016,0.0,0.14960629921259844,100.0,17.510815858840942
taxi-M,0.0,noisy_expert,50,14,Ours,-3.5533333333333332,100.0,445,0,-4.248333333333333,-5.805979348046945,0.02,2.0,0.8325302000132022,0.16667766849296983,0.0007921314938279754,100.0,17.510815858840942
taxi-M,0.0,noisy_expert,50,14,Ours w/o stitching,-3.5533333333333332,100.0,445,0,-4.248333333333333,-5.805979348046945,0.02,2.0,0.8371179615816225,0.16208990692454947,0.0007921314938279754,100.0,17.510815858840942
taxi-M,0.0,noisy_expert,50,14,Ours w/o execution rule,-3.5533333333333332,100.0,445,0,-4.248333333333333,-5.805979348046945,0.02,2.0,0.8325302000132022,0.16667766849296983,0.0007921314938279754,100.0,17.510815858840942
taxi-M,0.0,noisy_expert,50,14,Factored Batch RL,-3.5533333333333332,100.0,445,0,-4.248333333333333,-5.805979348046945,0.02,2.0,0.8325302000132022,0.16667766849296983,0.0007921314938279754,100.0,17.510815858840942
taxi-M,0.0,noisy_expert,50,15,Imitation,-3.5533333333333332,100.0,449,0,-13.526666666666667,-13.917886948088674,3.638333333333333,75.25,0.8665892562488541,0.0,0.13341074375114587,100.0,18.217504262924194
taxi-M,0.0,noisy_expert,50,15,BC,-3.5533333333333332,100.0,449,0,-227.94666666666666,-97.83976314136086,3.638333333333333,75.25,0.9440055404504181,0.0,0.055994459549581904,76.91666666666667,18.217504262924194
taxi-M,0.0,noisy_expert,50,15,RECO,-3.5533333333333332,100.0,449,0,-14.878055555555555,-15.111325101560546,0.03,2.0,0.8796450469157084,0.11929714587944916,0.0010578072048424063,100.0,18.217504262924194
taxi-M,0.0,noisy_expert,50,15,RECO-greedy,-3.5533333333333332,100.0,449,0,-4.698333333333333,-6.22585653508124,0.03,2.0,0.8671768597185291,0.1316557494000908,0.0011673908813801155,100.0,18.217504262924194
taxi-M,0.0,noisy_expert,50,15,In-data planning (POR-style),-3.5533333333333332,100.0,449,0,-3.615,-5.222983656544381,3.638333333333333,75.25,0.8521903988083147,0.0,0.1478096011916853,100.0,18.217504262924194
taxi-M,0.0,noisy_expert,50,15,Ours,-3.5533333333333332,100.0,449,0,-4.153333333333333,-5.721888291190801,0.03,2.0,0.838126159554731,0.16068115557911478,0.0011926848661542539,100.0,18.217504262924194
taxi-M,0.0,noisy_expert,50,15,Ours w/o stitching,-3.5533333333333332,100.0,449,0,-4.21,-5.773877917680974,0.03,2.0,0.8399114108158139,0.15889858521750627,0.001190003966679889,100.0,18.217504262924194
taxi-M,0.0,noisy_expert,50,15,Ours w/o execution rule,-3.5533333333333332,100.0,449,0,-4.153333333333333,-5.721888291190801,0.03,2.0,0.838126159554731,0.16068115557911478,0.0011926848661542539,100.0,18.217504262924194
taxi-M,0.0,noisy_expert,50,15,Factored Batch RL,-3.5533333333333332,100.0,449,0,-4.153333333333333,-5.721888291190801,0.03,2.0,0.838126159554731,0.16068115557911478,0.0011926848661542539,100.0,18.217504262924194
taxi-M,0.0,noisy_expert,50,16,Imitation,-3.5533333333333332,100.0,431,0,-13.988888888888889,-14.261388566342774,4.634166666666666,76.0,0.8287219079494471,0.0,0.17127809205055286,100.0,18.81006622314453
taxi-M,0.0,noisy_expert,50,16,BC,-3.5533333333333332,100.0,431,0,-140.07166666666666,-62.36538043558224,4.634166666666666,76.0,0.9011043730326688,0.0,0.09889562696733119,87.16666666666667,18.81006622314453
taxi-M,0.0,noisy_expert,50,16,RECO,-3.5533333333333332,100.0,431,0,-15.963333333333333,-15.931288402302146,0.9158333333333334,13.833333333333334,0.8520490718131271,0.11561884028125093,0.03233208790562208,100.0,18.81006622314453
taxi-M,0.0,noisy_expert,50,16,RECO-greedy,-3.5533333333333332,100.0,431,0,-4.62,-6.129933979079013,0.9158333333333334,13.833333333333334,0.8364233671610721,0.12782982045277128,0.03574681238615665,100.0,18.81006622314453
taxi-M,0.0,noisy_expert,50,16,In-data planning (POR-style),-3.5533333333333332,100.0,431,0,-3.6216666666666666,-5.2288597149488645,4.634166666666666,76.0,0.8117850131997563,0.0,0.18821498680024368,100.0,18.81006622314453
taxi-M,0.0,noisy_expert,50,16,Ours,-3.5533333333333332,100.0,431,0,-4.0,-5.578083237743997,0.9158333333333334,13.833333333333334,0.7998666666666666,0.1635,0.03663333333333333,100.0,18.81006622314453
taxi-M,0.0,noisy_expert,50,16,Ours w/o stitching,-3.5533333333333332,100.0,431,0,-4.066666666666666,-5.640314802821086,0.9158333333333334,13.833333333333334,0.8023603723404256,0.16110372340425533,0.03653590425531915,100.0,18.81006622314453
taxi-M,0.0,noisy_expert,50,16,Ours w/o execution rule,-3.5533333333333332,100.0,431,0,-4.0,-5.578083237743997,0.9158333333333334,13.833333333333334,0.7998666666666666,0.1635,0.03663333333333333,100.0,18.81006622314453
taxi-M,0.0,noisy_expert,50,16,Factored Batch RL,-3.5533333333333332,100.0,431,0,-4.033333333333333,-5.609663344237748,0.07,6.0,0.7988015978695073,0.19840213049267644,0.002796271637816245,100.0,18.81006622314453
taxi-M,0.0,noisy_expert,50,17,Imitation,-3.5533333333333332,100.0,447,0,-11.271666666666667,-11.92524494625145,3.8875,75.75,0.8560140745084724,0.0,0.14398592549152753,100.0,20.853137016296387
taxi-M,0.0,noisy_expert,50,17,BC,-3.5533333333333332,100.0,447,0,-121.8,-54.4222418284773,3.8875,75.75,0.9268235294117647,0.0,0.07317647058823529,83.58333333333333,20.853137016296387
taxi-M,0.0,noisy_expert,50,17,RECO,-3.5533333333333332,100.0,447,0,-13.13888888888889,-13.530423452419386,0.0,0.0,0.8851604304278798,0.11483956957212019,0.0,100.0,20.853137016296387
taxi-M,0.0,noisy_expert,50,17,RECO-greedy,-3.5533333333333332,100.0,447,0,-4.875,-6.372197352212647,0.0,0.0,0.8742028985507246,0.12579710144927536,0.0,100.0,20.853137016296387
taxi-M,0.0,noisy_expert,50,17,In-data planning (POR-style),-3.5533333333333332,100.0,447,0,-3.611666666666667,-5.218510616654755,3.8875,75.75,0.8420464549332972,0.0,0.15795354506670278,100.0,20.853137016296387
taxi-M,0.0,noisy_expert,50,17,Ours,-3.5533333333333332,100.0,447,0,-4.033333333333333,-5.6115182887080985,0.0,0.0,0.8252663115845539,0.17473368841544606,0.0,100.0,20.853137016296387
taxi-M,0.0,noisy_expert,50,17,Ours w/o stitching,-3.5533333333333332,100.0,447,0,-4.06,-5.635800843125785,0.0,0.0,0.8283453046022878,0.17165469539771216,0.0,100.0,20.853137016296387
taxi-M,0.0,noisy_expert,50,17,Ours w/o execution rule,-3.5533333333333332,100.0,447,0,-4.033333333333333,-5.6115182887080985,0.0,0.0,0.8252663115845539,0.17473368841544606,0.0,100.0,20.853137016296387
taxi-M,0.0,noisy_expert,50,17,Factored Batch RL,-3.5533333333333332,100.0,447,0,-4.033333333333333,-5.6115182887080985,0.0,0.0,0.8252663115845539,0.17473368841544606,0.0,100.0,20.853137016296387
taxi-M,0.0,noisy_expert,50,18,Imitation,-3.5533333333333332,100.0,492,0,-13.224166666666667,-13.638568750103802,3.0075,71.33333333333334,0.8890392006149116,0.0,0.11096079938508839,100.0,18.48509120941162
taxi-M,0.0,noisy_expert,50,18,BC,-3.5533333333333332,100.0,492,0,-169.35916666666665,-74.73020857430097,3.0075,71.33333333333334,0.9373557133186371,0.0,0.06264428668136293,86.5,18.48509120941162
taxi-M,0.0,noisy_expert,50,18,RECO,-3.5533333333333332,100.0,492,0,-14.715555555555556,-14.95605029953141,0.07,4.0,0.9065582998390298,0.09095308164051313,0.0024886185204570366,100.0,18.48509120941162
taxi-M,0.0,noisy_expert,50,18,RECO-greedy,-3.5533333333333332,100.0,492,0,-4.523333333333333,-6.0609661488176725,0.07,4.0,0.8970223325062034,0.10023507901266815,0.002742588481128379,100.0,18.48509120941162
taxi-M,0.0,noisy_expert,50,18,In-data planning (POR-style),-3.5533333333333332,100.0,492,0,-3.5883333333333334,-5.197512067020599,3.0075,71.33333333333334,0.8776858943943605,0.0,0.12231410560563953,100.0,18.48509120941162
taxi-M,0.0,noisy_expert,50,18,Ours,-3.5533333333333332,100.0,492,0,-3.9483333333333333,-5.5367867039905105,0.07,4.0,0.867860244505311,0.12933395684414456,0.0028057986505444586,100.0,18.48509120941162
taxi-M,0.0,noisy_expert,50,18,Ours w/o stitching,-3.5533333333333332,100.0,492,0,-3.98,-5.566071778678347,0.07,4.0,0.8720643181211636,0.12513344008540164,0.0028022417934347476,100.0,18.48509120941162
taxi-M,0.0,noisy_expert,50,18,Ours w/o execution rule,-3.5533333333333332,100.0,492,0,-3.9483333333333333,-5.5367867039905105,0.07,4.0,0.867860244505311,0.12933395684414456,0.0028057986505444586,100.0,18.48509120941162
taxi-M,0.0,noisy_expert,50,18,Factored Batch RL,-3.5533333333333332,100.0,492,0,-3.9483333333333333,-5.5367867039905105,0.07,4.0,0.867860244505311,0.12933395684414456,0.0028057986505444586,100.0,18.48509120941162
taxi-M,0.0,noisy_expert,50,19,Imitation,-3.5533333333333332,100.0,459,0,-12.559166666666666,-13.046505833522511,3.1016666666666666,73.5,0.8857966923383757,0.0,0.11420330766162437,100.0,23.728028774261475
taxi-M,0.0,noisy_expert,50,19,BC,-3.5533333333333332,100.0,459,0,-138.00166666666667,-61.76770820885856,3.1016666666666666,73.5,0.9343585764170576,0.0,0.06564142358294241,87.0,23.728028774261475
taxi-M,0.0,noisy_expert,50,19,RECO,-3.5533333333333332,100.0,459,0,-14.552222222222222,-14.789020289850217,0.01,1.0,0.905969974425551,0.0936786209320032,0.0003514046424457763,100.0,23.728028774261475
taxi-M,0.0,noisy_expert,50,19,RECO-greedy,-3.5533333333333332,100.0,459,0,-4.615,-6.143191201818607,0.01,1.0,0.8955364695165593,0.10407313423124472,0.00039039625219597894,100.0,23.728028774261475
taxi-M,0.0,noisy_expert,50,19,In-data planning (POR-style),-3.5533333333333332,100.0,459,0,-3.558333333333333,-5.169845475242919,3.1016666666666666,73.5,0.8737020699015948,0.0,0.12629793009840515,100.0,23.728028774261475
taxi-M,0.0,noisy_expert,50,19,Ours,-3.5533333333333332,100.0,459,0,-4.0633333333333335,-5.641258131010936,0.01,1.0,0.859256550073148,0.1403444606995611,0.00039898922729086314,100.0,23.728028774261475
taxi-M,0.0,noisy_expert,50,19,Ours w/o stitching,-3.5533333333333332,100.0,459,0,-4.0633333333333335,-5.641258131010936,0.01,1.0,0.8640776699029126,0.1355233408697965,0.00039898922729086314,100.0,23.728028774261475
taxi-M,0.0,noisy_expert,50,19,Ours w/o execution rule,-3.5533333333333332,100.0,459,0,-4.0633333333333335,-5.641258131010936,0.01,1.0,0.859256550073148,0.1403444606995611,0.00039898922729086314,100.0,23.728028774261475
taxi-M,0.0,noisy_expert,50,19,Factored Batch RL,-3.5533333333333332,100.0,459,0,-4.0633333333333335,-5.641258131010936,0.01,1.0,0.859256550073148,0.1403444606995611,0.00039898922729086314,100.0,23.728028774261475
taxi-M,0.0,noisy_expert,50,20,Imitation,-3.5533333333333332,100.0,450,0,-14.165,-14.445860628786754,3.425,74.83333333333333,0.875703139176193,0.0,0.12429686082380693,100.0,17.971949577331543
taxi-M,0.0,noisy_expert,50,20,BC,-3.5533333333333332,100.0,450,0,-105.96166666666667,-48.034360658974805,3.425,74.83333333333333,0.9332152548707365,0.0,0.06678474512926341,84.41666666666666,17.971949577331543
taxi-M,0.0,noisy_expert,50,20,RECO,-3.5533333333333332,100.0,450,0,-17.1775,-17.027973147210407,0.01,1.0,0.9064157399486741,0.0932420872540633,0.00034217279726261765,100.0,17.971949577331543
taxi-M,0.0,noisy_expert,50,20,RECO-greedy,-3.5533333333333332,100.0,450,0,-4.865,-6.3615860997187506,0.01,1.0,0.8942586506862555,0.10535472646433404,0.00038662284941040013,100.0,17.971949577331543
taxi-M,0.0,noisy_expert,50,20,In-data planning (POR-style),-3.5533333333333332,100.0,450,0,-3.555,-5.16701234245644,3.425,74.83333333333333,0.8605172062716351,0.0,0.1394827937283649,100.0,17.971949577331543
taxi-M,0.0,noisy_expert,50,20,Ours,-3.5533333333333332,100.0,450,0,-3.9883333333333333,-5.5728093361303035,0.01,1.0,0.8533649036216902,0.14623490962449143,0.0004001867538184486,100.0,17.971949577331543
taxi-M,0.0,noisy_expert,50,20,Ours w/o stitching,-3.5533333333333332,100.0,450,0,-3.99,-5.574436970936122,0.01,1.0,0.8552420968387355,0.1443577430972389,0.00040016006402561027,100.0,17.971949577331543
taxi-M,0.0,noisy_expert,50,20,Ours w/o execution rule,-3.5533333333333332,100.0,450,0,-3.9883333333333333,-5.5728093361303035,0.01,1.0,0.8533649036216902,0.14623490962449143,0.0004001867538184486,100.0,17.971949577331543
taxi-M,0.0,noisy_expert,50,20,Factored Batch RL,-3.5533333333333332,100.0,450,0,-3.9883333333333333,-5.5728093361303035,0.01,1.0,0.8533649036216902,0.14623490962449143,0.0004001867538184486,100.0,17.971949577331543
taxi-M,0.0,noisy_expert,50,21,Imitation,-3.5533333333333332,100.0,413,0,-11.564722222222223,-12.27392516951229,3.8266666666666667,78.0,0.8620882971268395,0.0,0.13791170287316049,100.0,18.960237979888916
taxi-M,0.0,noisy_expert,50,21,BC,-3.5533333333333332,100.0,413,0,-110.0975,-49.494961754472136,3.8266666666666667,78.0,0.9196205079731835,0.0,0.0803794920268165,86.5,18.960237979888916
taxi-M,0.0,noisy_expert,50,21,RECO,-3.5533333333333332,100.0,413,0,-13.687222222222223,-14.142518417300957,0.1575,10.0,0.8774544481196107,0.11712521270290423,0.005420339177485039,100.0,18.960237979888916
taxi-M,0.0,noisy_expert,50,21,RECO-greedy,-3.5533333333333332,100.0,413,0,-4.5216666666666665,-6.050346844745646,0.1575,10.0,0.8604780252073402,0.13335074773068634,0.006171227061973487,100.0,18.960237979888916
taxi-M,0.0,noisy_expert,50,21,In-data planning (POR-style),-3.5533333333333332,100.0,413,0,-3.5533333333333332,-5.16538470765062,3.8266666666666667,78.0,0.8441487917458593,0.0,0.15585120825414064,100.0,18.960237979888916
taxi-M,0.0,noisy_expert,50,21,Ours,-3.5533333333333332,100.0,413,0,-3.9383333333333335,-5.521469112959968,0.1575,10.0,0.8312504176969859,0.16243400387622803,0.006315578426786072,100.0,18.960237979888916
taxi-M,0.0,noisy_expert,50,21,Ours w/o stitching,-3.5533333333333332,100.0,413,0,-3.9383333333333335,-5.521469112959968,0.1575,10.0,0.8320523959099111,0.16163202566330281,0.006315578426786072,100.0,18.960237979888916
taxi-M,0.0,noisy_expert,50,21,Ours w/o execution rule,-3.5533333333333332,100.0,413,0,-3.9383333333333335,-5.521469112959968,0.1575,10.0,0.8312504176969859,0.16243400387622803,0.006315578426786072,100.0,18.960237979888916
taxi-M,0.0,noisy_expert,50,21,Factored Batch RL,-3.5533333333333332,100.0,413,0,-3.9383333333333335,-5.521469112959968,0.1575,10.0,0.8312504176969859,0.16243400387622803,0.006315578426786072,100.0,18.960237979888916
taxi-M,0.0,noisy_expert,50,22,Imitation,-3.5533333333333332,100.0,452,0,-13.847777777777777,-14.092885978952674,3.2075,74.33333333333333,0.8831949179117311,0.0,0.11680508208826891,100.0,17.467377424240112
taxi-M,0.0,noisy_expert,50,22,BC,-3.5533333333333332,100.0,452,0,-219.19333333333333,-94.6346710503226,3.2075,74.33333333333333,0.9469008235959552,0.0,0.053099176404044865,79.58333333333333,17.467377424240112
taxi-M,0.0,noisy_expert,50,22,RECO,-3.5533333333333332,100.0,452,0,-15.680555555555555,-15.6653727925976,0.02,2.0,0.9114785336887794,0.08782853898197426,0.0006929273292463453,100.0,17.467377424240112
taxi-M,0.0,noisy_expert,50,22,RECO-greedy,-3.5533333333333332,100.0,452,0,-4.751666666666667,-6.269568234484524,0.02,2.0,0.900783120833603,0.09844023040579898,0.0007766487605980196,100.0,17.467377424240112
taxi-M,0.0,noisy_expert,50,22,In-data planning (POR-style),-3.5533333333333332,100.0,452,0,-3.598333333333333,-5.208120428730092,3.2075,74.33333333333333,0.8696049867877228,0.0,0.13039501321227726,100.0,17.467377424240112
taxi-M,0.0,noisy_expert,50,22,Ours,-3.5533333333333332,100.0,452,0,-3.9133333333333336,-5.507479025602819,0.02,2.0,0.8667714744447418,0.13242574257425743,0.0008027829810008028,100.0,17.467377424240112
taxi-M,0.0,noisy_expert,50,22,Ours w/o stitching,-3.5533333333333332,100.0,452,0,-3.9466666666666668,-5.539313354731949,0.02,2.0,0.8688535542490646,0.13034473543559594,0.0008017103153393907,100.0,17.467377424240112
taxi-M,0.0,noisy_expert,50,22,Ours w/o execution rule,-3.5533333333333332,100.0,452,0,-3.9133333333333336,-5.507479025602819,0.02,2.0,0.8667714744447418,0.13242574257425743,0.0008027829810008028,100.0,17.467377424240112
taxi-M,0.0,noisy_expert,50,22,Factored Batch RL,-3.5533333333333332,100.0,452,0,-3.9133333333333336,-5.507479025602819,0.02,2.0,0.8667714744447418,0.13242574257425743,0.0008027829810008028,100.0,17.467377424240112
taxi-M,0.0,noisy_expert,50,23,Imitation,-3.5533333333333332,100.0,431,0,-12.025833333333333,-12.661584794832448,3.3733333333333335,75.66666666666667,0.8742388467751957,0.0,0.12576115322480427,100.0,18.60398817062378
taxi-M,0.0,noisy_expert,50,23,BC,-3.5533333333333332,100.0,431,0,-189.6475,-83.2060596812828,3.3733333333333335,75.66666666666667,0.9430083910570479,0.0,0.05699160894295208,79.91666666666667,18.60398817062378
taxi-M,0.0,noisy_expert,50,23,RECO,-3.5533333333333332,100.0,431,0,-13.870555555555555,-14.30298093953593,0.03,2.0,0.9013849045405085,0.09754674052824217,0.0010683549312493817,100.0,18.60398817062378
taxi-M,0.0,noisy_expert,50,23,RECO-greedy,-3.5533333333333332,100.0,431,0,-4.62,-6.157217238720619,0.03,2.0,0.8919138693728857,0.1069151704397606,0.00117096018735363,100.0,18.60398817062378
taxi-M,0.0,noisy_expert,50,23,In-data planning (POR-style),-3.5533333333333332,100.0,431,0,-3.5533333333333332,-5.16538470765062,3.3733333333333335,75.66666666666667,0.8626120010860712,0.0,0.13738799891392886,100.0,18.60398817062378
taxi-M,0.0,noisy_expert,50,23,Ours,-3.5533333333333332,100.0,431,0,-4.078333333333333,-5.660988375829804,0.03,2.0,0.8573137502492191,0.1414899980062471,0.0011962517445337942,100.0,18.60398817062378
taxi-M,0.0,noisy_expert,50,23,Ours w/o stitching,-3.5533333333333332,100.0,431,0,-4.078333333333333,-5.660988375829804,0.03,2.0,0.8585100019937529,0.1402937462617133,0.0011962517445337942,100.0,18.60398817062378
taxi-M,0.0,noisy_expert,50,23,Ours w/o execution rule,-3.5533333333333332,100.0,431,0,-4.078333333333333,-5.660988375829804,0.03,2.0,0.8573137502492191,0.1414899980062471,0.0011962517445337942,100.0,18.60398817062378
taxi-M,0.0,noisy_expert,50,23,Factored Batch RL,-3.5533333333333332,100.0,431,0,-4.078333333333333,-5.660988375829804,0.03,2.0,0.8573137502492191,0.1414899980062471,0.0011962517445337942,100.0,18.60398817062378
taxi-M,0.0,noisy_expert,50,24,Imitation,-3.5533333333333332,100.0,428,0,-12.5275,-12.964384385518999,4.779166666666667,75.25,0.8226325230407621,0.0,0.17736747695923796,100.0,15.635316610336304
taxi-M,0.0,noisy_expert,50,24,BC,-3.5533333333333332,100.0,428,0,-120.175,-53.74440701351475,4.779166666666667,75.25,0.8675580804581775,0.0,0.13244191954182255,93.25,15.635316610336304
taxi-M,0.0,noisy_expert,50,24,RECO,-3.5533333333333332,100.0,428,0,-13.9,-14.130793341667388,0.8516666666666667,8.333333333333332,0.8555310709563685,0.11444101660055825,0.030027912443073308,100.0,15.635316610336304
taxi-M,0.0,noisy_expert,50,24,RECO-greedy,-3.5533333333333332,100.0,428,0,-4.8566666666666665,-6.368987062065063,0.8516666666666667,8.333333333333332,0.8415302307593142,0.12553177774912982,0.03293799149155601,100.0,15.635316610336304
taxi-M,0.0,noisy_expert,50,24,In-data planning (POR-style),-3.5533333333333332,100.0,428,0,-3.5616666666666665,-5.17304741089927,4.779166666666667,75.25,0.8054217276243468,0.0,0.19457827237565312,100.0,15.635316610336304
taxi-M,0.0,noisy_expert,50,24,Ours,-3.5533333333333332,100.0,428,0,-4.03,-5.610424847923334,0.8516666666666667,8.333333333333332,0.7955786389665734,0.17039552536955654,0.034025835663870026,100.0,15.635316610336304
taxi-M,0.0,noisy_expert,50,24,Ours w/o stitching,-3.5533333333333332,100.0,428,0,-4.03,-5.610424847923334,0.8516666666666667,8.333333333333332,0.7969769609801571,0.16899720335597282,0.034025835663870026,100.0,15.635316610336304
taxi-M,0.0,noisy_expert,50,24,Ours w/o execution rule,-3.5533333333333332,100.0,428,0,-4.03,-5.610424847923334,0.8516666666666667,8.333333333333332,0.7955786389665734,0.17039552536955654,0.034025835663870026,100.0,15.635316610336304
taxi-M,0.0,noisy_expert,50,24,Factored Batch RL,-3.5533333333333332,100.0,428,0,-4.108333333333333,-5.679198968525134,0.0,0.0,0.7930965814802522,0.20690341851974775,0.0,100.0,15.635316610336304
taxi-M,0.0,noisy_expert,50,25,Imitation,-3.5533333333333332,100.0,461,0,-11.190277777777778,-11.918403368118453,3.1691666666666665,72.91666666666666,0.883100914987141,0.0,0.116899085012859,100.0,20.585317134857178
taxi-M,0.0,noisy_expert,50,25,BC,-3.5533333333333332,100.0,461,0,-90.9425,-42.11484076906238,3.1691666666666665,72.91666666666666,0.928650494362207,0.0,0.07134950563779291,88.66666666666667,20.585317134857178
taxi-M,0.0,noisy_expert,50,25,RECO,-3.5533333333333332,100.0,461,0,-13.3325,-13.741516900226483,0.04,4.0,0.9095741607442075,0.08903911712024036,0.0013867221355520888,100.0,20.585317134857178
taxi-M,0.0,noisy_expert,50,25,RECO-greedy,-3.5533333333333332,100.0,461,0,-5.088333333333333,-6.561332132534982,0.04,4.0,0.900019165655146,0.09844758193317575,0.0015332524116782726,100.0,20.585317134857178
taxi-M,0.0,noisy_expert,50,25,In-data planning (POR-style),-3.5533333333333332,100.0,461,0,-3.5733333333333333,-5.183750144211028,3.1691666666666665,72.91666666666666,0.871032284319045,0.0,0.12896771568095497,100.0,20.585317134857178
taxi-M,0.0,noisy_expert,50,25,Ours,-3.5533333333333332,100.0,461,0,-4.163333333333333,-5.735670896633657,0.04,4.0,0.8662405616637965,0.1321698238177242,0.0015896145184792687,100.0,20.585317134857178
taxi-M,0.0,noisy_expert,50,25,Ours w/o stitching,-3.5533333333333332,100.0,461,0,-4.176666666666667,-5.747869920211729,0.04,4.0,0.8687276578842844,0.1296835694426056,0.0015887726731100226,100.0,20.585317134857178
taxi-M,0.0,noisy_expert,50,25,Ours w/o execution rule,-3.5533333333333332,100.0,461,0,-4.163333333333333,-5.735670896633657,0.04,4.0,0.8662405616637965,0.1321698238177242,0.0015896145184792687,100.0,20.585317134857178
taxi-M,0.0,noisy_expert,50,25,Factored Batch RL,-3.5533333333333332,100.0,461,0,-4.163333333333333,-5.735670896633657,0.04,4.0,0.8662405616637965,0.1321698238177242,0.0015896145184792687,100.0,20.585317134857178
taxi-M,0.0,noisy_expert,50,26,Imitation,-3.5533333333333332,100.0,462,0,-12.281666666666666,-12.799238435457438,3.535833333333333,74.0,0.8699543323014681,0.0,0.1300456676985319,100.0,17.376939296722412
taxi-M,0.0,noisy_expert,50,26,BC,-3.5533333333333332,100.0,462,0,-120.16083333333333,-54.42242922814867,3.535833333333333,74.0,0.9220036764705882,0.0,0.07799632352941177,88.0,17.376939296722412
taxi-M,0.0,noisy_expert,50,26,RECO,-3.5533333333333332,100.0,462,0,-14.811666666666667,-15.012358919803702,0.01,1.0,0.895702657758847,0.10394725326020364,0.0003500889809493246,100.0,17.376939296722412
taxi-M,0.0,noisy_expert,50,26,RECO-greedy,-3.5533333333333332,100.0,462,0,-4.691666666666666,-6.2080408432604255,0.01,1.0,0.8840415180019462,0.11556925072980863,0.0003892312682452157,100.0,17.376939296722412
taxi-M,0.0,noisy_expert,50,26,In-data planning (POR-style),-3.5533333333333332,100.0,462,0,-3.558333333333333,-5.169669703201319,3.535833333333333,74.0,0.8560230743128605,0.0,0.14397692568713946,100.0,17.376939296722412
taxi-M,0.0,noisy_expert,50,26,Ours,-3.5533333333333332,100.0,462,0,-3.9283333333333332,-5.517015941066036,0.01,1.0,0.8465601390653206,0.1530387109714515,0.00040114996322792006,100.0,17.376939296722412
taxi-M,0.0,noisy_expert,50,26,Ours w/o stitching,-3.5533333333333332,100.0,462,0,-3.9316666666666666,-5.519886935694464,0.01,1.0,0.8475165452236112,0.1520823584464202,0.00040109632996858076,100.0,17.376939296722412
taxi-M,0.0,noisy_expert,50,26,Ours w/o execution rule,-3.5533333333333332,100.0,462,0,-3.9283333333333332,-5.517015941066036,0.01,1.0,0.8465601390653206,0.1530387109714515,0.00040114996322792006,100.0,17.376939296722412
taxi-M,0.0,noisy_expert,50,26,Factored Batch RL,-3.5533333333333332,100.0,462,0,-3.9283333333333332,-5.517015941066036,0.01,1.0,0.8465601390653206,0.1530387109714515,0.00040114996322792006,100.0,17.376939296722412
taxi-M,0.0,noisy_expert,50,27,Imitation,-3.5533333333333332,100.0,439,0,-11.893611111111111,-12.57279160078026,3.6066666666666665,75.33333333333333,0.8658039977675341,0.0,0.13419600223246583,100.0,18.994723320007324
taxi-M,0.0,noisy_expert,50,27,BC,-3.5533333333333332,100.0,439,0,-238.06416666666667,-103.7695900322319,3.6066666666666665,75.33333333333333,0.9456656832590546,0.0,0.054334316740945326,76.41666666666667,18.994723320007324
taxi-M,0.0,noisy_expert,50,27,RECO,-3.5533333333333332,100.0,439,0,-12.923055555555555,-13.488048375471363,0.07,4.0,0.8831370518959493,0.11435426227713014,0.002508685826920588,100.0,18.994723320007324
taxi-M,0.0,noisy_expert,50,27,RECO-greedy,-3.5533333333333332,100.0,439,0,-4.658333333333333,-6.183881869955999,0.07,4.0,0.8729132835336149,0.12435855797336798,0.0027281584930172135,100.0,18.994723320007324
taxi-M,0.0,noisy_expert,50,27,In-data planning (POR-style),-3.5533333333333332,100.0,439,0,-3.611666666666667,-5.222348356272523,3.6066666666666665,75.33333333333333,0.8534570325726282,0.0,0.14654296742737186,100.0,18.994723320007324
taxi-M,0.0,noisy_expert,50,27,Ours,-3.5533333333333332,100.0,439,0,-4.0183333333333335,-5.600455054528426,0.07,4.0,0.8377523149690227,0.15944973685963626,0.0027979481713410167,100.0,18.994723320007324
taxi-M,0.0,noisy_expert,50,27,Ours w/o stitching,-3.5533333333333332,100.0,439,0,-4.071666666666666,-5.6525709460265094,0.07,4.0,0.8446785880475969,0.1525294156750648,0.002791996277338297,100.0,18.994723320007324
taxi-M,0.0,noisy_expert,50,27,Ours w/o execution rule,-3.5533333333333332,100.0,439,0,-4.0183333333333335,-5.600455054528426,0.07,4.0,0.8377523149690227,0.15944973685963626,0.0027979481713410167,100.0,18.994723320007324
taxi-M,0.0,noisy_expert,50,27,Factored Batch RL,-3.5533333333333332,100.0,439,0,-4.0183333333333335,-5.600455054528426,0.07,4.0,0.8377523149690227,0.15944973685963626,0.0027979481713410167,100.0,18.994723320007324
taxi-M,0.0,noisy_expert,50,28,Imitation,-3.5533333333333332,100.0,431,0,-11.971111111111112,-12.549386612687428,4.4275,74.75,0.8371860220435764,0.0,0.16281397795642358,100.0,20.17643976211548
taxi-M,0.0,noisy_expert,50,28,BC,-3.5533333333333332,100.0,431,0,-243.72583333333333,-105.07077014051048,4.4275,74.75,0.9364807995791689,0.0,0.06351920042083115,74.0,20.17643976211548
taxi-M,0.0,noisy_expert,50,28,RECO,-3.5533333333333332,100.0,431,0,-13.8825,-14.23054049967293,0.87,10.166666666666666,0.8584751213237444,0.11100391744138455,0.030520961234871077,100.0,20.17643976211548
taxi-M,0.0,noisy_expert,50,28,RECO-greedy,-3.5533333333333332,100.0,431,0,-4.888333333333334,-6.394185030196863,0.87,10.166666666666666,0.8441704757612825,0.1222236528680873,0.03360587137063027,100.0,20.17643976211548
taxi-M,0.0,noisy_expert,50,28,In-data planning (POR-style),-3.5533333333333332,100.0,431,0,-3.7483333333333335,-5.34110885602719,4.4275,74.75,0.8210990639100276,0.0,0.1789009360899724,100.0,20.17643976211548
taxi-M,0.0,noisy_expert,50,28,Ours,-3.5533333333333332,100.0,431,0,-4.225,-5.797926964990542,0.87,10.166666666666666,0.8110670630987776,0.1544433432441361,0.034489593657086225,100.0,20.17643976211548
taxi-M,0.0,noisy_expert,50,28,Ours w/o stitching,-3.5533333333333332,100.0,431,0,-4.425,-5.977389243706151,0.87,10.166666666666666,0.8202228777450017,0.14555883316945264,0.03421828908554572,100.0,20.17643976211548
taxi-M,0.0,noisy_expert,50,28,Ours w/o execution rule,-3.5533333333333332,100.0,431,0,-4.225,-5.797926964990542,0.87,10.166666666666666,0.8110670630987776,0.1544433432441361,0.034489593657086225,100.0,20.17643976211548
taxi-M,0.0,noisy_expert,50,28,Factored Batch RL,-3.5533333333333332,100.0,431,0,-4.273333333333333,-5.841284091304459,0.02,2.0,0.8095159588499077,0.18969269322078608,0.0007913479293062516,100.0,20.17643976211548
taxi-M,0.0,noisy_expert,50,29,Imitation,-3.5533333333333332,100.0,450,0,-10.773055555555555,-11.532609727855974,3.4233333333333333,74.08333333333333,0.8720514950166113,0.0,0.1279485049833887,100.0,20.29845118522644
taxi-M,0.0,noisy_expert,50,29,BC,-3.5533333333333332,100.0,450,0,-190.04833333333335,-83.52659776468616,3.4233333333333333,74.08333333333333,0.9266965257579273,0.0,0.07330347424207277,87.25,20.29845118522644
taxi-M,0.0,noisy_expert,50,29,RECO,-3.5533333333333332,100.0,450,0,-13.390833333333333,-13.794919444229603,0.01,1.0,0.8906053792015887,0.10904418421283182,0.0003504365855795345,100.0,20.29845118522644
taxi-M,0.0,noisy_expert,50,29,RECO-greedy,-3.5533333333333332,100.0,450,0,-5.016666666666667,-6.484553998518904,0.01,1.0,0.8800128122998078,0.11960281870595772,0.0003843689942344651,100.0,20.29845118522644
taxi-M,0.0,noisy_expert,50,29,In-data planning (POR-style),-3.5533333333333332,100.0,450,0,-3.575,-5.185801214396048,3.4233333333333333,74.08333333333333,0.860698541878603,0.0,0.13930145812139708,100.0,20.29845118522644
taxi-M,0.0,noisy_expert,50,29,Ours,-3.5533333333333332,100.0,450,0,-4.233333333333333,-5.792838081942799,0.01,1.0,0.8464663143989432,0.15313738441215324,0.0003963011889035667,100.0,20.29845118522644
taxi-M,0.0,noisy_expert,50,29,Ours w/o stitching,-3.5533333333333332,100.0,450,0,-4.248333333333333,-5.806767524573309,0.01,1.0,0.8471846326490198,0.15241930160406628,0.0003960657469139877,100.0,20.29845118522644
taxi-M,0.0,noisy_expert,50,29,Ours w/o execution rule,-3.5533333333333332,100.0,450,0,-4.233333333333333,-5.792838081942799,0.01,1.0,0.8464663143989432,0.15313738441215324,0.0003963011889035667,100.0,20.29845118522644
taxi-M,0.0,noisy_expert,50,29,Factored Batch RL,-3.5533333333333332,100.0,450,0,-4.233333333333333,-5.792838081942799,0.01,1.0,0.8464663143989432,0.15313738441215324,0.0003963011889035667,100.0,20.29845118522644
taxi-M,0.0,noisy_expert,150,0,Imitation,-3.5533333333333332,100.0,756,0,-13.52138888888889,-14.02479807730659,1.4166666666666667,51.416666666666664,0.9485342348251677,0.0,0.05146576517483223,100.0,19.28101396560669
taxi-M,0.0,noisy_expert,150,0,BC,-3.5533333333333332,100.0,756,0,-112.8175,-51.41535005297706,1.4166666666666667,51.416666666666664,0.9608871709920854,0.0,0.039112829007914594,93.25,19.28101396560669
taxi-M,0.0,noisy_expert,150,0,RECO,-3.5533333333333332,100.0,756,0,-14.672777777777778,-15.024892813995427,0.0,0.0,0.9683207315624877,0.03167926843751237,0.0,100.0,19.28101396560669
taxi-M,0.0,noisy_expert,150,0,RECO-greedy,-3.5533333333333332,100.0,756,0,-3.98,-5.559976116820369,0.0,0.0,0.9644048572191086,0.03559514278089138,0.0,100.0,19.28101396560669
taxi-M,0.0,noisy_expert,150,0,In-data planning (POR-style),-3.5533333333333332,100.0,756,0,-3.5683333333333334,-5.179367085686683,1.4166666666666667,51.416666666666664,0.9423376975781833,0.0,0.057662302421816705,100.0,19.28101396560669
taxi-M,0.0,noisy_expert,150,0,Ours,-3.5533333333333332,100.0,756,0,-3.5633333333333335,-5.174833924244733,0.0,0.0,0.9357782602795495,0.06422173972045053,0.0,100.0,19.28101396560669
taxi-M,0.0,noisy_expert,150,0,Ours w/o stitching,-3.5533333333333332,100.0,756,0,-3.5766666666666667,-5.1872684377755895,0.0,0.0,0.9426285094262851,0.057371490573714906,0.0,100.0,19.28101396560669
taxi-M,0.0,noisy_expert,150,0,Ours w/o execution rule,-3.5533333333333332,100.0,756,0,-3.5633333333333335,-5.174833924244733,0.0,0.0,0.9357782602795495,0.06422173972045053,0.0,100.0,19.28101396560669
taxi-M,0.0,noisy_expert,150,0,Factored Batch RL,-3.5533333333333332,100.0,756,0,-3.5633333333333335,-5.174833924244733,0.0,0.0,0.9357782602795495,0.06422173972045053,0.0,100.0,19.28101396560669
taxi-M,0.0,noisy_expert,150,1,Imitation,-3.5533333333333332,100.0,790,0,-13.239444444444445,-13.645219389707098,1.3341666666666667,49.666666666666664,0.9511731457384516,0.0,0.04882685426154847,100.0,15.638969421386719
taxi-M,0.0,noisy_expert,150,1,BC,-3.5533333333333332,100.0,790,0,-36.05083333333334,-18.8798242812434,1.3341666666666667,49.666666666666664,0.9602906890222729,0.0,0.03970931097772707,94.75,15.638969421386719
taxi-M,0.0,noisy_expert,150,1,RECO,-3.5533333333333332,100.0,790,0,-14.05888888888889,-14.391432533644975,0.0,0.0,0.9698732453593384,0.030126754640661606,0.0,100.0,15.638969421386719
taxi-M,0.0,noisy_expert,150,1,RECO-greedy,-3.5533333333333332,100.0,790,0,-3.935,-5.524076756151278,0.0,0.0,0.9664795134015106,0.033520486598489406,0.0,100.0,15.638969421386719
taxi-M,0.0,noisy_expert,150,1,In-data planning (POR-style),-3.5533333333333332,100.0,790,0,-3.595,-5.204822106229579,1.3341666666666667,49.666666666666664,0.9457545571593142,0.0,0.054245442840685776,100.0,15.638969421386719
taxi-M,0.0,noisy_expert,150,1,Ours,-3.5533333333333332,100.0,790,0,-3.5633333333333335,-5.17459957894859,0.0,0.0,0.9434115890894287,0.05658841091057131,0.0,100.0,15.638969421386719
taxi-M,0.0,noisy_expert,150,1,Ours w/o stitching,-3.5533333333333332,100.0,790,0,-3.5966666666666667,-5.206307893897474,0.0,0.0,0.9452839138094593,0.054716086190540726,0.0,100.0,15.638969421386719
taxi-M,0.0,noisy_expert,150,1,Ours w/o execution rule,-3.5533333333333332,100.0,790,0,-3.5633333333333335,-5.17459957894859,0.0,0.0,0.9434115890894287,0.05658841091057131,0.0,100.0,15.638969421386719
taxi-M,0.0,noisy_expert,150,1,Factored Batch RL,-3.5533333333333332,100.0,790,0,-3.5633333333333335,-5.17459957894859,0.0,0.0,0.9434115890894287,0.05658841091057131,0.0,100.0,15.638969421386719
taxi-M,0.0,noisy_expert,150,2,Imitation,-3.5533333333333332,100.0,727,0,-14.300277777777778,-14.589620100069547,1.5808333333333333,53.25,0.9420786939971909,0.0,0.05792130600280904,100.0,16.86929702758789
taxi-M,0.0,noisy_expert,150,2,BC,-3.5533333333333332,100.0,727,0,-126.765,-56.89678577863121,1.5808333333333333,53.25,0.9649190938511327,0.0,0.035080906148867316,88.08333333333334,16.86929702758789
taxi-M,0.0,noisy_expert,150,2,RECO,-3.5533333333333332,100.0,727,0,-15.0225,-15.191842412593312,0.0,0.0,0.9639041034389871,0.03609589656101284,0.0,100.0,16.86929702758789
taxi-M,0.0,noisy_expert,150,2,RECO-greedy,-3.5533333333333332,100.0,727,0,-4.033333333333333,-5.607466162456724,0.0,0.0,0.9598535286284954,0.04014647137150466,0.0,100.0,16.86929702758789
taxi-M,0.0,noisy_expert,150,2,In-data planning (POR-style),-3.5533333333333332,100.0,727,0,-3.57,-5.180757325657003,1.5808333333333333,53.25,0.9356600189933523,0.0,0.06433998100664767,100.0,16.86929702758789
taxi-M,0.0,noisy_expert,150,2,Ours,-3.5533333333333332,100.0,727,0,-3.6883333333333335,-5.2904841208763855,0.0,0.0,0.9384662121109836,0.0615337878890164,0.0,100.0,16.86929702758789
taxi-M,0.0,noisy_expert,150,2,Ours w/o stitching,-3.5533333333333332,100.0,727,0,-3.7066666666666666,-5.307373800884319,0.0,0.0,0.9410415542363735,0.05895844576362655,0.0,100.0,16.86929702758789
taxi-M,0.0,noisy_expert,150,2,Ours w/o execution rule,-3.5533333333333332,100.0,727,0,-3.6883333333333335,-5.2904841208763855,0.0,0.0,0.9384662121109836,0.0615337878890164,0.0,100.0,16.86929702758789
taxi-M,0.0,noisy_expert,150,2,Factored Batch RL,-3.5533333333333332,100.0,727,0,-3.6883333333333335,-5.2904841208763855,0.0,0.0,0.9384662121109836,0.0615337878890164,0.0,100.0,16.86929702758789
taxi-M,0.0,noisy_expert,150,3,Imitation,-3.5533333333333332,100.0,754,0,-15.213055555555556,-15.361312747031102,1.5675,52.416666666666664,0.9436871307680026,0.0,0.056312869231997444,100.0,18.72421431541443
taxi-M,0.0,noisy_expert,150,3,BC,-3.5533333333333332,100.0,754,0,-58.14333333333333,-28.23104782403956,1.5675,52.416666666666664,0.9515356075440585,0.0,0.04846439245594146,95.5,18.72421431541443
taxi-M,0.0,noisy_expert,150,3,RECO,-3.5533333333333332,100.0,754,0,-15.930277777777778,-15.959336014455358,0.0,0.0,0.962581806442777,0.03741819355722294,0.0,100.0,18.72421431541443
taxi-M,0.0,noisy_expert,150,3,RECO-greedy,-3.5533333333333332,100.0,754,0,-4.075,-5.647628975023914,0.0,0.0,0.9576271186440678,0.0423728813559322,0.0,100.0,18.72421431541443
taxi-M,0.0,noisy_expert,150,3,In-data planning (POR-style),-3.5533333333333332,100.0,754,0,-3.618333333333333,-5.224087311105271,1.5675,52.416666666666664,0.9363279398822016,0.0,0.06367206011779838,100.0,18.72421431541443
taxi-M,0.0,noisy_expert,150,3,Ours,-3.5533333333333332,100.0,754,0,-3.6633333333333336,-5.268095184346373,0.0,0.0,0.9314772266522503,0.0685227733477497,0.0,100.0,18.72421431541443
taxi-M,0.0,noisy_expert,150,3,Ours w/o stitching,-3.5533333333333332,100.0,754,0,-3.7016666666666667,-5.30292078120744,0.0,0.0,0.9343836448282842,0.06561635517171581,0.0,100.0,18.72421431541443
taxi-M,0.0,noisy_expert,150,3,Ours w/o execution rule,-3.5533333333333332,100.0,754,0,-3.6633333333333336,-5.268095184346373,0.0,0.0,0.9314772266522503,0.0685227733477497,0.0,100.0,18.72421431541443
taxi-M,0.0,noisy_expert,150,3,Factored Batch RL,-3.5533333333333332,100.0,754,0,-3.6633333333333336,-5.268095184346373,0.0,0.0,0.9314772266522503,0.0685227733477497,0.0,100.0,18.72421431541443
taxi-M,0.0,noisy_expert,150,4,Imitation,-3.5533333333333332,100.0,740,0,-14.098888888888888,-14.460922630170948,1.5666666666666667,53.5,0.9433626896697161,0.0,0.05663731033028389,100.0,16.434447050094604
taxi-M,0.0,noisy_expert,150,4,BC,-3.5533333333333332,100.0,740,0,-90.1325,-41.931868930917865,1.5666666666666667,53.5,0.9576232981696872,0.0,0.04237670183031286,92.91666666666667,16.434447050094604
taxi-M,0.0,noisy_expert,150,4,RECO,-3.5533333333333332,100.0,740,0,-14.863055555555556,-15.12872983309553,0.0,0.0,0.9619241245904228,0.0380758754095772,0.0,100.0,16.434447050094604
taxi-M,0.0,noisy_expert,150,4,RECO-greedy,-3.5533333333333332,100.0,740,0,-4.003333333333333,-5.580676216513095,0.0,0.0,0.9571390481269164,0.042860951873083586,0.0,100.0,16.434447050094604
taxi-M,0.0,noisy_expert,150,4,In-data planning (POR-style),-3.5533333333333332,100.0,740,0,-3.5766666666666667,-5.186460658737366,1.5666666666666667,53.5,0.936253899362539,0.0,0.063746100637461,100.0,16.434447050094604
taxi-M,0.0,noisy_expert,150,4,Ours,-3.5533333333333332,100.0,740,0,-3.5883333333333334,-5.1978034959429875,0.0,0.0,0.9316749135768996,0.06832508642310038,0.0,100.0,16.434447050094604
taxi-M,0.0,noisy_expert,150,4,Ours w/o stitching,-3.5533333333333332,100.0,740,0,-3.6083333333333334,-5.215950159581077,0.0,0.0,0.9346427362004741,0.0653572637995259,0.0,100.0,16.434447050094604
taxi-M,0.0,noisy_expert,150,4,Ours w/o execution rule,-3.5533333333333332,100.0,740,0,-3.5883333333333334,-5.1978034959429875,0.0,0.0,0.9316749135768996,0.06832508642310038,0.0,100.0,16.434447050094604
taxi-M,0.0,noisy_expert,150,4,Factored Batch RL,-3.5533333333333332,100.0,740,0,-3.5883333333333334,-5.1978034959429875,0.0,0.0,0.9316749135768996,0.06832508642310038,0.0,100.0,16.434447050094604
taxi-M,0.0,noisy_expert,150,5,Imitation,-3.5533333333333332,100.0,745,0,-14.319166666666666,-14.668299411764021,1.6183333333333334,53.0,0.941527158858244,0.0,0.05847284114175599,100.0,19.72811222076416
taxi-M,0.0,noisy_expert,150,5,BC,-3.5533333333333332,100.0,745,0,-45.3075,-22.85015214097298,1.6183333333333334,53.0,0.9504566559518343,0.0,0.049543344048165724,95.33333333333334,19.72811222076416
taxi-M,0.0,noisy_expert,150,5,RECO,-3.5533333333333332,100.0,745,0,-15.568888888888889,-15.759467256139336,0.0,0.0,0.965647732397404,0.03435226760259603,0.0,100.0,19.72811222076416
taxi-M,0.0,noisy_expert,150,5,RECO-greedy,-3.5533333333333332,100.0,745,0,-4.118333333333333,-5.691555280974289,0.0,0.0,0.9612500829407471,0.03874991705925287,0.0,100.0,19.72811222076416
taxi-M,0.0,noisy_expert,150,5,In-data planning (POR-style),-3.5533333333333332,100.0,745,0,-3.5883333333333334,-5.19763588974969,1.6183333333333334,53.0,0.9341828780586999,0.0,0.06581712194130007,100.0,19.72811222076416
taxi-M,0.0,noisy_expert,150,5,Ours,-3.5533333333333332,100.0,745,0,-3.5733333333333333,-5.183814450246559,0.0,0.0,0.9324131850244167,0.06758681497558329,0.0,100.0,19.72811222076416
taxi-M,0.0,noisy_expert,150,5,Ours w/o stitching,-3.5533333333333332,100.0,745,0,-3.5966666666666667,-5.205519746478075,0.0,0.0,0.9347133757961783,0.06528662420382166,0.0,100.0,19.72811222076416
taxi-M,0.0,noisy_expert,150,5,Ours w/o execution rule,-3.5533333333333332,100.0,745,0,-3.5733333333333333,-5.183814450246559,0.0,0.0,0.9324131850244167,0.06758681497558329,0.0,100.0,19.72811222076416
taxi-M,0.0,noisy_expert,150,5,Factored Batch RL,-3.5533333333333332,100.0,745,0,-3.5733333333333333,-5.183814450246559,0.0,0.0,0.9324131850244167,0.06758681497558329,0.0,100.0,19.72811222076416
taxi-M,0.0,noisy_expert,150,6,Imitation,-3.5533333333333332,100.0,767,0,-13.166944444444445,-13.617682228848206,1.4366666666666668,51.83333333333333,0.9475993151031904,0.0,0.05240068489680955,100.0,18.11501383781433
taxi-M,0.0,noisy_expert,150,6,BC,-3.5533333333333332,100.0,767,0,-109.93333333333334,-50.00799172670885,1.4366666666666668,51.83333333333333,0.9645995893223819,0.0,0.03540041067761807,90.83333333333333,18.11501383781433
taxi-M,0.0,noisy_expert,150,6,RECO,-3.5533333333333332,100.0,767,0,-13.549722222222222,-13.955703714139652,0.0,0.0,0.9653289382235549,0.034671061776445126,0.0,100.0,18.11501383781433
taxi-M,0.0,noisy_expert,150,6,RECO-greedy,-3.5533333333333332,100.0,767,0,-4.138333333333334,-5.7113220621144665,0.0,0.0,0.9614135119008155,0.03858648809918451,0.0,100.0,18.11501383781433
taxi-M,0.0,noisy_expert,150,6,In-data planning (POR-style),-3.5533333333333332,100.0,767,0,-3.5866666666666664,-5.197255503002637,1.4366666666666668,51.83333333333333,0.9415672451193059,0.0,0.058432754880694146,100.0,18.11501383781433
taxi-M,0.0,noisy_expert,150,6,Ours,-3.5533333333333332,100.0,767,0,-3.6133333333333333,-5.221052835324892,0.0,0.0,0.9373307150595883,0.0626692849404117,0.0,100.0,18.11501383781433
taxi-M,0.0,noisy_expert,150,6,Ours w/o stitching,-3.5533333333333332,100.0,767,0,-3.64,-5.246732016306142,0.0,0.0,0.9417275432900433,0.05827245670995671,0.0,100.0,18.11501383781433
taxi-M,0.0,noisy_expert,150,6,Ours w/o execution rule,-3.5533333333333332,100.0,767,0,-3.6133333333333333,-5.221052835324892,0.0,0.0,0.9373307150595883,0.0626692849404117,0.0,100.0,18.11501383781433
taxi-M,0.0,noisy_expert,150,6,Factored Batch RL,-3.5533333333333332,100.0,767,0,-3.6133333333333333,-5.221052835324892,0.0,0.0,0.9373307150595883,0.0626692849404117,0.0,100.0,18.11501383781433
taxi-M,0.0,noisy_expert,150,7,Imitation,-3.5533333333333332,100.0,760,0,-12.879166666666666,-13.358545237083357,1.4866666666666666,52.166666666666664,0.9459966701982746,0.0,0.054003329801725446,100.0,19.946738481521606
taxi-M,0.0,noisy_expert,150,7,BC,-3.5533333333333332,100.0,760,0,-95.485,-44.176822061111196,1.4866666666666666,52.166666666666664,0.9592638260948988,0.0,0.040736173905101154,93.16666666666666,19.946738481521606
taxi-M,0.0,noisy_expert,150,7,RECO,-3.5533333333333332,100.0,760,0,-13.140277777777778,-13.578505268945893,0.0,0.0,0.966098499880943,0.03390150011905707,0.0,100.0,19.946738481521606
taxi-M,0.0,noisy_expert,150,7,RECO-greedy,-3.5533333333333332,100.0,760,0,-4.076666666666667,-5.6540402178867515,0.0,0.0,0.9621494084806593,0.03785059151934069,0.0,100.0,19.946738481521606
taxi-M,0.0,noisy_expert,150,7,In-data planning (POR-style),-3.5533333333333332,100.0,760,0,-3.5533333333333332,-5.16538470765062,1.4866666666666666,52.166666666666664,0.939451534075482,0.0,0.060548465924518055,100.0,19.946738481521606
taxi-M,0.0,noisy_expert,150,7,Ours,-3.5533333333333332,100.0,760,0,-3.6333333333333333,-5.239631290539666,0.0,0.0,0.9348443843031123,0.06515561569688769,0.0,100.0,19.946738481521606
taxi-M,0.0,noisy_expert,150,7,Ours w/o stitching,-3.5533333333333332,100.0,760,0,-3.6333333333333333,-5.239631290539666,0.0,0.0,0.9369079837618404,0.06309201623815967,0.0,100.0,19.946738481521606
taxi-M,0.0,noisy_expert,150,7,Ours w/o execution rule,-3.5533333333333332,100.0,760,0,-3.6333333333333333,-5.239631290539666,0.0,0.0,0.9348443843031123,0.06515561569688769,0.0,100.0,19.946738481521606
taxi-M,0.0,noisy_expert,150,7,Factored Batch RL,-3.5533333333333332,100.0,760,0,-3.6333333333333333,-5.239631290539666,0.0,0.0,0.9348443843031123,0.06515561569688769,0.0,100.0,19.946738481521606
taxi-M,0.0,noisy_expert,150,8,Imitation,-3.5533333333333332,100.0,720,0,-12.075,-12.695845779906675,1.5416666666666667,54.58333333333333,0.9428536125783832,0.0,0.057146387421616776,100.0,24.18067741394043
taxi-M,0.0,noisy_expert,150,8,BC,-3.5533333333333332,100.0,720,0,-120.36583333333333,-54.61052355551395,1.5416666666666667,54.58333333333333,0.9576125558483217,0.0,0.04238744415167831,93.16666666666666,24.18067741394043
taxi-M,0.0,noisy_expert,150,8,RECO,-3.5533333333333332,100.0,720,0,-13.7275,-14.140372124229032,0.0,0.0,0.9577941528876108,0.042205847112389165,0.0,100.0,24.18067741394043
taxi-M,0.0,noisy_expert,150,8,RECO-greedy,-3.5533333333333332,100.0,720,0,-4.285,-5.83152707580354,0.0,0.0,0.9535627183442094,0.046437281655790655,0.0,100.0,24.18067741394043
taxi-M,0.0,noisy_expert,150,8,In-data planning (POR-style),-3.5533333333333332,100.0,720,0,-3.6216666666666666,-5.226210213045762,1.5416666666666667,54.58333333333333,0.937385771339606,0.0,0.06261422866039396,100.0,24.18067741394043
taxi-M,0.0,noisy_expert,150,8,Ours,-3.5533333333333332,100.0,720,0,-3.7533333333333334,-5.348565370041266,0.0,0.0,0.9269458658766496,0.07305413412335039,0.0,100.0,24.18067741394043
taxi-M,0.0,noisy_expert,150,8,Ours w/o stitching,-3.5533333333333332,100.0,720,0,-3.825,-5.4122618700648335,0.0,0.0,0.9321920107418596,0.06780798925814031,0.0,100.0,24.18067741394043
taxi-M,0.0,noisy_expert,150,8,Ours w/o execution rule,-3.5533333333333332,100.0,720,0,-3.7533333333333334,-5.348565370041266,0.0,0.0,0.9269458658766496,0.07305413412335039,0.0,100.0,24.18067741394043
taxi-M,0.0,noisy_expert,150,8,Factored Batch RL,-3.5533333333333332,100.0,720,0,-3.7533333333333334,-5.348565370041266,0.0,0.0,0.9269458658766496,0.07305413412335039,0.0,100.0,24.18067741394043
taxi-M,0.0,noisy_expert,150,9,Imitation,-3.5533333333333332,100.0,740,0,-12.52138888888889,-13.131756157062291,1.5683333333333334,52.916666666666664,0.9422480897681127,0.0,0.05775191023188732,100.0,17.134364366531372
taxi-M,0.0,noisy_expert,150,9,BC,-3.5533333333333332,100.0,740,0,-119.64583333333333,-54.15860478235268,1.5683333333333334,52.916666666666664,0.9605409372051578,0.0,0.03945906279484223,91.16666666666666,17.134364366531372
taxi-M,0.0,noisy_expert,150,9,RECO,-3.5533333333333332,100.0,740,0,-13.4775,-13.96706293672516,0.0,0.0,0.9650229874695754,0.034977012530424595,0.0,100.0,17.134364366531372
taxi-M,0.0,noisy_expert,150,9,RECO-greedy,-3.5533333333333332,100.0,740,0,-4.138333333333334,-5.711437033605145,0.0,0.0,0.9614135119008155,0.03858648809918451,0.0,100.0,17.134364366531372
taxi-M,0.0,noisy_expert,150,9,In-data planning (POR-style),-3.5533333333333332,100.0,740,0,-3.5933333333333333,-5.203141357096667,1.5683333333333334,52.916666666666664,0.9362293304418542,0.0,0.06377066955814584,100.0,17.134364366531372
taxi-M,0.0,noisy_expert,150,9,Ours,-3.5533333333333332,100.0,740,0,-3.6233333333333335,-5.232364230317251,0.0,0.0,0.9324488967104373,0.06755110328956275,0.0,100.0,17.134364366531372
taxi-M,0.0,noisy_expert,150,9,Ours w/o stitching,-3.5533333333333332,100.0,740,0,-3.655,-5.262429577298611,0.0,0.0,0.9353072399107686,0.06469276008923139,0.0,100.0,17.134364366531372
taxi-M,0.0,noisy_expert,150,9,Ours w/o execution rule,-3.5533333333333332,100.0,740,0,-3.6233333333333335,-5.232364230317251,0.0,0.0,0.9324488967104373,0.06755110328956275,0.0,100.0,17.134364366531372
taxi-M,0.0,noisy_expert,150,9,Factored Batch RL,-3.5533333333333332,100.0,740,0,-3.6233333333333335,-5.232364230317251,0.0,0.0,0.9324488967104373,0.06755110328956275,0.0,100.0,17.134364366531372
taxi-M,0.0,noisy_expert,150,10,Imitation,-3.5533333333333332,100.0,760,0,-12.485277777777778,-12.998056759275403,1.6508333333333334,52.83333333333333,0.9392412051567788,0.0,0.06075879484322125,100.0,23.001709461212158
taxi-M,0.0,noisy_expert,150,10,BC,-3.5533333333333332,100.0,760,0,-112.255,-50.83578559136457,1.6508333333333334,52.83333333333333,0.9590287687948543,0.0,0.0409712312051457,91.0,23.001709461212158
taxi-M,0.0,noisy_expert,150,10,RECO,-3.5533333333333332,100.0,760,0,-13.509166666666667,-13.890309693116105,0.0,0.0,0.9600359496704614,0.03996405032953865,0.0,100.0,23.001709461212158
taxi-M,0.0,noisy_expert,150,10,RECO-greedy,-3.5533333333333332,100.0,760,0,-4.118333333333333,-5.688837536413646,0.0,0.0,0.9557428173312985,0.04425718266870148,0.0,100.0,23.001709461212158
taxi-M,0.0,noisy_expert,150,10,In-data planning (POR-style),-3.5533333333333332,100.0,760,0,-3.5816666666666666,-5.190794354261623,1.6508333333333334,52.83333333333333,0.9328429046037019,0.0,0.06715709539629805,100.0,23.001709461212158
taxi-M,0.0,noisy_expert,150,10,Ours,-3.5533333333333332,100.0,760,0,-3.6233333333333335,-5.230322408938556,0.0,0.0,0.9303844591850549,0.06961554081494517,0.0,100.0,23.001709461212158
taxi-M,0.0,noisy_expert,150,10,Ours w/o stitching,-3.5533333333333332,100.0,760,0,-3.6483333333333334,-5.2528482814933355,0.0,0.0,0.9322131313814321,0.06778686861856785,0.0,100.0,23.001709461212158
taxi-M,0.0,noisy_expert,150,10,Ours w/o execution rule,-3.5533333333333332,100.0,760,0,-3.6233333333333335,-5.230322408938556,0.0,0.0,0.9303844591850549,0.06961554081494517,0.0,100.0,23.001709461212158
taxi-M,0.0,noisy_expert,150,10,Factored Batch RL,-3.5533333333333332,100.0,760,0,-3.6233333333333335,-5.230322408938556,0.0,0.0,0.9303844591850549,0.06961554081494517,0.0,100.0,23.001709461212158
taxi-M,0.0,noisy_expert,150,11,Imitation,-3.5533333333333332,100.0,727,0,-13.681666666666667,-14.130011873147081,1.7025,54.0,0.9379932014082797,0.0,0.062006798591720286,100.0,21.564979553222656
taxi-M,0.0,noisy_expert,150,11,BC,-3.5533333333333332,100.0,727,0,-162.7625,-72.56295023983343,1.7025,54.0,0.9602961753731343,0.0,0.03970382462686567,89.66666666666666,21.564979553222656
taxi-M,0.0,noisy_expert,150,11,RECO,-3.5533333333333332,100.0,727,0,-14.164722222222222,-14.537160602599792,0.0,0.0,0.9598830293417923,0.040116970658207775,0.0,100.0,21.564979553222656
taxi-M,0.0,noisy_expert,150,11,RECO-greedy,-3.5533333333333332,100.0,727,0,-4.105,-5.673334946033753,0.0,0.0,0.95522140343889,0.04477859656111,0.0,100.0,21.564979553222656
taxi-M,0.0,noisy_expert,150,11,In-data planning (POR-style),-3.5533333333333332,100.0,727,0,-3.651666666666667,-5.254223954706021,1.7025,54.0,0.9309377324048408,0.0,0.06906226759515922,100.0,21.564979553222656
taxi-M,0.0,noisy_expert,150,11,Ours,-3.5533333333333332,100.0,727,0,-3.5533333333333332,-5.16538470765062,0.0,0.0,0.925128970947597,0.07487102905240293,0.0,100.0,21.564979553222656
taxi-M,0.0,noisy_expert,150,11,Ours w/o stitching,-3.5533333333333332,100.0,727,0,-3.605,-5.211880528516003,0.0,0.0,0.9280972702025334,0.07190272979746663,0.0,100.0,21.564979553222656
taxi-M,0.0,noisy_expert,150,11,Ours w/o execution rule,-3.5533333333333332,100.0,727,0,-3.5533333333333332,-5.16538470765062,0.0,0.0,0.925128970947597,0.07487102905240293,0.0,100.0,21.564979553222656
taxi-M,0.0,noisy_expert,150,11,Factored Batch RL,-3.5533333333333332,100.0,727,0,-3.5533333333333332,-5.16538470765062,0.0,0.0,0.925128970947597,0.07487102905240293,0.0,100.0,21.564979553222656
taxi-M,0.0,noisy_expert,150,12,Imitation,-3.5533333333333332,100.0,720,0,-14.044722222222223,-14.347118639380044,1.5583333333333333,53.25,0.9426444878387912,0.0,0.05735551216120886,100.0,18.010136365890503
taxi-M,0.0,noisy_expert,150,12,BC,-3.5533333333333332,100.0,720,0,-139.21333333333334,-62.403102570845995,1.5583333333333333,53.25,0.9600461499017178,0.0,0.0399538500982822,91.66666666666666,18.010136365890503
taxi-M,0.0,noisy_expert,150,12,RECO,-3.5533333333333332,100.0,720,0,-15.082222222222223,-15.273165719160374,0.0,0.0,0.9640381195932312,0.03596188040676882,0.0,100.0,18.010136365890503
taxi-M,0.0,noisy_expert,150,12,RECO-greedy,-3.5533333333333332,100.0,720,0,-4.145,-5.711035976840462,0.0,0.0,0.9602306621594751,0.03976933784052496,0.0,100.0,18.010136365890503
taxi-M,0.0,noisy_expert,150,12,In-data planning (POR-style),-3.5533333333333332,100.0,720,0,-3.611666666666667,-5.218724391907742,1.5583333333333333,53.25,0.9366831448500034,0.0,0.06331685514999662,100.0,18.010136365890503
taxi-M,0.0,noisy_expert,150,12,Ours,-3.5533333333333332,100.0,720,0,-3.5933333333333333,-5.202528623997543,0.0,0.0,0.9331458389807535,0.0668541610192464,0.0,100.0,18.010136365890503
taxi-M,0.0,noisy_expert,150,12,Ours w/o stitching,-3.5533333333333332,100.0,720,0,-3.645,-5.249920668194646,0.0,0.0,0.9374788665719889,0.06252113342801109,0.0,100.0,18.010136365890503
taxi-M,0.0,noisy_expert,150,12,Ours w/o execution rule,-3.5533333333333332,100.0,720,0,-3.5933333333333333,-5.202528623997543,0.0,0.0,0.9331458389807535,0.0668541610192464,0.0,100.0,18.010136365890503
taxi-M,0.0,noisy_expert,150,12,Factored Batch RL,-3.5533333333333332,100.0,720,0,-3.5933333333333333,-5.202528623997543,0.0,0.0,0.9331458389807535,0.0668541610192464,0.0,100.0,18.010136365890503
taxi-M,0.0,noisy_expert,150,13,Imitation,-3.5533333333333332,100.0,758,0,-12.70138888888889,-13.30802561796233,1.6875,53.0,0.9385948065862756,0.0,0.06140519341372444,100.0,18.675780057907104
taxi-M,0.0,noisy_expert,150,13,BC,-3.5533333333333332,100.0,758,0,-88.30166666666666,-41.121877890588024,1.6875,53.0,0.9569615948651463,0.0,0.04303840513485367,91.58333333333334,18.675780057907104
taxi-M,0.0,noisy_expert,150,13,RECO,-3.5533333333333332,100.0,758,0,-14.450277777777778,-14.874446974509983,0.0,0.0,0.9647041434694782,0.03529585653052175,0.0,100.0,18.675780057907104
taxi-M,0.0,noisy_expert,150,13,RECO-greedy,-3.5533333333333332,100.0,758,0,-4.068333333333333,-5.647734861752842,0.0,0.0,0.9603084901269863,0.039691509873013765,0.0,100.0,18.675780057907104
taxi-M,0.0,noisy_expert,150,13,In-data planning (POR-style),-3.5533333333333332,100.0,758,0,-3.605,-5.213796281209819,1.6875,53.0,0.9314163787847999,0.0,0.06858362121520016,100.0,18.675780057907104
taxi-M,0.0,noisy_expert,150,13,Ours,-3.5533333333333332,100.0,758,0,-3.578333333333333,-5.188402456226927,0.0,0.0,0.9265952397097715,0.07340476029022852,0.0,100.0,18.675780057907104
taxi-M,0.0,noisy_expert,150,13,Ours w/o stitching,-3.5533333333333332,100.0,758,0,-3.62,-5.228301608677666,0.0,0.0,0.9316274031952342,0.06837259680476578,0.0,100.0,18.675780057907104
taxi-M,0.0,noisy_expert,150,13,Ours w/o execution rule,-3.5533333333333332,100.0,758,0,-3.578333333333333,-5.188402456226927,0.0,0.0,0.9265952397097715,0.07340476029022852,0.0,100.0,18.675780057907104
taxi-M,0.0,noisy_expert,150,13,Factored Batch RL,-3.5533333333333332,100.0,758,0,-3.578333333333333,-5.188402456226927,0.0,0.0,0.9265952397097715,0.07340476029022852,0.0,100.0,18.675780057907104
taxi-M,0.0,noisy_expert,150,14,Imitation,-3.5533333333333332,100.0,769,0,-14.368055555555555,-14.600156729115474,1.4066666666666667,52.5,0.9485971821836047,0.0,0.05140281781639531,100.0,25.560293436050415
taxi-M,0.0,noisy_expert,150,14,BC,-3.5533333333333332,100.0,769,0,-134.21083333333334,-60.285345613282495,1.4066666666666667,52.5,0.967622518461686,0.0,0.03237748153831399,89.0,25.560293436050415
taxi-M,0.0,noisy_expert,150,14,RECO,-3.5533333333333332,100.0,769,0,-15.530555555555555,-15.633394754533741,0.0,0.0,0.9664766180619015,0.03352338193809845,0.0,100.0,25.560293436050415
taxi-M,0.0,noisy_expert,150,14,RECO-greedy,-3.5533333333333332,100.0,769,0,-3.986666666666667,-5.568806923371668,0.0,0.0,0.9624799893276414,0.03752001067235859,0.0,100.0,25.560293436050415
taxi-M,0.0,noisy_expert,150,14,In-data planning (POR-style),-3.5533333333333332,100.0,769,0,-3.565,-5.176027307337612,1.4066666666666667,52.5,0.9427369563742451,0.0,0.0572630436257548,100.0,25.560293436050415
taxi-M,0.0,noisy_expert,150,14,Ours,-3.5533333333333332,100.0,769,0,-3.5683333333333334,-5.179093565223846,0.0,0.0,0.9394206634556679,0.06057933654433213,0.0,100.0,25.560293436050415
taxi-M,0.0,noisy_expert,150,14,Ours w/o stitching,-3.5533333333333332,100.0,769,0,-3.578333333333333,-5.188264161167795,0.0,0.0,0.9417847697836849,0.05821523021631518,0.0,100.0,25.560293436050415
taxi-M,0.0,noisy_expert,150,14,Ours w/o execution rule,-3.5533333333333332,100.0,769,0,-3.5683333333333334,-5.179093565223846,0.0,0.0,0.9394206634556679,0.06057933654433213,0.0,100.0,25.560293436050415
taxi-M,0.0,noisy_expert,150,14,Factored Batch RL,-3.5533333333333332,100.0,769,0,-3.5683333333333334,-5.179093565223846,0.0,0.0,0.9394206634556679,0.06057933654433213,0.0,100.0,25.560293436050415
taxi-M,0.0,noisy_expert,150,15,Imitation,-3.5533333333333332,100.0,784,0,-13.459444444444445,-13.921379279211985,1.395,48.91666666666667,0.9489374682257244,0.0,0.05106253177427555,100.0,23.571714401245117
taxi-M,0.0,noisy_expert,150,15,BC,-3.5533333333333332,100.0,784,0,-128.945,-58.02286970630169,1.395,48.91666666666667,0.9693692704616567,0.0,0.030630729538343306,87.91666666666667,23.571714401245117
taxi-M,0.0,noisy_expert,150,15,RECO,-3.5533333333333332,100.0,784,0,-14.011666666666667,-14.411566776844518,0.0,0.0,0.9695871037334451,0.030412896266554804,0.0,100.0,23.571714401245117
taxi-M,0.0,noisy_expert,150,15,RECO-greedy,-3.5533333333333332,100.0,784,0,-3.941666666666667,-5.5271244197242675,0.0,0.0,0.9660875375877046,0.033912462412295355,0.0,100.0,23.571714401245117
taxi-M,0.0,noisy_expert,150,15,In-data planning (POR-style),-3.5533333333333332,100.0,784,0,-3.558333333333333,-5.169984829957635,1.395,48.91666666666667,0.9431964709874449,0.0,0.05680352901255514,100.0,23.571714401245117
taxi-M,0.0,noisy_expert,150,15,Ours,-3.5533333333333332,100.0,784,0,-3.5933333333333333,-5.203687329487906,0.0,0.0,0.943107888316617,0.05689211168338303,0.0,100.0,23.571714401245117
taxi-M,0.0,noisy_expert,150,15,Ours w/o stitching,-3.5533333333333332,100.0,784,0,-3.5966666666666667,-5.206800579327202,0.0,0.0,0.9444369155712156,0.05556308442878439,0.0,100.0,23.571714401245117
taxi-M,0.0,noisy_expert,150,15,Ours w/o execution rule,-3.5533333333333332,100.0,784,0,-3.5933333333333333,-5.203687329487906,0.0,0.0,0.943107888316617,0.05689211168338303,0.0,100.0,23.571714401245117
taxi-M,0.0,noisy_expert,150,15,Factored Batch RL,-3.5533333333333332,100.0,784,0,-3.5933333333333333,-5.203687329487906,0.0,0.0,0.943107888316617,0.05689211168338303,0.0,100.0,23.571714401245117
taxi-M,0.0,noisy_expert,150,16,Imitation,-3.5533333333333332,100.0,757,0,-13.421388888888888,-13.816743458895056,1.5941666666666667,52.916666666666664,0.9413022133126049,0.0,0.05869778668739516,100.0,25.709383249282837
taxi-M,0.0,noisy_expert,150,16,BC,-3.5533333333333332,100.0,757,0,-112.03416666666666,-50.988523833413524,1.5941666666666667,52.916666666666664,0.9596532669675624,0.0,0.04034673303243767,91.33333333333333,25.709383249282837
taxi-M,0.0,noisy_expert,150,16,RECO,-3.5533333333333332,100.0,757,0,-14.759166666666667,-14.991982923534545,0.0,0.0,0.9623582089552238,0.03764179104477612,0.0,100.0,25.709383249282837
taxi-M,0.0,noisy_expert,150,16,RECO-greedy,-3.5533333333333332,100.0,757,0,-4.17,-5.730350970066355,0.0,0.0,0.958250562839359,0.04174943716064097,0.0,100.0,25.709383249282837
taxi-M,0.0,noisy_expert,150,16,In-data planning (POR-style),-3.5533333333333332,100.0,757,0,-3.61,-5.216595429483764,1.5941666666666667,52.916666666666664,0.9352228091561696,0.0,0.06477719084383042,100.0,25.709383249282837
taxi-M,0.0,noisy_expert,150,16,Ours,-3.5533333333333332,100.0,757,0,-3.7383333333333333,-5.337091478865612,0.0,0.0,0.9304722764939702,0.06952772350602977,0.0,100.0,25.709383249282837
taxi-M,0.0,noisy_expert,150,16,Ours w/o stitching,-3.5533333333333332,100.0,757,0,-3.785,-5.379738419728487,0.0,0.0,0.9367897249680587,0.06321027503194136,0.0,100.0,25.709383249282837
taxi-M,0.0,noisy_expert,150,16,Ours w/o execution rule,-3.5533333333333332,100.0,757,0,-3.7383333333333333,-5.337091478865612,0.0,0.0,0.9304722764939702,0.06952772350602977,0.0,100.0,25.709383249282837
taxi-M,0.0,noisy_expert,150,16,Factored Batch RL,-3.5533333333333332,100.0,757,0,-3.7383333333333333,-5.337091478865612,0.0,0.0,0.9304722764939702,0.06952772350602977,0.0,100.0,25.709383249282837
taxi-M,0.0,noisy_expert,150,17,Imitation,-3.5533333333333332,100.0,724,0,-13.074444444444444,-13.537996248322115,1.8633333333333333,55.166666666666664,0.9312345590421224,0.0,0.06876544095787758,100.0,28.001196146011353
taxi-M,0.0,noisy_expert,150,17,BC,-3.5533333333333332,100.0,724,0,-82.6275,-38.48628103325796,1.8633333333333333,55.166666666666664,0.9529817478341324,0.0,0.04701825216586761,91.25,28.001196146011353
taxi-M,0.0,noisy_expert,150,17,RECO,-3.5533333333333332,100.0,724,0,-14.31861111111111,-14.630782754211557,0.0,0.0,0.9538725058097604,0.0461274941902396,0.0,100.0,28.001196146011353
taxi-M,0.0,noisy_expert,150,17,RECO-greedy,-3.5533333333333332,100.0,724,0,-4.045,-5.623412564065324,0.0,0.0,0.9489252678512011,0.05107473214879883,0.0,100.0,28.001196146011353
taxi-M,0.0,noisy_expert,150,17,In-data planning (POR-style),-3.5533333333333332,100.0,724,0,-3.5883333333333334,-5.198994885709127,1.8633333333333333,55.166666666666664,0.9242188029553311,0.0,0.07578119704466887,100.0,28.001196146011353
taxi-M,0.0,noisy_expert,150,17,Ours,-3.5533333333333332,100.0,724,0,-3.5933333333333333,-5.202396203665535,0.0,0.0,0.9191515315803741,0.08084846841962591,0.0,100.0,28.001196146011353
taxi-M,0.0,noisy_expert,150,17,Ours w/o stitching,-3.5533333333333332,100.0,724,0,-3.6283333333333334,-5.235974636351066,0.0,0.0,0.9238005007782365,0.07619949922176356,0.0,100.0,28.001196146011353
taxi-M,0.0,noisy_expert,150,17,Ours w/o execution rule,-3.5533333333333332,100.0,724,0,-3.5933333333333333,-5.202396203665535,0.0,0.0,0.9191515315803741,0.08084846841962591,0.0,100.0,28.001196146011353
taxi-M,0.0,noisy_expert,150,17,Factored Batch RL,-3.5533333333333332,100.0,724,0,-3.5933333333333333,-5.202396203665535,0.0,0.0,0.9191515315803741,0.08084846841962591,0.0,100.0,28.001196146011353
taxi-M,0.0,noisy_expert,150,18,Imitation,-3.5533333333333332,100.0,764,0,-12.687777777777777,-13.22520731437109,1.5408333333333333,51.24999999999999,0.9433522941963419,0.0,0.05664770580365805,100.0,19.645946502685547
taxi-M,0.0,noisy_expert,150,18,BC,-3.5533333333333332,100.0,764,0,-98.90916666666666,-45.25730638978504,1.5408333333333333,51.24999999999999,0.9588223503997506,0.0,0.04117764960024942,92.58333333333333,19.645946502685547
taxi-M,0.0,noisy_expert,150,18,RECO,-3.5533333333333332,100.0,764,0,-13.652777777777779,-14.074180452231555,0.0,0.0,0.9650828508684368,0.034917149131563185,0.0,100.0,19.645946502685547
taxi-M,0.0,noisy_expert,150,18,RECO-greedy,-3.5533333333333332,100.0,764,0,-4.076666666666667,-5.650948826955869,0.0,0.0,0.9612521600425362,0.03874783995746378,0.0,100.0,19.645946502685547
taxi-M,0.0,noisy_expert,150,18,In-data planning (POR-style),-3.5533333333333332,100.0,764,0,-3.5766666666666667,-5.187554671749726,1.5408333333333333,51.24999999999999,0.9373050318730504,0.0,0.06269496812694968,100.0,19.645946502685547
taxi-M,0.0,noisy_expert,150,18,Ours,-3.5533333333333332,100.0,764,0,-3.578333333333333,-5.1896914630497,0.0,0.0,0.9336475215298027,0.06635247847019733,0.0,100.0,19.645946502685547
taxi-M,0.0,noisy_expert,150,18,Ours w/o stitching,-3.5533333333333332,100.0,764,0,-3.6,-5.210389423405762,0.0,0.0,0.937940379403794,0.06205962059620596,0.0,100.0,19.645946502685547
taxi-M,0.0,noisy_expert,150,18,Ours w/o execution rule,-3.5533333333333332,100.0,764,0,-3.578333333333333,-5.1896914630497,0.0,0.0,0.9336475215298027,0.06635247847019733,0.0,100.0,19.645946502685547
taxi-M,0.0,noisy_expert,150,18,Factored Batch RL,-3.5533333333333332,100.0,764,0,-3.578333333333333,-5.1896914630497,0.0,0.0,0.9336475215298027,0.06635247847019733,0.0,100.0,19.645946502685547
taxi-M,0.0,noisy_expert,150,19,Imitation,-3.5533333333333332,100.0,744,0,-15.026666666666667,-15.223401806689267,1.6425,53.0,0.9409048661289839,0.0,0.0590951338710161,100.0,28.260934114456177
taxi-M,0.0,noisy_expert,150,19,BC,-3.5533333333333332,100.0,744,0,-102.87083333333334,-47.31795864821633,1.6425,53.0,0.953292732055262,0.0,0.04670726794473803,93.91666666666667,28.260934114456177
taxi-M,0.0,noisy_expert,150,19,RECO,-3.5533333333333332,100.0,744,0,-15.993611111111111,-16.023077045607423,0.0,0.0,0.9635334861714063,0.03646651382859373,0.0,100.0,28.260934114456177
taxi-M,0.0,noisy_expert,150,19,RECO-greedy,-3.5533333333333332,100.0,744,0,-4.226666666666667,-5.7799940374046805,0.0,0.0,0.9588398520084567,0.04116014799154334,0.0,100.0,28.260934114456177
taxi-M,0.0,noisy_expert,150,19,In-data planning (POR-style),-3.5533333333333332,100.0,744,0,-3.6066666666666665,-5.212293551371212,1.6425,53.0,0.9332497968030344,0.0,0.06675020319696559,100.0,28.260934114456177
taxi-M,0.0,noisy_expert,150,19,Ours,-3.5533333333333332,100.0,744,0,-3.6533333333333333,-5.258502845302885,0.0,0.0,0.9266495402920497,0.07335045970795025,0.0,100.0,28.260934114456177
taxi-M,0.0,noisy_expert,150,19,Ours w/o stitching,-3.5533333333333332,100.0,744,0,-3.6883333333333335,-5.289613001062964,0.0,0.0,0.92952136636738,0.07047863363262,0.0,100.0,28.260934114456177
taxi-M,0.0,noisy_expert,150,19,Ours w/o execution rule,-3.5533333333333332,100.0,744,0,-3.6533333333333333,-5.258502845302885,0.0,0.0,0.9266495402920497,0.07335045970795025,0.0,100.0,28.260934114456177
taxi-M,0.0,noisy_expert,150,19,Factored Batch RL,-3.5533333333333332,100.0,744,0,-3.6533333333333333,-5.258502845302885,0.0,0.0,0.9266495402920497,0.07335045970795025,0.0,100.0,28.260934114456177
taxi-M,0.0,noisy_expert,150,20,Imitation,-3.5533333333333332,100.0,737,0,-15.643611111111111,-15.824556011049422,1.4108333333333334,53.333333333333336,0.9489126717495826,0.0,0.05108732825041743,100.0,17.68189239501953
taxi-M,0.0,noisy_expert,150,20,BC,-3.5533333333333332,100.0,737,0,-125.88083333333333,-56.90823770581328,1.4108333333333334,53.333333333333336,0.9624786684692271,0.0,0.03752133153077281,92.58333333333333,17.68189239501953
taxi-M,0.0,noisy_expert,150,20,RECO,-3.5533333333333332,100.0,737,0,-15.928333333333333,-16.064390894803015,0.0,0.0,0.9669965041180305,0.03300349588196955,0.0,100.0,17.68189239501953
taxi-M,0.0,noisy_expert,150,20,RECO-greedy,-3.5533333333333332,100.0,737,0,-4.023333333333333,-5.600663728014389,0.0,0.0,0.9629012921273478,0.03709870787265219,0.0,100.0,17.68189239501953
taxi-M,0.0,noisy_expert,150,20,In-data planning (POR-style),-3.5533333333333332,100.0,737,0,-3.5633333333333335,-5.1742699082391335,1.4108333333333334,53.333333333333336,0.9425634414438866,0.0,0.057436558556113446,100.0,17.68189239501953
taxi-M,0.0,noisy_expert,150,20,Ours,-3.5533333333333332,100.0,737,0,-3.5933333333333333,-5.2028630514725505,0.0,0.0,0.9396855516400109,0.060314448359989156,0.0,100.0,17.68189239501953
taxi-M,0.0,noisy_expert,150,20,Ours w/o stitching,-3.5533333333333332,100.0,737,0,-3.598333333333333,-5.207419973727023,0.0,0.0,0.9430855749034488,0.05691442509655126,0.0,100.0,17.68189239501953
taxi-M,0.0,noisy_expert,150,20,Ours w/o execution rule,-3.5533333333333332,100.0,737,0,-3.5933333333333333,-5.2028630514725505,0.0,0.0,0.9396855516400109,0.060314448359989156,0.0,100.0,17.68189239501953
taxi-M,0.0,noisy_expert,150,20,Factored Batch RL,-3.5533333333333332,100.0,737,0,-3.5933333333333333,-5.2028630514725505,0.0,0.0,0.9396855516400109,0.060314448359989156,0.0,100.0,17.68189239501953
taxi-M,0.0,noisy_expert,150,21,Imitation,-3.5533333333333332,100.0,729,0,-14.190833333333334,-14.542489418487348,1.7858333333333334,55.00000000000001,0.935426522433483,0.0,0.064573477566517,100.0,19.459434747695923
taxi-M,0.0,noisy_expert,150,21,BC,-3.5533333333333332,100.0,729,0,-122.92333333333333,-55.921932966294165,1.7858333333333334,55.00000000000001,0.9519754386751227,0.0,0.048024561324877306,92.83333333333333,19.459434747695923
taxi-M,0.0,noisy_expert,150,21,RECO,-3.5533333333333332,100.0,729,0,-15.474722222222223,-15.627437789117613,0.0,0.0,0.9623286999823554,0.037671300017644634,0.0,100.0,19.459434747695923
taxi-M,0.0,noisy_expert,150,21,RECO-greedy,-3.5533333333333332,100.0,729,0,-4.066666666666666,-5.640951578384091,0.0,0.0,0.9574135638297873,0.042586436170212766,0.0,100.0,19.459434747695923
taxi-M,0.0,noisy_expert,150,21,In-data planning (POR-style),-3.5533333333333332,100.0,729,0,-3.558333333333333,-5.16971298598466,1.7858333333333334,55.00000000000001,0.927281981676281,0.0,0.07271801832371903,100.0,19.459434747695923
taxi-M,0.0,noisy_expert,150,21,Ours,-3.5533333333333332,100.0,729,0,-3.6133333333333333,-5.222017548836152,0.0,0.0,0.9254807692307693,0.07451923076923077,0.0,100.0,19.459434747695923
taxi-M,0.0,noisy_expert,150,21,Ours w/o stitching,-3.5533333333333332,100.0,729,0,-3.618333333333333,-5.226345827170191,0.0,0.0,0.9275269108388058,0.07247308916119423,0.0,100.0,19.459434747695923
taxi-M,0.0,noisy_expert,150,21,Ours w/o execution rule,-3.5533333333333332,100.0,729,0,-3.6133333333333333,-5.222017548836152,0.0,0.0,0.9254807692307693,0.07451923076923077,0.0,100.0,19.459434747695923
taxi-M,0.0,noisy_expert,150,21,Factored Batch RL,-3.5533333333333332,100.0,729,0,-3.6133333333333333,-5.222017548836152,0.0,0.0,0.9254807692307693,0.07451923076923077,0.0,100.0,19.459434747695923
taxi-M,0.0,noisy_expert,150,22,Imitation,-3.5533333333333332,100.0,764,0,-14.505,-14.700161395204175,1.4541666666666666,52.75,0.9476447644764476,0.0,0.052355235523552354,100.0,19.312187671661377
taxi-M,0.0,noisy_expert,150,22,BC,-3.5533333333333332,100.0,764,0,-119.11166666666666,-53.81542238291933,1.4541666666666666,52.75,0.9701213978733969,0.0,0.029878602126603086,86.16666666666667,19.312187671661377
taxi-M,0.0,noisy_expert,150,22,RECO,-3.5533333333333332,100.0,764,0,-14.858888888888888,-14.984433262345132,0.0,0.0,0.9683591452656342,0.03164085473436581,0.0,100.0,19.312187671661377
taxi-M,0.0,noisy_expert,150,22,RECO-greedy,-3.5533333333333332,100.0,764,0,-4.098333333333334,-5.665778878132236,0.0,0.0,0.964273856165748,0.03572614383425194,0.0,100.0,19.312187671661377
taxi-M,0.0,noisy_expert,150,22,In-data planning (POR-style),-3.5533333333333332,100.0,764,0,-3.5883333333333334,-5.196842896383273,1.4541666666666666,52.75,0.9408594862061953,0.0,0.05914051379380465,100.0,19.312187671661377
taxi-M,0.0,noisy_expert,150,22,Ours,-3.5533333333333332,100.0,764,0,-3.5833333333333335,-5.194025003325462,0.0,0.0,0.9374576271186441,0.06254237288135593,0.0,100.0,19.312187671661377
taxi-M,0.0,noisy_expert,150,22,Ours w/o stitching,-3.5533333333333332,100.0,764,0,-3.605,-5.21353215782957,0.0,0.0,0.9403576508839667,0.059642349116033326,0.0,100.0,19.312187671661377
taxi-M,0.0,noisy_expert,150,22,Ours w/o execution rule,-3.5533333333333332,100.0,764,0,-3.5833333333333335,-5.194025003325462,0.0,0.0,0.9374576271186441,0.06254237288135593,0.0,100.0,19.312187671661377
taxi-M,0.0,noisy_expert,150,22,Factored Batch RL,-3.5533333333333332,100.0,764,0,-3.5833333333333335,-5.194025003325462,0.0,0.0,0.9374576271186441,0.06254237288135593,0.0,100.0,19.312187671661377
taxi-M,0.0,noisy_expert,150,23,Imitation,-3.5533333333333332,100.0,711,0,-12.39638888888889,-12.951950691368038,1.6333333333333333,55.41666666666667,0.9399595646047338,0.0,0.0600404353952662,100.0,16.51978325843811
taxi-M,0.0,noisy_expert,150,23,BC,-3.5533333333333332,100.0,711,0,-57.97416666666667,-28.236310030979208,1.6333333333333333,55.41666666666667,0.9511331621331871,0.0,0.04886683786681294,94.91666666666667,16.51978325843811
taxi-M,0.0,noisy_expert,150,23,RECO,-3.5533333333333332,100.0,711,0,-13.218333333333334,-13.708987593689923,0.0,0.0,0.9603566694782504,0.039643330521749606,0.0,100.0,16.51978325843811
taxi-M,0.0,noisy_expert,150,23,RECO-greedy,-3.5533333333333332,100.0,711,0,-3.935,-5.519708943588744,0.0,0.0,0.956018982688323,0.04398101731167703,0.0,100.0,16.51978325843811
taxi-M,0.0,noisy_expert,150,23,In-data planning (POR-style),-3.5533333333333332,100.0,711,0,-3.5883333333333334,-5.197294818566556,1.6333333333333333,55.41666666666667,0.933572832644208,0.0,0.06642716735579204,100.0,16.51978325843811
taxi-M,0.0,noisy_expert,150,23,Ours,-3.5533333333333332,100.0,711,0,-3.5683333333333334,-5.179897947284103,0.0,0.0,0.9319584831422563,0.0680415168577437,0.0,100.0,16.51978325843811
taxi-M,0.0,noisy_expert,150,23,Ours w/o stitching,-3.5533333333333332,100.0,711,0,-3.5933333333333333,-5.202901541929258,0.0,0.0,0.933959067497967,0.06604093250203306,0.0,100.0,16.51978325843811
taxi-M,0.0,noisy_expert,150,23,Ours w/o execution rule,-3.5533333333333332,100.0,711,0,-3.5683333333333334,-5.179897947284103,0.0,0.0,0.9319584831422563,0.0680415168577437,0.0,100.0,16.51978325843811
taxi-M,0.0,noisy_expert,150,23,Factored Batch RL,-3.5533333333333332,100.0,711,0,-3.5683333333333334,-5.179897947284103,0.0,0.0,0.9319584831422563,0.0680415168577437,0.0,100.0,16.51978325843811
taxi-M,0.0,noisy_expert,150,24,Imitation,-3.5533333333333332,100.0,730,0,-13.87888888888889,-14.287242449519896,1.6866666666666668,54.166666666666664,0.9384908374444118,0.0,0.0615091625555882,100.0,21.0434787273407
taxi-M,0.0,noisy_expert,150,24,BC,-3.5533333333333332,100.0,730,0,-106.8275,-48.91852533053136,1.6866666666666668,54.166666666666664,0.9533909038572251,0.0,0.0466090961427749,93.33333333333333,21.0434787273407
taxi-M,0.0,noisy_expert,150,24,RECO,-3.5533333333333332,100.0,730,0,-14.764444444444445,-15.063943921112054,0.0,0.0,0.9638011300334235,0.03619886996657647,0.0,100.0,21.0434787273407
taxi-M,0.0,noisy_expert,150,24,RECO-greedy,-3.5533333333333332,100.0,730,0,-4.08,-5.6535801809892545,0.0,0.0,0.9596956406166932,0.04030435938330675,0.0,100.0,21.0434787273407
taxi-M,0.0,noisy_expert,150,24,In-data planning (POR-style),-3.5533333333333332,100.0,730,0,-3.5833333333333335,-5.194027754164617,1.6866666666666668,54.166666666666664,0.9313898305084746,0.0,0.06861016949152543,100.0,21.0434787273407
taxi-M,0.0,noisy_expert,150,24,Ours,-3.5533333333333332,100.0,730,0,-3.5733333333333333,-5.184103205859571,0.0,0.0,0.9291915355398807,0.07080846446011937,0.0,100.0,21.0434787273407
taxi-M,0.0,noisy_expert,150,24,Ours w/o stitching,-3.5533333333333332,100.0,730,0,-3.598333333333333,-5.208071388867949,0.0,0.0,0.9317365675181245,0.06826343248187547,0.0,100.0,21.0434787273407
taxi-M,0.0,noisy_expert,150,24,Ours w/o execution rule,-3.5533333333333332,100.0,730,0,-3.5733333333333333,-5.184103205859571,0.0,0.0,0.9291915355398807,0.07080846446011937,0.0,100.0,21.0434787273407
taxi-M,0.0,noisy_expert,150,24,Factored Batch RL,-3.5533333333333332,100.0,730,0,-3.5733333333333333,-5.184103205859571,0.0,0.0,0.9291915355398807,0.07080846446011937,0.0,100.0,21.0434787273407
taxi-M,0.0,noisy_expert,150,25,Imitation,-3.5533333333333332,100.0,730,0,-13.393055555555556,-13.805167632240797,1.4608333333333334,52.916666666666664,0.9469377459388558,0.0,0.05306225406114418,100.0,21.13139009475708
taxi-M,0.0,noisy_expert,150,25,BC,-3.5533333333333332,100.0,730,0,-110.38583333333334,-50.48652256002435,1.4608333333333334,52.916666666666664,0.9600901557235224,0.0,0.03990984427647755,93.08333333333333,21.13139009475708
taxi-M,0.0,noisy_expert,150,25,RECO,-3.5533333333333332,100.0,730,0,-14.639722222222222,-14.925106925469281,0.0,0.0,0.9660362982788598,0.03396370172114013,0.0,100.0,21.13139009475708
taxi-M,0.0,noisy_expert,150,25,RECO-greedy,-3.5533333333333332,100.0,730,0,-4.365,-5.921561839565257,0.0,0.0,0.9619225967540574,0.038077403245942575,0.0,100.0,21.13139009475708
taxi-M,0.0,noisy_expert,150,25,In-data planning (POR-style),-3.5533333333333332,100.0,730,0,-3.638333333333333,-5.245626813507277,1.4608333333333334,52.916666666666664,0.9407089224108773,0.0,0.059291077589122644,100.0,21.13139009475708
taxi-M,0.0,noisy_expert,150,25,Ours,-3.5533333333333332,100.0,730,0,-3.6883333333333335,-5.293570347156693,0.0,0.0,0.9308715317626409,0.06912846823735908,0.0,100.0,21.13139009475708
taxi-M,0.0,noisy_expert,150,25,Ours w/o stitching,-3.5533333333333332,100.0,730,0,-3.7666666666666666,-5.368415905174159,0.0,0.0,0.9388290713324361,0.06117092866756393,0.0,100.0,21.13139009475708
taxi-M,0.0,noisy_expert,150,25,Ours w/o execution rule,-3.5533333333333332,100.0,730,0,-3.6883333333333335,-5.293570347156693,0.0,0.0,0.9308715317626409,0.06912846823735908,0.0,100.0,21.13139009475708
taxi-M,0.0,noisy_expert,150,25,Factored Batch RL,-3.5533333333333332,100.0,730,0,-3.6883333333333335,-5.293570347156693,0.0,0.0,0.9308715317626409,0.06912846823735908,0.0,100.0,21.13139009475708
taxi-M,0.0,noisy_expert,150,26,Imitation,-3.5533333333333332,100.0,742,0,-12.835277777777778,-13.352043345760604,1.5116666666666667,54.0,0.9446788179443129,0.0,0.055321182055687146,100.0,20.313910245895386
taxi-M,0.0,noisy_expert,150,26,BC,-3.5533333333333332,100.0,742,0,-127.42083333333333,-57.423154556543814,1.5116666666666667,54.0,0.9598903285720604,0.0,0.04010967142793968,92.41666666666667,20.313910245895386
taxi-M,0.0,noisy_expert,150,26,RECO,-3.5533333333333332,100.0,742,0,-13.935555555555556,-14.31469817039687,0.0,0.0,0.9645409811620856,0.035459018837914406,0.0,100.0,20.313910245895386
taxi-M,0.0,noisy_expert,150,26,RECO-greedy,-3.5533333333333332,100.0,742,0,-4.136666666666667,-5.708920631467128,0.0,0.0,0.9605821509083676,0.03941784909163241,0.0,100.0,20.313910245895386
taxi-M,0.0,noisy_expert,150,26,In-data planning (POR-style),-3.5533333333333332,100.0,742,0,-3.595,-5.205541854712439,1.5116666666666667,54.0,0.9385376431524023,0.0,0.06146235684759775,100.0,20.313910245895386
taxi-M,0.0,noisy_expert,150,26,Ours,-3.5533333333333332,100.0,742,0,-3.6433333333333335,-5.24894121614509,0.0,0.0,0.9347017448938185,0.06529825510618152,0.0,100.0,20.313910245895386
taxi-M,0.0,noisy_expert,150,26,Ours w/o stitching,-3.5533333333333332,100.0,742,0,-3.683333333333333,-5.287550498701703,0.0,0.0,0.9382849426063471,0.06171505739365294,0.0,100.0,20.313910245895386
taxi-M,0.0,noisy_expert,150,26,Ours w/o execution rule,-3.5533333333333332,100.0,742,0,-3.6433333333333335,-5.24894121614509,0.0,0.0,0.9347017448938185,0.06529825510618152,0.0,100.0,20.313910245895386
taxi-M,0.0,noisy_expert,150,26,Factored Batch RL,-3.5533333333333332,100.0,742,0,-3.6433333333333335,-5.24894121614509,0.0,0.0,0.9347017448938185,0.06529825510618152,0.0,100.0,20.313910245895386
taxi-M,0.0,noisy_expert,150,27,Imitation,-3.5533333333333332,100.0,710,0,-12.856388888888889,-13.390969641962846,1.8391666666666666,55.58333333333333,0.9318357303902896,0.0,0.06816426960971039,100.0,22.21759819984436
taxi-M,0.0,noisy_expert,150,27,BC,-3.5533333333333332,100.0,710,0,-55.31,-27.010611883892846,1.8391666666666666,55.58333333333333,0.9413531037414966,0.0,0.0586468962585034,96.16666666666667,22.21759819984436
taxi-M,0.0,noisy_expert,150,27,RECO,-3.5533333333333332,100.0,710,0,-13.771944444444445,-14.201611590012973,0.0,0.0,0.9536534195284032,0.04634658047159678,0.0,100.0,22.21759819984436
taxi-M,0.0,noisy_expert,150,27,RECO-greedy,-3.5533333333333332,100.0,710,0,-4.108333333333333,-5.675781524966419,0.0,0.0,0.9489213408562894,0.05107865914371059,0.0,100.0,22.21759819984436
taxi-M,0.0,noisy_expert,150,27,In-data planning (POR-style),-3.5533333333333332,100.0,710,0,-3.5633333333333335,-5.1743986972741824,1.8391666666666666,55.58333333333333,0.9251255258515403,0.0,0.07487447414845977,100.0,22.21759819984436
taxi-M,0.0,noisy_expert,150,27,Ours,-3.5533333333333332,100.0,710,0,-3.5883333333333334,-5.198138499592065,0.0,0.0,0.9244899342506608,0.07551006574933912,0.0,100.0,22.21759819984436
taxi-M,0.0,noisy_expert,150,27,Ours w/o stitching,-3.5533333333333332,100.0,710,0,-3.591666666666667,-5.201038494166233,0.0,0.0,0.9245679430701457,0.07543205692985429,0.0,100.0,22.21759819984436
taxi-M,0.0,noisy_expert,150,27,Ours w/o execution rule,-3.5533333333333332,100.0,710,0,-3.5883333333333334,-5.198138499592065,0.0,0.0,0.9244899342506608,0.07551006574933912,0.0,100.0,22.21759819984436
taxi-M,0.0,noisy_expert,150,27,Factored Batch RL,-3.5533333333333332,100.0,710,0,-3.5883333333333334,-5.198138499592065,0.0,0.0,0.9244899342506608,0.07551006574933912,0.0,100.0,22.21759819984436
taxi-M,0.0,noisy_expert,150,28,Imitation,-3.5533333333333332,100.0,718,0,-13.661388888888888,-14.067386277935334,1.69,55.50000000000001,0.9384870483084949,0.0,0.061512951691505065,100.0,23.259282112121582
taxi-M,0.0,noisy_expert,150,28,BC,-3.5533333333333332,100.0,718,0,-91.50416666666666,-42.21233991413775,1.69,55.50000000000001,0.9514704826629017,0.0,0.04852951733709828,94.16666666666667,23.259282112121582
taxi-M,0.0,noisy_expert,150,28,RECO,-3.5533333333333332,100.0,718,0,-15.355,-15.544117829082229,0.0,0.0,0.9633013957889757,0.03669860421102437,0.0,100.0,23.259282112121582
taxi-M,0.0,noisy_expert,150,28,RECO-greedy,-3.5533333333333332,100.0,718,0,-4.085,-5.657413839666974,0.0,0.0,0.9587735034216995,0.041226496578300444,0.0,100.0,23.259282112121582
taxi-M,0.0,noisy_expert,150,28,In-data planning (POR-style),-3.5533333333333332,100.0,718,0,-3.5716666666666668,-5.182041116550618,1.69,55.50000000000001,0.9312215966899545,0.0,0.06877840331004545,100.0,23.259282112121582
taxi-M,0.0,noisy_expert,150,28,Ours,-3.5533333333333332,100.0,718,0,-3.6433333333333335,-5.249715681211511,0.0,0.0,0.932605167049912,0.06739483295008793,0.0,100.0,23.259282112121582
taxi-M,0.0,noisy_expert,150,28,Ours w/o stitching,-3.5533333333333332,100.0,718,0,-3.651666666666667,-5.257597462327264,0.0,0.0,0.9332364275572984,0.06676357244270165,0.0,100.0,23.259282112121582
taxi-M,0.0,noisy_expert,150,28,Ours w/o execution rule,-3.5533333333333332,100.0,718,0,-3.6433333333333335,-5.249715681211511,0.0,0.0,0.932605167049912,0.06739483295008793,0.0,100.0,23.259282112121582
taxi-M,0.0,noisy_expert,150,28,Factored Batch RL,-3.5533333333333332,100.0,718,0,-3.6433333333333335,-5.249715681211511,0.0,0.0,0.932605167049912,0.06739483295008793,0.0,100.0,23.259282112121582
taxi-M,0.0,noisy_expert,150,29,Imitation,-3.5533333333333332,100.0,762,0,-14.285277777777777,-14.566065197032357,1.4291666666666667,50.916666666666664,0.9482612980430803,0.0,0.05173870195691961,100.0,19.31765627861023
taxi-M,0.0,noisy_expert,150,29,BC,-3.5533333333333332,100.0,762,0,-224.39833333333334,-97.97738366963192,1.4291666666666667,50.916666666666664,0.9738778121334897,0.0,0.02612218786651029,82.5,19.31765627861023
taxi-M,0.0,noisy_expert,150,29,RECO,-3.5533333333333332,100.0,762,0,-15.085833333333333,-15.26609147002261,0.0,0.0,0.965977733033282,0.03402226696671799,0.0,100.0,19.31765627861023
taxi-M,0.0,noisy_expert,150,29,RECO-greedy,-3.5533333333333332,100.0,762,0,-4.093333333333334,-5.660167434153157,0.0,0.0,0.9618424548352816,0.038157545164718386,0.0,100.0,19.31765627861023
taxi-M,0.0,noisy_expert,150,29,In-data planning (POR-style),-3.5533333333333332,100.0,762,0,-3.618333333333333,-5.224541907272755,1.4291666666666667,50.916666666666664,0.9419470584252928,0.0,0.058052941574707195,100.0,19.31765627861023
taxi-M,0.0,noisy_expert,150,29,Ours,-3.5533333333333332,100.0,762,0,-3.6133333333333333,-5.22134198664997,0.0,0.0,0.9408179848320694,0.05918201516793066,0.0,100.0,19.31765627861023
taxi-M,0.0,noisy_expert,150,29,Ours w/o stitching,-3.5533333333333332,100.0,762,0,-3.6666666666666665,-5.269905993970671,0.0,0.0,0.9427702702702703,0.05722972972972973,0.0,100.0,19.31765627861023
taxi-M,0.0,noisy_expert,150,29,Ours w/o execution rule,-3.5533333333333332,100.0,762,0,-3.6133333333333333,-5.22134198664997,0.0,0.0,0.9408179848320694,0.05918201516793066,0.0,100.0,19.31765627861023
taxi-M,0.0,noisy_expert,150,29,Factored Batch RL,-3.5533333333333332,100.0,762,0,-3.6133333333333333,-5.22134198664997,0.0,0.0,0.9408179848320694,0.05918201516793066,0.0,100.0,19.31765627861023
taxi-M,0.0,random_mix,50,0,Imitation,-3.5533333333333332,40.0,931,0,-537.5733333333334,-247.20133862123924,1.7291666666666667,40.583333333333336,0.9881611228390483,0.0,0.011838877160951675,43.416666666666664,103.65780830383301
taxi-M,0.0,random_mix,50,0,BC,-3.5533333333333332,40.0,931,0,-1069.0241666666666,-458.9916358804112,1.625,36.916666666666664,0.9907776127732428,0.0,0.00922238722675722,13.25,103.65780830383301
taxi-M,0.0,random_mix,50,0,RECO,-3.5533333333333332,40.0,931,0,-592.3483333333334,-271.5692686598401,0.0,0.0,0.9942723928630629,0.00572760713693707,0.0,36.861111111111114,103.65780830383301
taxi-M,0.0,random_mix,50,0,RECO-greedy,-3.5533333333333332,40.0,931,0,-388.26416666666665,-169.49325154924227,0.0,0.0,0.9894538941607057,0.010546105839294256,0.0,71.83333333333334,103.65780830383301
taxi-M,0.0,random_mix,50,0,In-data planning (POR-style),-3.5533333333333332,40.0,931,0,-330.0,-144.40553677706941,1.625,36.916666666666664,0.9760615769896512,0.0,0.023938423010348764,75.5,103.65780830383301
taxi-M,0.0,random_mix,50,0,Ours,-3.5533333333333332,40.0,931,0,-133.41833333333332,-60.84608596292928,0.0,0.0,0.9415410642879114,0.058458935712088586,0.0,83.33333333333334,103.65780830383301
taxi-M,0.0,random_mix,50,0,Ours w/o stitching,-3.5533333333333332,40.0,931,0,-176.05,-79.02593689373442,0.0,0.0,0.9780143216566674,0.021985678343332687,0.0,77.83333333333333,103.65780830383301
taxi-M,0.0,random_mix,50,0,Ours w/o execution rule,-3.5533333333333332,40.0,931,0,-133.41833333333332,-60.84608596292928,0.0,0.0,0.9415410642879114,0.058458935712088586,0.0,83.33333333333334,103.65780830383301
taxi-M,0.0,random_mix,50,0,Factored Batch RL,-3.5533333333333332,40.0,931,0,-3.5533333333333332,-5.16538470765062,0.0,0.0,0.7663250067879446,0.2336749932120554,0.0,100.0,103.65780830383301
taxi-M,0.0,random_mix,50,1,Imitation,-3.5533333333333332,32.0,952,0,-501.545,-228.4521461796587,1.4052777777777778,35.0,0.98973350542243,0.0,0.010266494577569972,43.916666666666664,96.545081615448
taxi-M,0.0,random_mix,50,1,BC,-3.5533333333333332,32.0,952,0,-965.3625,-414.9901452643791,1.19,31.0,0.9926396684758237,0.0,0.007360331524176215,21.5,96.545081615448
taxi-M,0.0,random_mix,50,1,RECO,-3.5533333333333332,32.0,952,0,-547.1544444444445,-247.6606781410259,0.0,0.0,0.9860259329832226,0.013974067016777432,0.0,36.97222222222222,96.545081615448
taxi-M,0.0,random_mix,50,1,RECO-greedy,-3.5533333333333332,32.0,952,0,-336.12916666666666,-147.5985475356535,0.0,0.0,0.9850853952784218,0.014914604721578274,0.0,74.5,96.545081615448
taxi-M,0.0,random_mix,50,1,In-data planning (POR-style),-3.5533333333333332,32.0,952,0,-308.0808333333333,-135.4073568789507,1.18,30.75,0.9818784473822291,0.0,0.018121552617770896,77.16666666666666,96.545081615448
taxi-M,0.0,random_mix,50,1,Ours,-3.5533333333333332,32.0,952,0,-134.335,-60.903468505117175,0.0,0.0,0.9562810945273632,0.043718905472636814,0.0,83.33333333333334,96.545081615448
taxi-M,0.0,random_mix,50,1,Ours w/o stitching,-3.5533333333333332,32.0,952,0,-200.93583333333333,-89.69417521422045,0.0,0.0,0.9852165497217518,0.014783450278248246,0.0,75.0,96.545081615448
taxi-M,0.0,random_mix,50,1,Ours w/o execution rule,-3.5533333333333332,32.0,952,0,-134.335,-60.903468505117175,0.0,0.0,0.9562810945273632,0.043718905472636814,0.0,83.33333333333334,96.545081615448
taxi-M,0.0,random_mix,50,1,Factored Batch RL,-3.5533333333333332,32.0,952,0,-3.5533333333333332,-5.16538470765062,0.0,0.0,0.792390714091773,0.207609285908227,0.0,100.0,96.545081615448
taxi-M,0.0,random_mix,50,2,Imitation,-3.5533333333333332,28.0,920,0,-591.21,-263.28161807389904,1.9083333333333334,32.58333333333333,0.9874528798106426,0.0,0.012547120189357412,32.611111111111114,111.73719048500061
taxi-M,0.0,random_mix,50,2,BC,-3.5533333333333332,28.0,920,0,-1167.525,-501.2452717925328,1.9083333333333334,32.58333333333333,0.9887931329799989,0.0,0.011206867020001076,16.833333333333332,111.73719048500061
taxi-M,0.0,random_mix,50,2,RECO,-3.5533333333333332,28.0,920,0,-638.6827777777778,-282.7480292324052,0.0,0.0,0.9955644398183194,0.0044355601816805455,0.0,24.944444444444443,111.73719048500061
taxi-M,0.0,random_mix,50,2,RECO-greedy,-3.5533333333333332,28.0,920,0,-613.2883333333333,-264.48780914513276,0.0,0.0,0.992599797023004,0.007400202976995941,0.0,57.75,111.73719048500061
taxi-M,0.0,random_mix,50,2,In-data planning (POR-style),-3.5533333333333332,28.0,920,0,-508.4058333333333,-220.09617590791808,1.9083333333333334,32.58333333333333,0.9773352600011876,0.0,0.022664739998812328,66.0,111.73719048500061
taxi-M,0.0,random_mix,50,2,Ours,-3.5533333333333332,28.0,920,0,-203.20666666666668,-89.50333417842434,0.0,0.0,0.9571733949237082,0.0428266050762918,0.0,75.0,111.73719048500061
taxi-M,0.0,random_mix,50,2,Ours w/o stitching,-3.5533333333333332,28.0,920,0,-305.80333333333334,-134.19447835274832,0.0,0.0,0.9895110855891827,0.01048891441081731,0.0,60.916666666666664,111.73719048500061
taxi-M,0.0,random_mix,50,2,Ours w/o execution rule,-3.5533333333333332,28.0,920,0,-203.20666666666668,-89.50333417842434,0.0,0.0,0.9571733949237082,0.0428266050762918,0.0,75.0,111.73719048500061
taxi-M,0.0,random_mix,50,2,Factored Batch RL,-3.5533333333333332,28.0,920,0,-3.5533333333333332,-5.16538470765062,0.0,0.0,0.7282446375237578,0.2717553624762422,0.0,100.0,111.73719048500061
taxi-M,0.0,random_mix,50,3,Imitation,-3.5533333333333332,46.0,931,0,-490.87083333333334,-231.21788143550233,1.4252777777777779,40.13888888888889,0.98954870616608,0.0,0.010451293833919958,50.083333333333336,97.46486496925354
taxi-M,0.0,random_mix,50,3,BC,-3.5533333333333332,46.0,931,0,-1070.8233333333333,-459.3838219223076,1.0375,34.66666666666667,0.9938701354970852,0.0,0.006129864502914763,17.166666666666668,97.46486496925354
taxi-M,0.0,random_mix,50,3,RECO,-3.5533333333333332,46.0,931,0,-500.0469444444444,-235.96092003218732,0.0,0.0,0.9891954086945463,0.010804591305453765,0.0,48.30555555555556,97.46486496925354
taxi-M,0.0,random_mix,50,3,RECO-greedy,-3.5533333333333332,46.0,931,0,-249.44,-110.44969575292772,0.0,0.0,0.9857310847243733,0.014268915275626685,0.0,81.33333333333333,97.46486496925354
taxi-M,0.0,random_mix,50,3,In-data planning (POR-style),-3.5533333333333332,46.0,931,0,-236.5775,-104.79917222608925,1.0375,34.66666666666667,0.981865850994101,0.0,0.01813414900589906,81.66666666666667,97.46486496925354
taxi-M,0.0,random_mix,50,3,Ours,-3.5533333333333332,46.0,931,0,-63.62,-31.034264877721636,0.0,0.0,0.9349834558033604,0.06501654419663959,0.0,91.66666666666666,97.46486496925354
taxi-M,0.0,random_mix,50,3,Ours w/o stitching,-3.5533333333333332,46.0,931,0,-130.61166666666668,-59.75595204683756,0.0,0.0,0.977903934140258,0.02209606585974201,0.0,83.33333333333334,97.46486496925354
taxi-M,0.0,random_mix,50,3,Ours w/o execution rule,-3.5533333333333332,46.0,931,0,-63.62,-31.034264877721636,0.0,0.0,0.9349834558033604,0.06501654419663959,0.0,91.66666666666666,97.46486496925354
taxi-M,0.0,random_mix,50,3,Factored Batch RL,-3.5533333333333332,46.0,931,0,-3.5533333333333332,-5.16538470765062,0.0,0.0,0.8510724952484388,0.14892750475156122,0.0,100.0,97.46486496925354
taxi-M,0.0,random_mix,50,4,Imitation,-3.5533333333333332,40.0,902,0,-479.36833333333334,-220.6808089180786,1.903888888888889,40.72222222222222,0.9855587300784641,0.0,0.014441269921535908,48.36111111111111,101.69511580467224
taxi-M,0.0,random_mix,50,4,BC,-3.5533333333333332,40.0,902,0,-967.8116666666666,-415.9895149008766,1.3708333333333333,36.5,0.9911402904045844,0.0,0.008859709595415571,25.416666666666664,101.69511580467224
taxi-M,0.0,random_mix,50,4,RECO,-3.5533333333333332,40.0,902,0,-517.9305555555555,-237.53653390096113,0.0,0.0,0.990594589468943,0.009405410531057017,0.0,44.25,101.69511580467224
taxi-M,0.0,random_mix,50,4,RECO-greedy,-3.5533333333333332,40.0,902,0,-372.72083333333336,-163.29279350450668,0.0,0.0,0.9898664210041456,0.010133578995854445,0.0,75.58333333333334,101.69511580467224
taxi-M,0.0,random_mix,50,4,In-data planning (POR-style),-3.5533333333333332,40.0,902,0,-303.16833333333335,-133.71124639709416,1.3708333333333333,36.5,0.9773353540920364,0.0,0.022664645907963625,80.0,101.69511580467224
taxi-M,0.0,random_mix,50,4,Ours,-3.5533333333333332,40.0,902,0,-70.38333333333334,-33.85296582634865,0.0,0.0,0.920524756665256,0.07947524333474397,0.0,91.66666666666666,101.69511580467224
taxi-M,0.0,random_mix,50,4,Ours w/o stitching,-3.5533333333333332,40.0,902,0,-153.36666666666667,-69.86961436525785,0.0,0.0,0.9732865345923957,0.026713465407604307,0.0,82.25,101.69511580467224
taxi-M,0.0,random_mix,50,4,Ours w/o execution rule,-3.5533333333333332,40.0,902,0,-70.38333333333334,-33.85296582634865,0.0,0.0,0.920524756665256,0.07947524333474397,0.0,91.66666666666666,101.69511580467224
taxi-M,0.0,random_mix,50,4,Factored Batch RL,-3.5533333333333332,40.0,902,0,-3.5683333333333334,-5.180440045921265,0.0,0.0,0.8179906383556068,0.18200936164439319,0.0,100.0,101.69511580467224
taxi-M,0.0,random_mix,50,5,Imitation,-3.5533333333333332,48.0,855,0,-377.47305555555556,-184.60528397104747,1.8591666666666666,42.888888888888886,0.9830141561388104,0.0,0.016985843861189644,65.19444444444444,74.20605969429016
taxi-M,0.0,random_mix,50,5,BC,-3.5533333333333332,48.0,855,0,-949.5408333333334,-407.32374077085586,1.7391666666666667,42.083333333333336,0.9875463208836324,0.0,0.012453679116367607,34.416666666666664,74.20605969429016
taxi-M,0.0,random_mix,50,5,RECO,-3.5533333333333332,48.0,855,0,-403.91805555555555,-195.1928190380595,0.0,0.0,0.9775445935465676,0.02245540645343235,0.0,59.47222222222223,74.20605969429016
taxi-M,0.0,random_mix,50,5,RECO-greedy,-3.5533333333333332,48.0,855,0,-171.97583333333333,-77.48660504215906,0.0,0.0,0.9748673203202303,0.02513267967976972,0.0,88.25,74.20605969429016
taxi-M,0.0,random_mix,50,5,In-data planning (POR-style),-3.5533333333333332,48.0,855,0,-158.0825,-71.40139296559445,1.7391666666666667,42.083333333333336,0.9607765749511352,0.0,0.039223425048864835,89.08333333333334,74.20605969429016
taxi-M,0.0,random_mix,50,5,Ours,-3.5533333333333332,48.0,855,0,-3.5533333333333332,-5.16538470765062,0.0,0.0,0.8846049416236763,0.11539505837632365,0.0,100.0,74.20605969429016
taxi-M,0.0,random_mix,50,5,Ours w/o stitching,-3.5533333333333332,48.0,855,0,-89.05833333333334,-42.22121409786519,0.0,0.0,0.9601655068647734,0.039834493135226634,0.0,89.08333333333334,74.20605969429016
taxi-M,0.0,random_mix,50,5,Ours w/o execution rule,-3.5533333333333332,48.0,855,0,-3.5533333333333332,-5.16538470765062,0.0,0.0,0.8846049416236763,0.11539505837632365,0.0,100.0,74.20605969429016
taxi-M,0.0,random_mix,50,5,Factored Batch RL,-3.5533333333333332,48.0,855,0,-3.5533333333333332,-5.16538470765062,0.0,0.0,0.8846049416236763,0.11539505837632365,0.0,100.0,74.20605969429016
taxi-M,0.0,random_mix,50,6,Imitation,-3.5533333333333332,44.0,970,0,-507.7127777777778,-239.53014871852116,1.1972222222222222,35.69444444444444,0.9913014345569181,0.0,0.008698565443081915,49.138888888888886,99.56267976760864
taxi-M,0.0,random_mix,50,6,BC,-3.5533333333333332,44.0,970,0,-1169.655,-501.7550554342737,1.1483333333333334,32.916666666666664,0.9928662763308432,0.0,0.00713372366915674,22.0,99.56267976760864
taxi-M,0.0,random_mix,50,6,RECO,-3.5533333333333332,44.0,970,0,-558.6425,-260.93118217566473,0.0,0.0,0.995105983323951,0.004894016676049076,0.0,44.02777777777778,99.56267976760864
taxi-M,0.0,random_mix,50,6,RECO-greedy,-3.5533333333333332,44.0,970,0,-352.87916666666666,-155.1866706369977,0.0,0.0,0.9903683571097557,0.00963164289024436,0.0,76.91666666666667,99.56267976760864
taxi-M,0.0,random_mix,50,6,In-data planning (POR-style),-3.5533333333333332,44.0,970,0,-335.0933333333333,-146.62502144450946,1.1483333333333334,32.916666666666664,0.9820097392848284,0.0,0.017990260715171614,78.16666666666666,99.56267976760864
taxi-M,0.0,random_mix,50,6,Ours,-3.5533333333333332,44.0,970,0,-116.82083333333334,-54.87860916549466,0.0,0.0,0.9570132266994771,0.04298677330052292,0.0,83.33333333333334,99.56267976760864
taxi-M,0.0,random_mix,50,6,Ours w/o stitching,-3.5533333333333332,44.0,970,0,-128.54583333333332,-59.98577251173181,0.0,0.0,0.9810427950717219,0.018957204928278078,0.0,82.66666666666667,99.56267976760864
taxi-M,0.0,random_mix,50,6,Ours w/o execution rule,-3.5533333333333332,44.0,970,0,-116.82083333333334,-54.87860916549466,0.0,0.0,0.9570132266994771,0.04298677330052292,0.0,83.33333333333334,99.56267976760864
taxi-M,0.0,random_mix,50,6,Factored Batch RL,-3.5533333333333332,44.0,970,0,-3.5533333333333332,-5.16538470765062,0.0,0.0,0.8246673907140918,0.17533260928590821,0.0,100.0,99.56267976760864
taxi-M,0.0,random_mix,50,7,Imitation,-3.5533333333333332,34.0,906,0,-469.93055555555554,-219.0431948405097,2.5725,40.30555555555556,0.9802261998048456,0.0,0.019773800195154446,51.52777777777777,90.9574408531189
taxi-M,0.0,random_mix,50,7,BC,-3.5533333333333332,34.0,906,0,-1131.02,-485.1490514409905,2.49,37.083333333333336,0.9845550265945074,0.0,0.01544497340549258,22.0,90.9574408531189
taxi-M,0.0,random_mix,50,7,RECO,-3.5533333333333332,34.0,906,0,-497.26444444444445,-229.41214835968557,0.8516666666666667,8.333333333333332,0.9829385993538492,0.01080793329634827,0.006253467349802565,47.72222222222222,90.9574408531189
taxi-M,0.0,random_mix,50,7,RECO-greedy,-3.5533333333333332,34.0,906,0,-263.8016666666667,-117.21353059307798,0.8516666666666667,8.333333333333332,0.9621569110759907,0.02302483724571909,0.014818251678290246,82.16666666666667,90.9574408531189
taxi-M,0.0,random_mix,50,7,In-data planning (POR-style),-3.5533333333333332,34.0,906,0,-262.5625,-116.3970144542076,2.4891666666666667,37.0,0.9558560555678711,0.0,0.04414394443212887,82.5,90.9574408531189
taxi-M,0.0,random_mix,50,7,Ours,-3.5533333333333332,34.0,906,0,-3.5533333333333332,-5.16538470765062,0.8516666666666667,8.333333333333332,0.788284007602498,0.17702959543850122,0.03468639695900082,100.0,90.9574408531189
taxi-M,0.0,random_mix,50,7,Ours w/o stitching,-3.5533333333333332,34.0,906,0,-140.44083333333333,-63.938401294835806,0.8516666666666667,8.333333333333332,0.954223276761021,0.030331424080762896,0.015445299158216083,83.16666666666667,90.9574408531189
taxi-M,0.0,random_mix,50,7,Ours w/o execution rule,-3.5533333333333332,34.0,906,0,-3.5533333333333332,-5.16538470765062,0.8516666666666667,8.333333333333332,0.788284007602498,0.17702959543850122,0.03468639695900082,100.0,90.9574408531189
taxi-M,0.0,random_mix,50,7,Factored Batch RL,-3.5533333333333332,34.0,906,0,-3.5533333333333332,-5.16538470765062,0.0,0.0,0.788284007602498,0.21171599239750202,0.0,100.0,90.9574408531189
taxi-M,0.0,random_mix,50,8,Imitation,-3.5533333333333332,44.0,926,0,-480.4402777777778,-224.1843460313479,2.6655555555555557,42.25,0.9794499279376901,0.0,0.020550072062309806,50.33333333333333,104.17978763580322
taxi-M,0.0,random_mix,50,8,BC,-3.5533333333333332,44.0,926,0,-1055.3458333333333,-453.5398807704081,1.69,36.16666666666667,0.9892524974164657,0.0,0.010747502583534276,24.083333333333336,104.17978763580322
taxi-M,0.0,random_mix,50,8,RECO,-3.5533333333333332,44.0,926,0,-525.6833333333333,-243.29790747191197,0.0,0.0,0.9882843653300156,0.01171563466998437,0.0,44.97222222222222,104.17978763580322
taxi-M,0.0,random_mix,50,8,RECO-greedy,-3.5533333333333332,44.0,926,0,-374.7725,-163.66957706314187,0.0,0.0,0.9886121644858962,0.011387835514103835,0.0,72.58333333333333,104.17978763580322
taxi-M,0.0,random_mix,50,8,In-data planning (POR-style),-3.5533333333333332,44.0,926,0,-346.1433333333333,-151.28377667197284,1.69,36.16666666666667,0.9745523446224889,0.0,0.0254476553775112,76.33333333333333,104.17978763580322
taxi-M,0.0,random_mix,50,8,Ours,-3.5533333333333332,44.0,926,0,-67.115,-32.000803809830614,0.0,0.0,0.9013364273129646,0.09866357268703536,0.0,91.66666666666666,104.17978763580322
taxi-M,0.0,random_mix,50,8,Ours w/o stitching,-3.5533333333333332,44.0,926,0,-214.1225,-95.42670272429268,0.0,0.0,0.9802971108860271,0.019702889113972895,0.0,74.75,104.17978763580322
taxi-M,0.0,random_mix,50,8,Ours w/o execution rule,-3.5533333333333332,44.0,926,0,-67.115,-32.000803809830614,0.0,0.0,0.9013364273129646,0.09866357268703536,0.0,91.66666666666666,104.17978763580322
taxi-M,0.0,random_mix,50,8,Factored Batch RL,-3.5533333333333332,44.0,926,0,-3.5533333333333332,-5.16538470765062,0.0,0.0,0.7874355145262014,0.21256448547379853,0.0,100.0,104.17978763580322
taxi-M,0.0,random_mix,50,9,Imitation,-3.5533333333333332,46.0,906,0,-391.7825,-186.24715148138864,1.2469444444444444,38.333333333333336,0.9889474060012459,0.0,0.011052593998754152,60.38888888888889,74.75585055351257
taxi-M,0.0,random_mix,50,9,BC,-3.5533333333333332,46.0,906,0,-1016.6575,-437.79034362322574,1.215,36.916666666666664,0.991448178778814,0.0,0.008551821221185993,33.0,74.75585055351257
taxi-M,0.0,random_mix,50,9,RECO,-3.5533333333333332,46.0,906,0,-415.0463888888889,-197.80337379935176,0.0,0.0,0.9924894682179408,0.007510531782059212,0.0,58.72222222222222,74.75585055351257
taxi-M,0.0,random_mix,50,9,RECO-greedy,-3.5533333333333332,46.0,906,0,-187.42166666666665,-84.29462636482651,0.0,0.0,0.9805532782978399,0.01944672170216011,0.0,89.58333333333334,74.75585055351257
taxi-M,0.0,random_mix,50,9,In-data planning (POR-style),-3.5533333333333332,46.0,906,0,-188.46083333333334,-84.43725395282618,1.215,36.916666666666664,0.9719340122042772,0.0,0.028065987795722728,89.5,74.75585055351257
taxi-M,0.0,random_mix,50,9,Ours,-3.5533333333333332,46.0,906,0,-3.5533333333333332,-5.16538470765062,0.0,0.0,0.8740496877545479,0.12595031224545208,0.0,100.0,74.75585055351257
taxi-M,0.0,random_mix,50,9,Ours w/o stitching,-3.5533333333333332,46.0,906,0,-87.33916666666667,-40.21800250891335,0.0,0.0,0.9678825464127915,0.032117453587208494,0.0,90.16666666666666,74.75585055351257
taxi-M,0.0,random_mix,50,9,Ours w/o execution rule,-3.5533333333333332,46.0,906,0,-3.5533333333333332,-5.16538470765062,0.0,0.0,0.8740496877545479,0.12595031224545208,0.0,100.0,74.75585055351257
taxi-M,0.0,random_mix,50,9,Factored Batch RL,-3.5533333333333332,46.0,906,0,-3.5533333333333332,-5.16538470765062,0.0,0.0,0.8740496877545479,0.12595031224545208,0.0,100.0,74.75585055351257
taxi-M,0.0,random_mix,50,10,Imitation,-3.5533333333333332,36.0,919,0,-557.1980555555556,-256.59257230909765,1.9425,37.083333333333336,0.9862567605810956,0.0,0.013743239418904471,47.13888888888889,108.24890160560608
taxi-M,0.0,random_mix,50,10,BC,-3.5533333333333332,36.0,919,0,-1038.1816666666666,-443.7138821861288,1.9425,37.083333333333336,0.9893179235253143,0.0,0.010682076474685633,10.25,108.24890160560608
taxi-M,0.0,random_mix,50,10,RECO,-3.5533333333333332,36.0,919,0,-618.1855555555555,-281.9649893032617,0.0,0.0,0.9926801699809079,0.007319830019092059,0.0,41.41666666666667,108.24890160560608
taxi-M,0.0,random_mix,50,10,RECO-greedy,-3.5533333333333332,36.0,919,0,-322.47583333333336,-141.64175443459496,0.0,0.0,0.9837120158647625,0.016287984135237427,0.0,75.25,108.24890160560608
taxi-M,0.0,random_mix,50,10,In-data planning (POR-style),-3.5533333333333332,36.0,919,0,-241.24083333333334,-107.09451271410859,1.9425,37.083333333333336,0.9666571305964812,0.0,0.03334286940351881,81.08333333333333,108.24890160560608
taxi-M,0.0,random_mix,50,10,Ours,-3.5533333333333332,36.0,919,0,-148.30583333333334,-66.71542217382051,0.0,0.0,0.9489849277145493,0.05101507228545063,0.0,83.33333333333334,108.24890160560608
taxi-M,0.0,random_mix,50,10,Ours w/o stitching,-3.5533333333333332,36.0,919,0,-200.705,-89.48186241827601,0.0,0.0,0.9751110087399388,0.024888991260061166,0.0,77.33333333333333,108.24890160560608
taxi-M,0.0,random_mix,50,10,Ours w/o execution rule,-3.5533333333333332,36.0,919,0,-148.30583333333334,-66.71542217382051,0.0,0.0,0.9489849277145493,0.05101507228545063,0.0,83.33333333333334,108.24890160560608
taxi-M,0.0,random_mix,50,10,Factored Batch RL,-3.5533333333333332,36.0,919,0,-3.5533333333333332,-5.16538470765062,0.0,0.0,0.8032514254683681,0.19674857453163183,0.0,100.0,108.24890160560608
taxi-M,0.0,random_mix,50,11,Imitation,-3.5533333333333332,40.0,938,0,-508.3488888888889,-233.94884826624443,3.7958333333333334,35.25,0.9712379974153136,0.0,0.028762002584686364,51.5,80.39235639572144
taxi-M,0.0,random_mix,50,11,BC,-3.5533333333333332,40.0,938,0,-1083.0341666666666,-464.3379745355683,2.2016666666666667,33.33333333333333,0.9864522547099183,0.0,0.013547745290081738,21.166666666666668,80.39235639572144
taxi-M,0.0,random_mix,50,11,RECO,-3.5533333333333332,40.0,938,0,-531.6302777777778,-244.38881628337018,0.8516666666666667,8.333333333333332,0.9734830899992024,0.02024659949158539,0.006270310509212203,49.166666666666664,80.39235639572144
taxi-M,0.0,random_mix,50,11,RECO-greedy,-3.5533333333333332,40.0,938,0,-35.855,-19.988430162023615,0.8516666666666667,8.333333333333332,0.9321914726065924,0.03906513668579143,0.028743390707616154,98.25,80.39235639572144
taxi-M,0.0,random_mix,50,11,In-data planning (POR-style),-3.5533333333333332,40.0,938,0,-25.715,-15.53019281620103,2.2016666666666667,33.33333333333333,0.9228027115474521,0.0,0.07719728845254792,98.75,80.39235639572144
taxi-M,0.0,random_mix,50,11,Ours,-3.5533333333333332,40.0,938,0,-3.5533333333333332,-5.16538470765062,0.8516666666666667,8.333333333333332,0.8464566929133859,0.11885691012761336,0.03468639695900082,100.0,80.39235639572144
taxi-M,0.0,random_mix,50,11,Ours w/o stitching,-3.5533333333333332,40.0,938,0,-15.329166666666667,-11.011492357521586,0.8516666666666667,8.333333333333332,0.9164152992277992,0.052756998069498066,0.030827702702702704,99.16666666666667,80.39235639572144
taxi-M,0.0,random_mix,50,11,Ours w/o execution rule,-3.5533333333333332,40.0,938,0,-3.5533333333333332,-5.16538470765062,0.8516666666666667,8.333333333333332,0.8464566929133859,0.11885691012761336,0.03468639695900082,100.0,80.39235639572144
taxi-M,0.0,random_mix,50,11,Factored Batch RL,-3.5533333333333332,40.0,938,0,-3.5533333333333332,-5.16538470765062,0.0,0.0,0.8464566929133859,0.15354330708661418,0.0,100.0,80.39235639572144
taxi-M,0.0,random_mix,50,12,Imitation,-3.5533333333333332,32.0,1006,0,-706.1886111111111,-310.55338284781834,1.6741666666666666,39.08333333333333,0.9900592453801139,0.0,0.009940754619886128,29.527777777777775,147.36501097679138
taxi-M,0.0,random_mix,50,12,BC,-3.5533333333333332,32.0,1006,0,-1194.7975,-511.6342397254105,1.5658333333333334,35.083333333333336,0.9917418209306823,0.0,0.008258179069317723,5.75,147.36501097679138
taxi-M,0.0,random_mix,50,12,RECO,-3.5533333333333332,32.0,1006,0,-681.4522222222222,-302.5093703721999,0.0,0.0,0.9774755888565622,0.022524411143437888,0.0,25.11111111111111,147.36501097679138
taxi-M,0.0,random_mix,50,12,RECO-greedy,-3.5533333333333332,32.0,1006,0,-723.535,-312.4319435985302,0.0,0.0,0.988752337315691,0.01124766268430894,0.0,48.083333333333336,147.36501097679138
taxi-M,0.0,random_mix,50,12,In-data planning (POR-style),-3.5533333333333332,32.0,1006,0,-668.3166666666667,-288.53965715242896,1.5658333333333334,35.083333333333336,0.985490683613507,0.0,0.014509316386492978,53.083333333333336,147.36501097679138
taxi-M,0.0,random_mix,50,12,Ours,-3.5533333333333332,32.0,1006,0,-287.9841666666667,-123.90047051753758,0.0,0.0,0.9484149390981689,0.05158506090183109,0.0,66.66666666666666,147.36501097679138
taxi-M,0.0,random_mix,50,12,Ours w/o stitching,-3.5533333333333332,32.0,1006,0,-405.8958333333333,-175.1622638315852,0.0,0.0,0.9785161542862305,0.021483845713769534,0.0,51.5,147.36501097679138
taxi-M,0.0,random_mix,50,12,Ours w/o execution rule,-3.5533333333333332,32.0,1006,0,-287.9841666666667,-123.90047051753758,0.0,0.0,0.9484149390981689,0.05158506090183109,0.0,66.66666666666666,147.36501097679138
taxi-M,0.0,random_mix,50,12,Factored Batch RL,-3.5533333333333332,32.0,1006,0,-3.5533333333333332,-5.16538470765062,0.0,0.0,0.7285161553081727,0.2714838446918273,0.0,100.0,147.36501097679138
taxi-M,0.0,random_mix,50,13,Imitation,-3.5533333333333332,42.0,842,0,-352.5125,-164.77060421641838,4.435,43.30555555555556,0.9585452676019037,0.0,0.04145473239809629,60.88888888888889,66.00533628463745
taxi-M,0.0,random_mix,50,13,BC,-3.5533333333333332,42.0,842,0,-795.615,-342.9372484033904,3.7816666666666667,42.41666666666667,0.9712606553431875,0.0,0.02873934465681245,38.416666666666664,66.00533628463745
taxi-M,0.0,random_mix,50,13,RECO,-3.5533333333333332,42.0,842,0,-377.8638888888889,-176.37494829753606,0.8516666666666667,8.333333333333332,0.9672603123021113,0.02521439476125726,0.007525292936631438,57.75,66.00533628463745
taxi-M,0.0,random_mix,50,13,RECO-greedy,-3.5533333333333332,42.0,842,0,-6.019166666666667,-6.903076259077122,0.8516666666666667,8.333333333333332,0.9092485370158219,0.05910765705793108,0.03164380592624702,99.5,66.00533628463745
taxi-M,0.0,random_mix,50,13,In-data planning (POR-style),-3.5533333333333332,42.0,842,0,-6.820833333333334,-6.893486581963322,3.7816666666666667,42.41666666666667,0.8627759298457817,0.0,0.13722407015421834,98.75,66.00533628463745
taxi-M,0.0,random_mix,50,13,Ours,-3.5533333333333332,42.0,842,0,-3.5616666666666665,-5.173165914253661,0.8516666666666667,8.333333333333332,0.8614711270950668,0.1038542444188098,0.03467462848612336,100.0,66.00533628463745
taxi-M,0.0,random_mix,50,13,Ours w/o stitching,-3.5533333333333332,42.0,842,0,-4.331666666666667,-5.846798737238746,0.8516666666666667,8.333333333333332,0.8984143693664057,0.06796499769721692,0.03362063293637739,100.0,66.00533628463745
taxi-M,0.0,random_mix,50,13,Ours w/o execution rule,-3.5533333333333332,42.0,842,0,-3.5616666666666665,-5.173165914253661,0.8516666666666667,8.333333333333332,0.8614711270950668,0.1038542444188098,0.03467462848612336,100.0,66.00533628463745
taxi-M,0.0,random_mix,50,13,Factored Batch RL,-3.5533333333333332,42.0,842,0,-3.5633333333333335,-5.174698300113814,0.0,0.0,0.861412674718415,0.13858732528158502,0.0,100.0,66.00533628463745
taxi-M,0.0,random_mix,50,14,Imitation,-3.5533333333333332,40.0,880,0,-458.11944444444447,-207.51256538224783,4.2825,47.25,0.9666954699617636,0.0,0.03330453003823637,46.38888888888889,99.61739039421082
taxi-M,0.0,random_mix,50,14,BC,-3.5533333333333332,40.0,880,0,-949.6133333333333,-408.6824139319135,2.73,39.166666666666664,0.9804550932499672,0.0,0.019544906750032814,34.166666666666664,99.61739039421082
taxi-M,0.0,random_mix,50,14,RECO,-3.5533333333333332,40.0,880,0,-624.8330555555556,-272.54344301869554,0.8516666666666667,8.333333333333332,0.9742165596390356,0.01996351632748747,0.0058199240334769016,36.11111111111111,99.61739039421082
taxi-M,0.0,random_mix,50,14,RECO-greedy,-3.5533333333333332,40.0,880,0,-410.63,-173.72364971620127,0.8516666666666667,8.333333333333332,0.9686681442675801,0.019891642599682093,0.011440213132737815,72.08333333333333,99.61739039421082
taxi-M,0.0,random_mix,50,14,In-data planning (POR-style),-3.5533333333333332,40.0,880,0,-245.3675,-108.86478972864872,2.73,39.166666666666664,0.9528538122787324,0.0,0.04714618772126759,81.25,99.61739039421082
taxi-M,0.0,random_mix,50,14,Ours,-3.5533333333333332,40.0,880,0,-66.94083333333333,-32.112448549300645,0.8516666666666667,8.333333333333332,0.8840650268828585,0.09430168070784471,0.021633292409296814,91.66666666666666,99.61739039421082
taxi-M,0.0,random_mix,50,14,Ours w/o stitching,-3.5533333333333332,40.0,880,0,-82.39666666666666,-39.38365533950465,0.8516666666666667,8.333333333333332,0.9219855508055332,0.058935538671196816,0.019078910523269925,89.41666666666667,99.61739039421082
taxi-M,0.0,random_mix,50,14,Ours w/o execution rule,-3.5533333333333332,40.0,880,0,-66.94083333333333,-32.112448549300645,0.8516666666666667,8.333333333333332,0.8840650268828585,0.09430168070784471,0.021633292409296814,91.66666666666666,99.61739039421082
taxi-M,0.0,random_mix,50,14,Factored Batch RL,-3.5533333333333332,40.0,880,0,-3.5533333333333332,-5.16538470765062,0.0,0.0,0.7815639424382297,0.21843605756177029,0.0,100.0,99.61739039421082
taxi-M,0.0,random_mix,50,15,Imitation,-3.5533333333333332,30.0,974,0,-549.2588888888889,-253.93516785212708,2.2316666666666665,36.75,0.9848390207449147,0.0,0.015160979255085269,42.97222222222222,120.76827883720398
taxi-M,0.0,random_mix,50,15,BC,-3.5533333333333332,30.0,974,0,-1102.6733333333334,-473.6320454544272,2.0125,34.66666666666667,0.9882919876471986,0.0,0.01170801235280144,15.916666666666668,120.76827883720398
taxi-M,0.0,random_mix,50,15,RECO,-3.5533333333333332,30.0,974,0,-587.4397222222223,-270.3922524451156,0.0,0.0,0.9781091103182853,0.02189088968171475,0.0,34.88888888888889,120.76827883720398
taxi-M,0.0,random_mix,50,15,RECO-greedy,-3.5533333333333332,30.0,974,0,-396.8333333333333,-173.00001347270367,0.0,0.0,0.9783960968010645,0.02160390319893549,0.0,70.41666666666667,120.76827883720398
taxi-M,0.0,random_mix,50,15,In-data planning (POR-style),-3.5533333333333332,30.0,974,0,-300.3675,-132.39829194302564,2.0125,34.66666666666667,0.9681251237378737,0.0,0.03187487626212631,78.33333333333333,120.76827883720398
taxi-M,0.0,random_mix,50,15,Ours,-3.5533333333333332,30.0,974,0,-130.8925,-59.530059881018026,0.0,0.0,0.947792288557214,0.05220771144278607,0.0,83.33333333333334,120.76827883720398
taxi-M,0.0,random_mix,50,15,Ours w/o stitching,-3.5533333333333332,30.0,974,0,-193.43083333333334,-86.02688581039067,0.0,0.0,0.977679832046261,0.02232016795373906,0.0,75.58333333333334,120.76827883720398
taxi-M,0.0,random_mix,50,15,Ours w/o execution rule,-3.5533333333333332,30.0,974,0,-130.8925,-59.530059881018026,0.0,0.0,0.947792288557214,0.05220771144278607,0.0,83.33333333333334,120.76827883720398
taxi-M,0.0,random_mix,50,15,Factored Batch RL,-3.5533333333333332,30.0,974,0,-3.5533333333333332,-5.16538470765062,0.0,0.0,0.806950855281021,0.1930491447189791,0.0,100.0,120.76827883720398
taxi-M,0.0,random_mix,50,16,Imitation,-3.5533333333333332,30.0,916,0,-606.0444444444445,-271.27954475853545,2.8561111111111113,36.41666666666667,0.9806215722120658,0.0,0.019378427787934187,38.72222222222222,136.27525925636292
taxi-M,0.0,random_mix,50,16,BC,-3.5533333333333332,30.0,916,0,-1128.1058333333333,-483.97424808696786,2.828333333333333,34.833333333333336,0.9828313588215655,0.0,0.017168641178434488,19.75,136.27525925636292
taxi-M,0.0,random_mix,50,16,RECO,-3.5533333333333332,30.0,916,0,-687.0027777777777,-306.14153759459293,0.0,0.0,0.9950151299821816,0.00498487001781847,0.0,27.47222222222222,136.27525925636292
taxi-M,0.0,random_mix,50,16,RECO-greedy,-3.5533333333333332,30.0,916,0,-531.1008333333333,-230.49727412386525,0.0,0.0,0.9920971440827573,0.007902855917242744,0.0,56.91666666666667,136.27525925636292
taxi-M,0.0,random_mix,50,16,In-data planning (POR-style),-3.5533333333333332,30.0,916,0,-433.28333333333336,-188.48604227775348,2.828333333333333,34.833333333333336,0.965245706912971,0.0,0.03475429308702909,67.66666666666666,136.27525925636292
taxi-M,0.0,random_mix,50,16,Ours,-3.5533333333333332,30.0,916,0,-341.9291666666667,-147.41813428307842,0.0,0.0,0.9812661388238111,0.01873386117618893,0.0,58.333333333333336,136.27525925636292
taxi-M,0.0,random_mix,50,16,Ours w/o stitching,-3.5533333333333332,30.0,916,0,-347.1775,-150.17832140912316,0.0,0.0,0.9895162850964653,0.010483714903534678,0.0,57.833333333333336,136.27525925636292
taxi-M,0.0,random_mix,50,16,Ours w/o execution rule,-3.5533333333333332,30.0,916,0,-341.9291666666667,-147.41813428307842,0.0,0.0,0.9812661388238111,0.01873386117618893,0.0,58.333333333333336,136.27525925636292
taxi-M,0.0,random_mix,50,16,Factored Batch RL,-3.5533333333333332,30.0,916,0,-218.6475,-94.91445544060204,0.0,0.0,0.9363809106190163,0.0636190893809837,0.0,75.0,136.27525925636292
taxi-M,0.0,random_mix,50,17,Imitation,-3.5533333333333332,48.0,879,0,-437.1513888888889,-201.44269333273724,2.1058333333333334,39.33333333333333,0.9826209154222468,0.0,0.017379084577753123,54.888888888888886,88.767742395401
taxi-M,0.0,random_mix,50,17,BC,-3.5533333333333332,48.0,879,0,-816.2608333333334,-352.1233702767007,2.1058333333333334,39.33333333333333,0.985830595148647,0.0,0.014169404851353018,29.25,88.767742395401
taxi-M,0.0,random_mix,50,17,RECO,-3.5533333333333332,48.0,879,0,-481.59027777777777,-220.50297368398944,0.0,0.0,0.9920405519234798,0.007959448076520163,0.0,48.97222222222222,88.767742395401
taxi-M,0.0,random_mix,50,17,RECO-greedy,-3.5533333333333332,48.0,879,0,-309.12416666666667,-135.54042086684365,0.0,0.0,0.9832697466869784,0.016730253313021557,0.0,79.33333333333333,88.767742395401
taxi-M,0.0,random_mix,50,17,In-data planning (POR-style),-3.5533333333333332,48.0,879,0,-183.30833333333334,-82.47755546672633,2.1058333333333334,39.33333333333333,0.9572557045958152,0.0,0.04274429540418478,86.41666666666666,88.767742395401
taxi-M,0.0,random_mix,50,17,Ours,-3.5533333333333332,48.0,879,0,-130.465,-59.08961451221572,0.0,0.0,0.9476212686567164,0.05237873134328358,0.0,83.33333333333334,88.767742395401
taxi-M,0.0,random_mix,50,17,Ours w/o stitching,-3.5533333333333332,48.0,879,0,-154.9825,-69.86774951557183,0.0,0.0,0.9759194270877913,0.024080572912208623,0.0,81.08333333333333,88.767742395401
taxi-M,0.0,random_mix,50,17,Ours w/o execution rule,-3.5533333333333332,48.0,879,0,-130.465,-59.08961451221572,0.0,0.0,0.9476212686567164,0.05237873134328358,0.0,83.33333333333334,88.767742395401
taxi-M,0.0,random_mix,50,17,Factored Batch RL,-3.5533333333333332,48.0,879,0,-3.5533333333333332,-5.16538470765062,0.0,0.0,0.7850597339125712,0.21494026608742872,0.0,100.0,88.767742395401
taxi-M,0.0,random_mix,50,18,Imitation,-3.5533333333333332,30.0,964,0,-600.1952777777777,-274.4683010591777,1.5702777777777779,30.72222222222222,0.9898850731019526,0.0,0.010114926898047334,35.77777777777777,111.96156001091003
taxi-M,0.0,random_mix,50,18,BC,-3.5533333333333332,30.0,964,0,-1330.0283333333334,-568.5977979362231,1.5558333333333334,30.0,0.9916276900586106,0.0,0.008372309941389346,7.833333333333334,111.96156001091003
taxi-M,0.0,random_mix,50,18,RECO,-3.5533333333333332,30.0,964,0,-632.2575,-288.7133413653304,0.0,0.0,0.992548707309774,0.007451292690226075,0.0,30.63888888888889,111.96156001091003
taxi-M,0.0,random_mix,50,18,RECO-greedy,-3.5533333333333332,30.0,964,0,-428.1066666666667,-187.36660692451028,0.0,0.0,0.9893237412824903,0.010676258717509638,0.0,65.41666666666667,111.96156001091003
taxi-M,0.0,random_mix,50,18,In-data planning (POR-style),-3.5533333333333332,30.0,964,0,-375.0925,-164.67609878443574,1.5558333333333334,30.0,0.9807130091631285,0.0,0.01928699083687152,68.83333333333333,111.96156001091003
taxi-M,0.0,random_mix,50,18,Ours,-3.5533333333333332,30.0,964,0,-193.0875,-85.9568064925094,0.0,0.0,0.9656020853126751,0.03439791468732491,0.0,75.0,111.96156001091003
taxi-M,0.0,random_mix,50,18,Ours w/o stitching,-3.5533333333333332,30.0,964,0,-268.65,-118.918288280321,0.0,0.0,0.989732778981476,0.010267221018523941,0.0,66.16666666666666,111.96156001091003
taxi-M,0.0,random_mix,50,18,Ours w/o execution rule,-3.5533333333333332,30.0,964,0,-193.0875,-85.9568064925094,0.0,0.0,0.9656020853126751,0.03439791468732491,0.0,75.0,111.96156001091003
taxi-M,0.0,random_mix,50,18,Factored Batch RL,-3.5533333333333332,30.0,964,0,-3.5533333333333332,-5.16538470765062,0.0,0.0,0.777864512625577,0.222135487374423,0.0,100.0,111.96156001091003
taxi-M,0.0,random_mix,50,19,Imitation,-3.5533333333333332,42.0,962,0,-535.8022222222222,-241.48368312381655,1.0233333333333334,32.083333333333336,0.9926451945210293,0.0,0.007354805478970727,42.94444444444444,89.38686323165894
taxi-M,0.0,random_mix,50,19,BC,-3.5533333333333332,42.0,962,0,-1041.9616666666666,-447.39132328728124,1.0233333333333334,32.083333333333336,0.9937434402926522,0.0,0.006256559707347891,20.75,89.38686323165894
taxi-M,0.0,random_mix,50,19,RECO,-3.5533333333333332,42.0,962,0,-593.8788888888889,-266.8836831715759,0.0,0.0,0.9959892453180048,0.004010754681995179,0.0,37.888888888888886,89.38686323165894
taxi-M,0.0,random_mix,50,19,RECO-greedy,-3.5533333333333332,42.0,962,0,-334.8775,-146.89709808763567,0.0,0.0,0.9906204061455203,0.009379593854479699,0.0,77.91666666666667,89.38686323165894
taxi-M,0.0,random_mix,50,19,In-data planning (POR-style),-3.5533333333333332,42.0,962,0,-249.54083333333332,-110.67447158314012,1.0233333333333334,32.083333333333336,0.9818889741018229,0.0,0.018111025898177098,82.16666666666667,89.38686323165894
taxi-M,0.0,random_mix,50,19,Ours,-3.5533333333333332,42.0,962,0,-3.5533333333333332,-5.16538470765062,0.0,0.0,0.862645940809123,0.137354059190877,0.0,100.0,89.38686323165894
taxi-M,0.0,random_mix,50,19,Ours w/o stitching,-3.5533333333333332,42.0,962,0,-134.32833333333335,-61.28723512229897,0.0,0.0,0.9784021740857874,0.02159782591421261,0.0,84.5,89.38686323165894
taxi-M,0.0,random_mix,50,19,Ours w/o execution rule,-3.5533333333333332,42.0,962,0,-3.5533333333333332,-5.16538470765062,0.0,0.0,0.862645940809123,0.137354059190877,0.0,100.0,89.38686323165894
taxi-M,0.0,random_mix,50,19,Factored Batch RL,-3.5533333333333332,42.0,962,0,-3.5533333333333332,-5.16538470765062,0.0,0.0,0.862645940809123,0.137354059190877,0.0,100.0,89.38686323165894
taxi-M,0.0,random_mix,50,20,Imitation,-3.5533333333333332,44.0,873,0,-480.8786111111111,-225.78311370415284,1.8722222222222222,39.611111111111114,0.9857353893561455,0.0,0.014264610643854578,51.861111111111114,104.20944690704346
taxi-M,0.0,random_mix,50,20,BC,-3.5533333333333332,44.0,873,0,-1091.9966666666667,-468.2407710998871,1.3558333333333332,36.25,0.9915753609080177,0.0,0.008424639091982353,21.916666666666668,104.20944690704346
taxi-M,0.0,random_mix,50,20,RECO,-3.5533333333333332,44.0,873,0,-549.8958333333334,-253.52887421012508,0.0,0.0,0.9937214577589849,0.006278542241015138,0.0,49.02777777777778,104.20944690704346
taxi-M,0.0,random_mix,50,20,RECO-greedy,-3.5533333333333332,44.0,873,0,-375.7866666666667,-164.33273971595835,0.0,0.0,0.9882738485372102,0.011726151462789727,0.0,74.5,104.20944690704346
taxi-M,0.0,random_mix,50,20,In-data planning (POR-style),-3.5533333333333332,44.0,873,0,-340.0,-148.66205454880318,1.3558333333333332,36.25,0.9794453919524982,0.0,0.020554608047501737,76.41666666666667,104.20944690704346
taxi-M,0.0,random_mix,50,20,Ours,-3.5533333333333332,44.0,873,0,-249.87166666666667,-105.83846495380057,0.0,0.0,0.9672350672006683,0.03276493279933168,0.0,75.0,104.20944690704346
taxi-M,0.0,random_mix,50,20,Ours w/o stitching,-3.5533333333333332,44.0,873,0,-251.61,-106.73024863659084,0.0,0.0,0.9822096358421377,0.01779036415786225,0.0,74.75,104.20944690704346
taxi-M,0.0,random_mix,50,20,Ours w/o execution rule,-3.5533333333333332,44.0,873,0,-249.87166666666667,-105.83846495380057,0.0,0.0,0.9672350672006683,0.03276493279933168,0.0,75.0,104.20944690704346
taxi-M,0.0,random_mix,50,20,Factored Batch RL,-3.5533333333333332,44.0,873,0,-3.5533333333333332,-5.16538470765062,0.0,0.0,0.7232894379581862,0.2767105620418137,0.0,100.0,104.20944690704346
taxi-M,0.0,random_mix,50,21,Imitation,-3.5533333333333332,44.0,965,0,-515.685,-242.97877136949754,0.8525,30.833333333333336,0.9939778185928229,0.0,0.006022181407177168,48.75,93.99451327323914
taxi-M,0.0,random_mix,50,21,BC,-3.5533333333333332,44.0,965,0,-1102.5441666666666,-473.52176045608513,0.8525,30.833333333333336,0.9953781303791921,0.0,0.004621869620807901,8.583333333333334,93.99451327323914
taxi-M,0.0,random_mix,50,21,RECO,-3.5533333333333332,44.0,965,0,-547.5016666666667,-258.0526101975126,0.0,0.0,0.9966371002324689,0.00336289976753109,0.0,46.27777777777778,93.99451327323914
taxi-M,0.0,random_mix,50,21,RECO-greedy,-3.5533333333333332,44.0,965,0,-143.00916666666666,-65.83409989508776,0.0,0.0,0.9890382740799323,0.010961725920067684,0.0,89.33333333333333,93.99451327323914
taxi-M,0.0,random_mix,50,21,In-data planning (POR-style),-3.5533333333333332,44.0,965,0,-137.87583333333333,-63.390092668151674,0.8525,30.833333333333336,0.9809063421553623,0.0,0.019093657844637724,89.41666666666667,93.99451327323914
taxi-M,0.0,random_mix,50,21,Ours,-3.5533333333333332,44.0,965,0,-66.94833333333334,-32.01338843277461,0.0,0.0,0.9333432115490453,0.06665678845095466,0.0,91.66666666666666,93.99451327323914
taxi-M,0.0,random_mix,50,21,Ours w/o stitching,-3.5533333333333332,44.0,965,0,-84.855,-40.345682449310175,0.0,0.0,0.9771707649497416,0.02282923505025839,0.0,89.66666666666666,93.99451327323914
taxi-M,0.0,random_mix,50,21,Ours w/o execution rule,-3.5533333333333332,44.0,965,0,-66.94833333333334,-32.01338843277461,0.0,0.0,0.9333432115490453,0.06665678845095466,0.0,91.66666666666666,93.99451327323914
taxi-M,0.0,random_mix,50,21,Factored Batch RL,-3.5533333333333332,44.0,965,0,-3.5533333333333332,-5.16538470765062,0.0,0.0,0.8707575346185175,0.12924246538148249,0.0,100.0,93.99451327323914
taxi-M,0.0,random_mix,50,22,Imitation,-3.5533333333333332,42.0,892,0,-517.2008333333333,-230.163552720477,2.4827777777777778,40.75,0.9812249767885426,0.0,0.018775023211457426,47.0,79.83194303512573
taxi-M,0.0,random_mix,50,22,BC,-3.5533333333333332,42.0,892,0,-856.3266666666667,-368.48725376958447,1.5633333333333332,40.166666666666664,0.9892503925096552,0.0,0.010749607490344835,30.75,79.83194303512573
taxi-M,0.0,random_mix,50,22,RECO,-3.5533333333333332,42.0,892,0,-547.3133333333334,-244.00115496301152,0.0,0.0,0.9914770473334286,0.00852295266657146,0.0,42.77777777777778,79.83194303512573
taxi-M,0.0,random_mix,50,22,RECO-greedy,-3.5533333333333332,42.0,892,0,-135.745,-62.38733172385683,0.0,0.0,0.9803417400660138,0.019658259933986177,0.0,88.91666666666667,79.83194303512573
taxi-M,0.0,random_mix,50,22,In-data planning (POR-style),-3.5533333333333332,42.0,892,0,-172.39833333333334,-77.02572466747237,1.5633333333333332,40.166666666666664,0.9671643358479338,0.0,0.03283566415206623,87.41666666666667,79.83194303512573
taxi-M,0.0,random_mix,50,22,Ours,-3.5533333333333332,42.0,892,0,-3.5533333333333332,-5.16538470765062,0.0,0.0,0.856842248167255,0.14315775183274504,0.0,100.0,79.83194303512573
taxi-M,0.0,random_mix,50,22,Ours w/o stitching,-3.5533333333333332,42.0,892,0,-74.26416666666667,-35.76358275276466,0.0,0.0,0.9575586446568202,0.042441355343179846,0.0,92.66666666666666,79.83194303512573
taxi-M,0.0,random_mix,50,22,Ours w/o execution rule,-3.5533333333333332,42.0,892,0,-3.5533333333333332,-5.16538470765062,0.0,0.0,0.856842248167255,0.14315775183274504,0.0,100.0,79.83194303512573
taxi-M,0.0,random_mix,50,22,Factored Batch RL,-3.5533333333333332,42.0,892,0,-3.5533333333333332,-5.16538470765062,0.0,0.0,0.856842248167255,0.14315775183274504,0.0,100.0,79.83194303512573
taxi-M,0.0,random_mix,50,23,Imitation,-3.5533333333333332,38.0,937,0,-487.16777777777776,-228.76650118184423,2.0825,35.97222222222222,0.9849422757108082,0.0,0.01505772428919186,46.94444444444444,99.72208714485168
taxi-M,0.0,random_mix,50,23,BC,-3.5533333333333332,38.0,937,0,-1062.4716666666666,-455.35587101209717,1.9858333333333333,32.916666666666664,0.9882213962316376,0.0,0.011778603768362364,17.916666666666668,99.72208714485168
taxi-M,0.0,random_mix,50,23,RECO,-3.5533333333333332,38.0,937,0,-545.0138888888889,-253.73139369695272,0.0,0.0,0.9787644924329587,0.02123550756704133,0.0,35.638888888888886,99.72208714485168
taxi-M,0.0,random_mix,50,23,RECO-greedy,-3.5533333333333332,38.0,937,0,-478.13666666666666,-206.63498489869534,0.0,0.0,0.9788260831645558,0.021173916835444263,0.0,65.08333333333334,99.72208714485168
taxi-M,0.0,random_mix,50,23,In-data planning (POR-style),-3.5533333333333332,38.0,937,0,-333.4583333333333,-146.32602378284568,1.9858333333333333,32.916666666666664,0.9706219564815386,0.0,0.029378043518461443,75.66666666666667,99.72208714485168
taxi-M,0.0,random_mix,50,23,Ours,-3.5533333333333332,38.0,937,0,-116.8,-54.998272792163384,0.0,0.0,0.9359919154228856,0.06400808457711443,0.0,83.33333333333334,99.72208714485168
taxi-M,0.0,random_mix,50,23,Ours w/o stitching,-3.5533333333333332,38.0,937,0,-201.82583333333332,-92.00218765295135,0.0,0.0,0.982688504188982,0.017311495811018023,0.0,71.41666666666666,99.72208714485168
taxi-M,0.0,random_mix,50,23,Ours w/o execution rule,-3.5533333333333332,38.0,937,0,-116.8,-54.998272792163384,0.0,0.0,0.9359919154228856,0.06400808457711443,0.0,83.33333333333334,99.72208714485168
taxi-M,0.0,random_mix,50,23,Factored Batch RL,-3.5533333333333332,38.0,937,0,-3.5533333333333332,-5.16538470765062,0.0,0.0,0.777626934564214,0.22237306543578605,0.0,100.0,99.72208714485168
taxi-M,0.0,random_mix,50,24,Imitation,-3.5533333333333332,46.0,855,0,-440.55694444444447,-204.57794524150057,1.9775,43.5,0.9837770581760755,0.0,0.016222941823924454,54.61111111111111,73.06224226951599
taxi-M,0.0,random_mix,50,24,BC,-3.5533333333333332,46.0,855,0,-963.4075,-414.1281370918274,1.9775,43.5,0.986530897202309,0.0,0.01346910279769101,29.833333333333336,73.06224226951599
taxi-M,0.0,random_mix,50,24,RECO,-3.5533333333333332,46.0,855,0,-470.6408333333333,-217.84039733307176,0.0,0.0,0.9884709650011437,0.011529034998856246,0.0,51.19444444444444,73.06224226951599
taxi-M,0.0,random_mix,50,24,RECO-greedy,-3.5533333333333332,46.0,855,0,-133.09666666666666,-60.97746034319382,0.0,0.0,0.9646903398855038,0.035309660114496176,0.0,90.66666666666666,73.06224226951599
taxi-M,0.0,random_mix,50,24,In-data planning (POR-style),-3.5533333333333332,46.0,855,0,-131.58,-60.07672058901831,1.9775,43.5,0.9509335649153279,0.0,0.049066435084672164,91.16666666666666,73.06224226951599
taxi-M,0.0,random_mix,50,24,Ours,-3.5533333333333332,46.0,855,0,-3.5533333333333332,-5.16538470765062,0.0,0.0,0.8662096117295683,0.13379038827043171,0.0,100.0,73.06224226951599
taxi-M,0.0,random_mix,50,24,Ours w/o stitching,-3.5533333333333332,46.0,855,0,-75.59666666666666,-35.85229510363754,0.0,0.0,0.9505227202152986,0.04947727978470138,0.0,91.16666666666666,73.06224226951599
taxi-M,0.0,random_mix,50,24,Ours w/o execution rule,-3.5533333333333332,46.0,855,0,-3.5533333333333332,-5.16538470765062,0.0,0.0,0.8662096117295683,0.13379038827043171,0.0,100.0,73.06224226951599
taxi-M,0.0,random_mix,50,24,Factored Batch RL,-3.5533333333333332,46.0,855,0,-3.5533333333333332,-5.16538470765062,0.0,0.0,0.8662096117295683,0.13379038827043171,0.0,100.0,73.06224226951599
taxi-M,0.0,random_mix,50,25,Imitation,-3.5533333333333332,38.0,914,0,-478.4866666666667,-217.7027946987622,2.2069444444444444,38.02777777777778,0.9830395949142267,0.0,0.016960405085773327,48.138888888888886,91.9555013179779
taxi-M,0.0,random_mix,50,25,BC,-3.5533333333333332,38.0,914,0,-941.3091666666667,-404.5876033748304,1.7125,35.5,0.989155844498504,0.0,0.010844155501496018,23.75,91.9555013179779
taxi-M,0.0,random_mix,50,25,RECO,-3.5533333333333332,38.0,914,0,-538.1933333333334,-244.2639265958693,0.0,0.0,0.9843442103279091,0.015655789672090886,0.0,39.861111111111114,91.9555013179779
taxi-M,0.0,random_mix,50,25,RECO-greedy,-3.5533333333333332,38.0,914,0,-424.07666666666665,-184.7944772919397,0.0,0.0,0.9904769877979865,0.009523012202013436,0.0,68.75,91.9555013179779
taxi-M,0.0,random_mix,50,25,In-data planning (POR-style),-3.5533333333333332,38.0,914,0,-338.14416666666665,-148.3037838988323,1.7125,35.5,0.9746180353988859,0.0,0.02538196460111409,75.5,91.9555013179779
taxi-M,0.0,random_mix,50,25,Ours,-3.5533333333333332,38.0,914,0,-132.72416666666666,-59.547427914048576,0.0,0.0,0.9473750392958189,0.05262496070418107,0.0,83.33333333333334,91.9555013179779
taxi-M,0.0,random_mix,50,25,Ours w/o stitching,-3.5533333333333332,38.0,914,0,-175.06666666666666,-78.34238180708266,0.0,0.0,0.975723522374417,0.024276477625583052,0.0,78.66666666666666,91.9555013179779
taxi-M,0.0,random_mix,50,25,Ours w/o execution rule,-3.5533333333333332,38.0,914,0,-132.72416666666666,-59.547427914048576,0.0,0.0,0.9473750392958189,0.05262496070418107,0.0,83.33333333333334,91.9555013179779
taxi-M,0.0,random_mix,50,25,Factored Batch RL,-3.5533333333333332,38.0,914,0,-3.5533333333333332,-5.16538470765062,0.0,0.0,0.7862476242193863,0.21375237578061362,0.0,100.0,91.9555013179779
taxi-M,0.0,random_mix,50,26,Imitation,-3.5533333333333332,44.0,948,0,-497.8330555555556,-231.98199385107515,2.4758333333333336,37.333333333333336,0.9819733635361574,0.0,0.018026636463842567,47.66666666666667,101.90292549133301
taxi-M,0.0,random_mix,50,26,BC,-3.5533333333333332,44.0,948,0,-1146.5725,-491.03996944345874,1.9083333333333334,34.833333333333336,0.9886681907702661,0.0,0.011331809229733876,17.916666666666668,101.90292549133301
taxi-M,0.0,random_mix,50,26,RECO,-3.5533333333333332,44.0,948,0,-559.3094444444445,-257.9992881947716,0.0,0.0,0.9812072665478088,0.018792733452191183,0.0,39.416666666666664,101.90292549133301
taxi-M,0.0,random_mix,50,26,RECO-greedy,-3.5533333333333332,44.0,948,0,-295.8725,-130.39340596226543,0.0,0.0,0.9683277390481109,0.031672260951889145,0.0,76.08333333333334,101.90292549133301
taxi-M,0.0,random_mix,50,26,In-data planning (POR-style),-3.5533333333333332,44.0,948,0,-250.79166666666666,-111.33780273188042,1.9083333333333334,34.833333333333336,0.9654266561990459,0.0,0.034573343800954164,83.16666666666667,101.90292549133301
taxi-M,0.0,random_mix,50,26,Ours,-3.5533333333333332,44.0,948,0,-126.9025,-58.09958652212617,0.0,0.0,0.9562655472636816,0.04373445273631841,0.0,83.33333333333334,101.90292549133301
taxi-M,0.0,random_mix,50,26,Ours w/o stitching,-3.5533333333333332,44.0,948,0,-166.77166666666668,-75.19352557949436,0.0,0.0,0.9815159123295107,0.018484087670489244,0.0,79.5,101.90292549133301
taxi-M,0.0,random_mix,50,26,Ours w/o execution rule,-3.5533333333333332,44.0,948,0,-126.9025,-58.09958652212617,0.0,0.0,0.9562655472636816,0.04373445273631841,0.0,83.33333333333334,101.90292549133301
taxi-M,0.0,random_mix,50,26,Factored Batch RL,-3.5533333333333332,44.0,948,0,-3.5533333333333332,-5.16538470765062,0.0,0.0,0.8353244637523758,0.1646755362476242,0.0,100.0,101.90292549133301
taxi-M,0.0,random_mix,50,27,Imitation,-3.5533333333333332,48.0,849,0,-480.24666666666667,-214.76089032964342,4.315277777777778,41.30555555555556,0.9647959935189276,0.0,0.035204006481072324,50.916666666666664,86.06790852546692
taxi-M,0.0,random_mix,50,27,BC,-3.5533333333333332,48.0,849,0,-997.355,-428.4787015047203,4.081666666666667,39.08333333333333,0.972891449571344,0.0,0.02710855042865603,28.249999999999996,86.06790852546692
taxi-M,0.0,random_mix,50,27,RECO,-3.5533333333333332,48.0,849,0,-543.4180555555556,-242.3973685160123,1.7033333333333334,16.666666666666664,0.9705142365584214,0.016682569742119627,0.012803193699459018,45.63888888888889,86.06790852546692
taxi-M,0.0,random_mix,50,27,RECO-greedy,-3.5533333333333332,48.0,849,0,-267.13666666666666,-117.96532859888228,1.7033333333333334,16.666666666666664,0.9369356477440219,0.03381462772427412,0.029249724531703897,81.33333333333333,86.06790852546692
taxi-M,0.0,random_mix,50,27,In-data planning (POR-style),-3.5533333333333332,48.0,849,0,-180.0925,-81.25159599979472,4.081666666666667,39.08333333333333,0.9165942954448701,0.0,0.08340570455512984,86.66666666666667,86.06790852546692
taxi-M,0.0,random_mix,50,27,Ours,-3.5533333333333332,48.0,849,0,-64.09083333333334,-31.263541210119364,1.7033333333333334,16.666666666666664,0.8588755768172389,0.09785783836416748,0.04326658481859363,91.66666666666666,86.06790852546692
taxi-M,0.0,random_mix,50,27,Ours w/o stitching,-3.5533333333333332,48.0,849,0,-119.97333333333333,-54.607122043610765,1.7033333333333334,16.666666666666664,0.912227952102089,0.052040905515252166,0.035731142382658856,87.41666666666667,86.06790852546692
taxi-M,0.0,random_mix,50,27,Ours w/o execution rule,-3.5533333333333332,48.0,849,0,-64.09083333333334,-31.263541210119364,1.7033333333333334,16.666666666666664,0.8588755768172389,0.09785783836416748,0.04326658481859363,91.66666666666666,86.06790852546692
taxi-M,0.0,random_mix,50,27,Factored Batch RL,-3.5533333333333332,48.0,849,0,-3.5533333333333332,-5.16538470765062,0.0,0.0,0.752884876459408,0.2471151235405919,0.0,100.0,86.06790852546692
taxi-M,0.0,random_mix,50,28,Imitation,-3.5533333333333332,42.0,932,0,-476.44305555555553,-220.1214939673162,4.575555555555556,47.77777777777778,0.9641054696012203,0.0,0.03589453039877969,54.888888888888886,89.61498427391052
taxi-M,0.0,random_mix,50,28,BC,-3.5533333333333332,42.0,932,0,-1041.5183333333334,-445.5119341559775,3.66,39.58333333333333,0.9771401208575577,0.0,0.022859879142442238,22.333333333333332,89.61498427391052
taxi-M,0.0,random_mix,50,28,RECO,-3.5533333333333332,42.0,932,0,-458.0097222222222,-215.9615116034687,1.7033333333333334,16.666666666666664,0.9229843755012994,0.06471975360133465,0.012295870897365972,46.88888888888889,89.61498427391052
taxi-M,0.0,random_mix,50,28,RECO-greedy,-3.5533333333333332,42.0,932,0,-264.35833333333335,-116.34386451530484,1.7033333333333334,16.666666666666664,0.9251118459443688,0.04648900992024898,0.02839914413538222,80.08333333333333,89.61498427391052
taxi-M,0.0,random_mix,50,28,In-data planning (POR-style),-3.5533333333333332,42.0,932,0,-212.50833333333333,-93.98318384376775,3.66,39.58333333333333,0.9303200012692168,0.0,0.06967999873078326,84.25,89.61498427391052
taxi-M,0.0,random_mix,50,28,Ours,-3.5533333333333332,42.0,932,0,-3.5533333333333332,-5.16538470765062,1.7033333333333334,16.666666666666664,0.7597746402389357,0.17085256584306271,0.06937279391800164,100.0,89.61498427391052
taxi-M,0.0,random_mix,50,28,Ours w/o stitching,-3.5533333333333332,42.0,932,0,-52.91916666666667,-26.159602752719636,1.7033333333333334,16.666666666666664,0.8745307298184308,0.07720822609968597,0.04826104408188322,94.0,89.61498427391052
taxi-M,0.0,random_mix,50,28,Ours w/o execution rule,-3.5533333333333332,42.0,932,0,-3.5533333333333332,-5.16538470765062,1.7033333333333334,16.666666666666664,0.7597746402389357,0.17085256584306271,0.06937279391800164,100.0,89.61498427391052
taxi-M,0.0,random_mix,50,28,Factored Batch RL,-3.5533333333333332,42.0,932,0,-3.5533333333333332,-5.16538470765062,0.0,0.0,0.7597746402389357,0.24022535976106435,0.0,100.0,89.61498427391052
taxi-M,0.0,random_mix,50,29,Imitation,-3.5533333333333332,38.0,977,0,-544.5886111111112,-247.07383417981742,1.3994444444444445,36.69444444444444,0.9901087293702806,0.0,0.00989127062971936,41.97222222222222,78.31173491477966
taxi-M,0.0,random_mix,50,29,BC,-3.5533333333333332,38.0,977,0,-1180.4933333333333,-504.288950994999,1.3075,33.83333333333333,0.9920063989566033,0.0,0.007993601043396746,20.5,78.31173491477966
taxi-M,0.0,random_mix,50,29,RECO,-3.5533333333333332,38.0,977,0,-555.0375,-251.05526380030426,0.0,0.0,0.9855414140016755,0.014458585998324534,0.0,39.25,78.31173491477966
taxi-M,0.0,random_mix,50,29,RECO-greedy,-3.5533333333333332,38.0,977,0,-424.49083333333334,-184.72387268283185,0.0,0.0,0.9858941095160944,0.01410589048390569,0.0,72.0,78.31173491477966
taxi-M,0.0,random_mix,50,29,In-data planning (POR-style),-3.5533333333333332,38.0,977,0,-400.28583333333336,-174.0805865300392,1.3075,33.83333333333333,0.9815541970373853,0.0,0.018445802962614624,73.41666666666666,78.31173491477966
taxi-M,0.0,random_mix,50,29,Ours,-3.5533333333333332,38.0,977,0,-70.95333333333333,-34.05508277741803,0.0,0.0,0.8980568138520808,0.10194318614791922,0.0,91.66666666666666,78.31173491477966
taxi-M,0.0,random_mix,50,29,Ours w/o stitching,-3.5533333333333332,38.0,977,0,-204.61333333333334,-90.34630339182675,0.0,0.0,0.9810070234444555,0.018992976555544563,0.0,75.5,78.31173491477966
taxi-M,0.0,random_mix,50,29,Ours w/o execution rule,-3.5533333333333332,38.0,977,0,-70.95333333333333,-34.05508277741803,0.0,0.0,0.8980568138520808,0.10194318614791922,0.0,91.66666666666666,78.31173491477966
taxi-M,0.0,random_mix,50,29,Factored Batch RL,-3.5533333333333332,38.0,977,0,-3.5533333333333332,-5.16538470765062,0.0,0.0,0.7822766766223188,0.21772332337768124,0.0,100.0,78.31173491477966
taxi-M,0.0,random_mix,150,0,Imitation,-3.5533333333333332,42.0,1323,0,-558.7183333333334,-264.4812626400578,0.11166666666666666,7.333333333333333,0.9992513631894163,0.0,0.0007486368105837132,45.72222222222222,86.73398327827454
taxi-M,0.0,random_mix,150,0,BC,-3.5533333333333332,42.0,1323,0,-1222.2266666666667,-525.6593353504692,0.10916666666666666,7.083333333333333,0.9993969497626928,0.0,0.0006030502373071735,10.5,86.73398327827454
taxi-M,0.0,random_mix,150,0,RECO,-3.5533333333333332,42.0,1323,0,-569.9063888888888,-269.3004690591923,0.0,0.0,0.999412385585579,0.0005876144144210525,0.0,44.47222222222222,86.73398327827454
taxi-M,0.0,random_mix,150,0,RECO-greedy,-3.5533333333333332,42.0,1323,0,-28.939166666666665,-16.215494621129988,0.0,0.0,0.9968909074282928,0.0031090925717072574,0.0,98.66666666666667,86.73398327827454
taxi-M,0.0,random_mix,150,0,In-data planning (POR-style),-3.5533333333333332,42.0,1323,0,-23.913333333333334,-14.035182271003002,0.10916666666666666,7.083333333333333,0.9959297809538605,0.0,0.004070219046139506,98.91666666666666,86.73398327827454
taxi-M,0.0,random_mix,150,0,Ours,-3.5533333333333332,42.0,1323,0,-3.5533333333333332,-5.16538470765062,0.0,0.0,0.9619875101819169,0.038012489818083084,0.0,100.0,86.73398327827454
taxi-M,0.0,random_mix,150,0,Ours w/o stitching,-3.5533333333333332,42.0,1323,0,-12.536666666666667,-9.160618723740493,0.0,0.0,0.9958414107935714,0.004158589206428616,0.0,99.0,86.73398327827454
taxi-M,0.0,random_mix,150,0,Ours w/o execution rule,-3.5533333333333332,42.0,1323,0,-3.5533333333333332,-5.16538470765062,0.0,0.0,0.9619875101819169,0.038012489818083084,0.0,100.0,86.73398327827454
taxi-M,0.0,random_mix,150,0,Factored Batch RL,-3.5533333333333332,42.0,1323,0,-3.5533333333333332,-5.16538470765062,0.0,0.0,0.9619875101819169,0.038012489818083084,0.0,100.0,86.73398327827454
taxi-M,0.0,random_mix,150,1,Imitation,-3.5533333333333332,34.666666666666664,1329,0,-547.9388888888889,-259.3514123012679,0.08194444444444444,4.888888888888889,0.9994512362995096,0.0,0.000548763700490353,46.22222222222222,76.13095355033875
taxi-M,0.0,random_mix,150,1,BC,-3.5533333333333332,34.666666666666664,1329,0,-1063.91,-458.8623142761837,0.055,3.6666666666666665,0.9996949232454619,0.0,0.00030507675453801675,11.0,76.13095355033875
taxi-M,0.0,random_mix,150,1,RECO,-3.5533333333333332,34.666666666666664,1329,0,-548.1505555555556,-260.253862798917,0.0,0.0,0.9996345897017361,0.0003654102982638374,0.0,46.58333333333333,76.13095355033875
taxi-M,0.0,random_mix,150,1,RECO-greedy,-3.5533333333333332,34.666666666666664,1329,0,-3.8033333333333332,-5.401369797947436,0.0,0.0,0.9985217040720333,0.001478295927966671,0.0,100.0,76.13095355033875
taxi-M,0.0,random_mix,150,1,In-data planning (POR-style),-3.5533333333333332,34.666666666666664,1329,0,-3.776666666666667,-5.375142428787764,0.055,3.6666666666666665,0.997780169514328,0.0,0.0022198304856720034,100.0,76.13095355033875
taxi-M,0.0,random_mix,150,1,Ours,-3.5533333333333332,34.666666666666664,1329,0,-3.5533333333333332,-5.16538470765062,0.0,0.0,0.9786519142003801,0.021348085799619877,0.0,100.0,76.13095355033875
taxi-M,0.0,random_mix,150,1,Ours w/o stitching,-3.5533333333333332,34.666666666666664,1329,0,-3.7733333333333334,-5.372242434213596,0.0,0.0,0.9977798708288482,0.0022201291711517763,0.0,100.0,76.13095355033875
taxi-M,0.0,random_mix,150,1,Ours w/o execution rule,-3.5533333333333332,34.666666666666664,1329,0,-3.5533333333333332,-5.16538470765062,0.0,0.0,0.9786519142003801,0.021348085799619877,0.0,100.0,76.13095355033875
taxi-M,0.0,random_mix,150,1,Factored Batch RL,-3.5533333333333332,34.666666666666664,1329,0,-3.5533333333333332,-5.16538470765062,0.0,0.0,0.9786519142003801,0.021348085799619877,0.0,100.0,76.13095355033875
taxi-M,0.0,random_mix,150,2,Imitation,-3.5533333333333332,36.666666666666664,1328,0,-581.1513888888888,-272.61899953945186,0.3302777777777778,6.75,0.9978637047205119,0.0,0.0021362952794881517,40.55555555555556,74.26368379592896
taxi-M,0.0,random_mix,150,2,BC,-3.5533333333333332,36.666666666666664,1328,0,-1196.07,-515.1247222139336,0.07583333333333334,4.75,0.9995888845217281,0.0,0.0004111154782718693,8.583333333333334,74.26368379592896
taxi-M,0.0,random_mix,150,2,RECO,-3.5533333333333332,36.666666666666664,1328,0,-581.2813888888888,-273.34830412689143,0.0,0.0,0.9985257154774704,0.0014742845225295847,0.0,41.13888888888889,74.26368379592896
taxi-M,0.0,random_mix,150,2,RECO-greedy,-3.5533333333333332,36.666666666666664,1328,0,-5.588333333333333,-6.215710842849004,0.0,0.0,0.998075466935891,0.0019245330641090358,0.0,99.16666666666667,74.26368379592896
taxi-M,0.0,random_mix,150,2,In-data planning (POR-style),-3.5533333333333332,36.666666666666664,1328,0,-6.023333333333333,-6.366795451870629,0.07583333333333334,4.75,0.9971699580158607,0.0,0.0028300419841393253,98.91666666666666,74.26368379592896
taxi-M,0.0,random_mix,150,2,Ours,-3.5533333333333332,36.666666666666664,1328,0,-3.5533333333333332,-5.16538470765062,0.0,0.0,0.9721694270974749,0.027830572902525115,0.0,100.0,74.26368379592896
taxi-M,0.0,random_mix,150,2,Ours w/o stitching,-3.5533333333333332,36.666666666666664,1328,0,-4.851666666666667,-5.911956939390609,0.0,0.0,0.9963723499850234,0.0036276500149765366,0.0,99.91666666666667,74.26368379592896
taxi-M,0.0,random_mix,150,2,Ours w/o execution rule,-3.5533333333333332,36.666666666666664,1328,0,-3.5533333333333332,-5.16538470765062,0.0,0.0,0.9721694270974749,0.027830572902525115,0.0,100.0,74.26368379592896
taxi-M,0.0,random_mix,150,2,Factored Batch RL,-3.5533333333333332,36.666666666666664,1328,0,-3.5533333333333332,-5.16538470765062,0.0,0.0,0.9721694270974749,0.027830572902525115,0.0,100.0,74.26368379592896
taxi-M,0.0,random_mix,150,3,Imitation,-3.5533333333333332,46.0,1283,0,-520.9902777777778,-253.2054443601733,0.20333333333333334,9.75,0.9985779007328085,0.0,0.0014220992671914706,52.94444444444445,67.6027524471283
taxi-M,0.0,random_mix,150,3,BC,-3.5533333333333332,46.0,1283,0,-1152.1375,-495.3490454928024,0.20333333333333334,9.75,0.9988783465725213,0.0,0.00112165342747867,10.333333333333334,67.6027524471283
taxi-M,0.0,random_mix,150,3,RECO,-3.5533333333333332,46.0,1283,0,-516.9016666666666,-251.47073842546126,0.0,0.0,0.9989612980839764,0.001038701916023591,0.0,53.166666666666664,67.6027524471283
taxi-M,0.0,random_mix,150,3,RECO-greedy,-3.5533333333333332,46.0,1283,0,-19.881666666666668,-12.381561129335887,0.0,0.0,0.9945760426562069,0.005423957343793093,0.0,98.75,67.6027524471283
taxi-M,0.0,random_mix,150,3,In-data planning (POR-style),-3.5533333333333332,46.0,1283,0,-18.155,-11.605512571229744,0.20333333333333334,9.75,0.992462854848176,0.0,0.007537145151824051,98.83333333333333,67.6027524471283
taxi-M,0.0,random_mix,150,3,Ours,-3.5533333333333332,46.0,1283,0,-3.5533333333333332,-5.16538470765062,0.0,0.0,0.9724070051588379,0.027592994841162097,0.0,100.0,67.6027524471283
taxi-M,0.0,random_mix,150,3,Ours w/o stitching,-3.5533333333333332,46.0,1283,0,-14.531666666666666,-10.026368688060014,0.0,0.0,0.992049989173137,0.007950010826862993,0.0,98.83333333333333,67.6027524471283
taxi-M,0.0,random_mix,150,3,Ours w/o execution rule,-3.5533333333333332,46.0,1283,0,-3.5533333333333332,-5.16538470765062,0.0,0.0,0.9724070051588379,0.027592994841162097,0.0,100.0,67.6027524471283
taxi-M,0.0,random_mix,150,3,Factored Batch RL,-3.5533333333333332,46.0,1283,0,-3.5533333333333332,-5.16538470765062,0.0,0.0,0.9724070051588379,0.027592994841162097,0.0,100.0,67.6027524471283
taxi-M,0.0,random_mix,150,4,Imitation,-3.5533333333333332,40.0,1382,0,-562.9002777777778,-267.9421739714447,0.165,7.666666666666666,0.9989222808456285,0.0,0.0010777191543714757,44.94444444444444,80.1402747631073
taxi-M,0.0,random_mix,150,4,BC,-3.5533333333333332,40.0,1382,0,-1202.1075,-516.6999648963474,0.09166666666666666,5.583333333333333,0.9995044978085289,0.0,0.0004955021914710559,8.333333333333332,80.1402747631073
taxi-M,0.0,random_mix,150,4,RECO,-3.5533333333333332,40.0,1382,0,-562.5569444444444,-267.4271090197118,0.0,0.0,0.9983159629367293,0.0016840370632706457,0.0,44.22222222222222,80.1402747631073
taxi-M,0.0,random_mix,150,4,RECO-greedy,-3.5533333333333332,40.0,1382,0,-4.274166666666667,-5.75498199766717,0.0,0.0,0.997426422066781,0.0025735779332189523,0.0,99.91666666666667,80.1402747631073
taxi-M,0.0,random_mix,150,4,In-data planning (POR-style),-3.5533333333333332,40.0,1382,0,-4.180833333333333,-5.667907269279256,0.09166666666666666,5.583333333333333,0.9963571333951516,0.0,0.0036428666048483245,99.91666666666667,80.1402747631073
taxi-M,0.0,random_mix,150,4,Ours,-3.5533333333333332,40.0,1382,0,-3.5533333333333332,-5.16538470765062,0.0,0.0,0.9746470268802606,0.025352973119739344,0.0,100.0,80.1402747631073
taxi-M,0.0,random_mix,150,4,Ours w/o stitching,-3.5533333333333332,40.0,1382,0,-4.164166666666667,-5.652783036618036,0.0,0.0,0.9962553022269353,0.0037446977730646873,0.0,99.91666666666667,80.1402747631073
taxi-M,0.0,random_mix,150,4,Ours w/o execution rule,-3.5533333333333332,40.0,1382,0,-3.5533333333333332,-5.16538470765062,0.0,0.0,0.9746470268802606,0.025352973119739344,0.0,100.0,80.1402747631073
taxi-M,0.0,random_mix,150,4,Factored Batch RL,-3.5533333333333332,40.0,1382,0,-3.5533333333333332,-5.16538470765062,0.0,0.0,0.9746470268802606,0.025352973119739344,0.0,100.0,80.1402747631073
taxi-M,0.0,random_mix,150,5,Imitation,-3.5533333333333332,40.0,1340,0,-536.8308333333333,-258.3092057828032,0.2336111111111111,8.472222222222223,0.9983815407116602,0.0,0.0016184592883397803,49.861111111111114,74.14271378517151
taxi-M,0.0,random_mix,150,5,BC,-3.5533333333333332,40.0,1340,0,-1237.2658333333334,-531.6404245511833,0.18833333333333332,6.583333333333333,0.9989592303831045,0.0,0.0010407696168954672,10.666666666666668,74.14271378517151
taxi-M,0.0,random_mix,150,5,RECO,-3.5533333333333332,40.0,1340,0,-541.7180555555556,-260.6483136113497,0.0,0.0,0.9991036223975903,0.0008963776024097077,0.0,48.75,74.14271378517151
taxi-M,0.0,random_mix,150,5,RECO-greedy,-3.5533333333333332,40.0,1340,0,-3.905,-5.497348259784359,0.0,0.0,0.9961185839523523,0.003881416047647728,0.0,100.0,74.14271378517151
taxi-M,0.0,random_mix,150,5,In-data planning (POR-style),-3.5533333333333332,40.0,1340,0,-3.841666666666667,-5.436436254955409,0.18833333333333332,6.583333333333333,0.9924186514592419,0.0,0.007581348540758135,100.0,74.14271378517151
taxi-M,0.0,random_mix,150,5,Ours,-3.5533333333333332,40.0,1340,0,-3.5533333333333332,-5.16538470765062,0.0,0.0,0.9768531088786315,0.02314689112136845,0.0,100.0,74.14271378517151
taxi-M,0.0,random_mix,150,5,Ours w/o stitching,-3.5533333333333332,40.0,1340,0,-3.84,-5.434856962530959,0.0,0.0,0.9911097691894794,0.008890230810520665,0.0,100.0,74.14271378517151
taxi-M,0.0,random_mix,150,5,Ours w/o execution rule,-3.5533333333333332,40.0,1340,0,-3.5533333333333332,-5.16538470765062,0.0,0.0,0.9768531088786315,0.02314689112136845,0.0,100.0,74.14271378517151
taxi-M,0.0,random_mix,150,5,Factored Batch RL,-3.5533333333333332,40.0,1340,0,-3.5533333333333332,-5.16538470765062,0.0,0.0,0.9768531088786315,0.02314689112136845,0.0,100.0,74.14271378517151
taxi-M,0.0,random_mix,150,6,Imitation,-3.5533333333333332,44.666666666666664,1379,0,-520.115,-251.73240490060493,0.06583333333333333,4.666666666666667,0.9995350452300937,0.0,0.0004649547699062439,51.19444444444444,66.02352523803711
taxi-M,0.0,random_mix,150,6,BC,-3.5533333333333332,44.666666666666664,1379,0,-1200.9091666666666,-517.3545341845121,0.06583333333333333,4.666666666666667,0.9996356441488601,0.0,0.0003643558511398804,10.75,66.02352523803711
taxi-M,0.0,random_mix,150,6,RECO,-3.5533333333333332,44.666666666666664,1379,0,-518.9541666666667,-252.08532045332873,0.0,0.0,0.9996527144194151,0.0003472855805849702,0.0,52.33333333333333,66.02352523803711
taxi-M,0.0,random_mix,150,6,RECO-greedy,-3.5533333333333332,44.666666666666664,1379,0,-3.895,-5.488434642482877,0.0,0.0,0.9980250384950123,0.0019749615049876146,0.0,100.0,66.02352523803711
taxi-M,0.0,random_mix,150,6,In-data planning (POR-style),-3.5533333333333332,44.666666666666664,1379,0,-3.855,-5.449247986949458,0.06583333333333333,4.666666666666667,0.9973513042312077,0.0,0.002648695768792329,100.0,66.02352523803711
taxi-M,0.0,random_mix,150,6,Ours,-3.5533333333333332,44.666666666666664,1379,0,-3.5533333333333332,-5.16538470765062,0.0,0.0,0.9706081998370893,0.02939180016291067,0.0,100.0,66.02352523803711
taxi-M,0.0,random_mix,150,6,Ours w/o stitching,-3.5533333333333332,44.666666666666664,1379,0,-3.848333333333333,-5.443054965334381,0.0,0.0,0.9973505936011805,0.002649406398819505,0.0,100.0,66.02352523803711
taxi-M,0.0,random_mix,150,6,Ours w/o execution rule,-3.5533333333333332,44.666666666666664,1379,0,-3.5533333333333332,-5.16538470765062,0.0,0.0,0.9706081998370893,0.02939180016291067,0.0,100.0,66.02352523803711
taxi-M,0.0,random_mix,150,6,Factored Batch RL,-3.5533333333333332,44.666666666666664,1379,0,-3.5533333333333332,-5.16538470765062,0.0,0.0,0.9706081998370893,0.02939180016291067,0.0,100.0,66.02352523803711
taxi-M,0.0,random_mix,150,7,Imitation,-3.5533333333333332,39.333333333333336,1394,0,-572.8127777777778,-270.8646503655601,0.09916666666666667,5.666666666666666,0.9993497030857226,0.0,0.0006502969142773872,44.97222222222222,73.80556726455688
taxi-M,0.0,random_mix,150,7,BC,-3.5533333333333332,39.333333333333336,1394,0,-1266.3866666666668,-545.1837563639899,0.09916666666666667,5.666666666666666,0.9994637078965632,0.0,0.0005362921034367761,8.333333333333332,73.80556726455688
taxi-M,0.0,random_mix,150,7,RECO,-3.5533333333333332,39.333333333333336,1394,0,-571.1825,-271.0710996772001,0.0,0.0,0.9994889688710608,0.0005110311289391983,0.0,45.63888888888889,73.80556726455688
taxi-M,0.0,random_mix,150,7,RECO-greedy,-3.5533333333333332,39.333333333333336,1394,0,-17.325833333333332,-11.25257239438837,0.0,0.0,0.997043489318413,0.0029565106815869786,0.0,99.25,73.80556726455688
taxi-M,0.0,random_mix,150,7,In-data planning (POR-style),-3.5533333333333332,39.333333333333336,1394,0,-17.284166666666668,-11.211633051584732,0.09916666666666667,5.666666666666666,0.9962109151117621,0.0,0.0037890848882379162,99.25,73.80556726455688
taxi-M,0.0,random_mix,150,7,Ours,-3.5533333333333332,39.333333333333336,1394,0,-3.5533333333333332,-5.16538470765062,0.0,0.0,0.9763100733098018,0.023689926690198208,0.0,100.0,73.80556726455688
taxi-M,0.0,random_mix,150,7,Ours w/o stitching,-3.5533333333333332,39.333333333333336,1394,0,-10.288333333333334,-8.195637068294342,0.0,0.0,0.9963891933715907,0.0036108066284093105,0.0,99.41666666666666,73.80556726455688
taxi-M,0.0,random_mix,150,7,Ours w/o execution rule,-3.5533333333333332,39.333333333333336,1394,0,-3.5533333333333332,-5.16538470765062,0.0,0.0,0.9763100733098018,0.023689926690198208,0.0,100.0,73.80556726455688
taxi-M,0.0,random_mix,150,7,Factored Batch RL,-3.5533333333333332,39.333333333333336,1394,0,-3.5533333333333332,-5.16538470765062,0.0,0.0,0.9763100733098018,0.023689926690198208,0.0,100.0,73.80556726455688
taxi-M,0.0,random_mix,150,8,Imitation,-3.5533333333333332,46.0,1353,0,-515.5466666666666,-254.98134765959435,0.5686111111111111,9.61111111111111,0.9959692743315435,0.0,0.0040307256684565685,55.41666666666667,93.05654788017273
taxi-M,0.0,random_mix,150,8,BC,-3.5533333333333332,46.0,1353,0,-1256.2408333333333,-540.0946250763543,0.1175,6.416666666666666,0.9993649192186255,0.0,0.000635080781374567,8.25,93.05654788017273
taxi-M,0.0,random_mix,150,8,RECO,-3.5533333333333332,46.0,1353,0,-515.2319444444445,-255.2127493641275,0.0,0.0,0.9956308715075458,0.004369128492454216,0.0,55.222222222222214,93.05654788017273
taxi-M,0.0,random_mix,150,8,RECO-greedy,-3.5533333333333332,46.0,1353,0,-4.0225,-5.5158980964069935,0.0,0.0,0.9970339265480237,0.0029660734519762716,0.0,99.91666666666667,93.05654788017273
taxi-M,0.0,random_mix,150,8,In-data planning (POR-style),-3.5533333333333332,46.0,1353,0,-3.9541666666666666,-5.453304127640915,0.1175,6.416666666666666,0.9952880630931694,0.0,0.004711936906830637,99.91666666666667,93.05654788017273
taxi-M,0.0,random_mix,150,8,Ours,-3.5533333333333332,46.0,1353,0,-3.5533333333333332,-5.16538470765062,0.0,0.0,0.9735270160195493,0.02647298398045072,0.0,100.0,93.05654788017273
taxi-M,0.0,random_mix,150,8,Ours w/o stitching,-3.5533333333333332,46.0,1353,0,-3.9358333333333335,-5.436119229172367,0.0,0.0,0.9951508260317036,0.004849173968296435,0.0,99.91666666666667,93.05654788017273
taxi-M,0.0,random_mix,150,8,Ours w/o execution rule,-3.5533333333333332,46.0,1353,0,-3.5533333333333332,-5.16538470765062,0.0,0.0,0.9735270160195493,0.02647298398045072,0.0,100.0,93.05654788017273
taxi-M,0.0,random_mix,150,8,Factored Batch RL,-3.5533333333333332,46.0,1353,0,-3.5533333333333332,-5.16538470765062,0.0,0.0,0.9735270160195493,0.02647298398045072,0.0,100.0,93.05654788017273
taxi-M,0.0,random_mix,150,9,Imitation,-3.5533333333333332,46.0,1429,0,-522.1277777777777,-255.51990977145906,0.14166666666666666,6.888888888888889,0.9990042602043805,0.0,0.0009957397956195258,54.833333333333336,70.28360319137573
taxi-M,0.0,random_mix,150,9,BC,-3.5533333333333332,46.0,1429,0,-1174.7158333333334,-505.57252393493417,0.10333333333333333,5.75,0.9994201868494637,0.0,0.0005798131505363272,12.166666666666668,70.28360319137573
taxi-M,0.0,random_mix,150,9,RECO,-3.5533333333333332,46.0,1429,0,-533.7558333333334,-259.8108155646229,0.0,0.0,0.997626479386136,0.0023735206138639615,0.0,52.77777777777778,70.28360319137573
taxi-M,0.0,random_mix,150,9,RECO-greedy,-3.5533333333333332,46.0,1429,0,-4.1066666666666665,-5.662305364705518,0.0,0.0,0.9972782793414764,0.0027217206585236327,0.0,100.0,70.28360319137573
taxi-M,0.0,random_mix,150,9,In-data planning (POR-style),-3.5533333333333332,46.0,1429,0,-3.98,-5.547747040769953,0.10333333333333333,5.75,0.9958633573525487,0.0,0.004136642647451294,100.0,70.28360319137573
taxi-M,0.0,random_mix,150,9,Ours,-3.5533333333333332,46.0,1429,0,-3.5533333333333332,-5.16538470765062,0.0,0.0,0.9755973391257128,0.024402660874287267,0.0,100.0,70.28360319137573
taxi-M,0.0,random_mix,150,9,Ours w/o stitching,-3.5533333333333332,46.0,1429,0,-3.9566666666666666,-5.528070915477824,0.0,0.0,0.9957593161479898,0.004240683852010151,0.0,100.0,70.28360319137573
taxi-M,0.0,random_mix,150,9,Ours w/o execution rule,-3.5533333333333332,46.0,1429,0,-3.5533333333333332,-5.16538470765062,0.0,0.0,0.9755973391257128,0.024402660874287267,0.0,100.0,70.28360319137573
taxi-M,0.0,random_mix,150,9,Factored Batch RL,-3.5533333333333332,46.0,1429,0,-3.5533333333333332,-5.16538470765062,0.0,0.0,0.9755973391257128,0.024402660874287267,0.0,100.0,70.28360319137573
taxi-M,0.0,random_mix,150,10,Imitation,-3.5533333333333332,40.666666666666664,1391,0,-586.7791666666667,-276.6296447777104,0.06833333333333333,4.138888888888889,0.9995608585750396,0.0,0.00043914142496037016,43.083333333333336,76.45781540870667
taxi-M,0.0,random_mix,150,10,BC,-3.5533333333333332,40.666666666666664,1391,0,-1191.0166666666667,-512.6686163476878,0.04666666666666667,3.4166666666666665,0.9997416723944662,0.0,0.00025832760553374634,10.833333333333334,76.45781540870667
taxi-M,0.0,random_mix,150,10,RECO,-3.5533333333333332,40.666666666666664,1391,0,-582.3944444444444,-275.11960569364476,0.0,0.0,0.9997228585876946,0.0002771414123054386,0.0,43.05555555555556,76.45781540870667
taxi-M,0.0,random_mix,150,10,RECO-greedy,-3.5533333333333332,40.666666666666664,1391,0,-7.315,-7.002100556895642,0.0,0.0,0.9985500082385895,0.0014499917614104465,0.0,99.83333333333333,76.45781540870667
taxi-M,0.0,random_mix,150,10,In-data planning (POR-style),-3.5533333333333332,40.666666666666664,1391,0,-7.28,-6.970209256197381,0.04666666666666667,3.4166666666666665,0.9981519981519982,0.0,0.001848001848001848,99.83333333333333,76.45781540870667
taxi-M,0.0,random_mix,150,10,Ours,-3.5533333333333332,40.666666666666664,1391,0,-3.5533333333333332,-5.16538470765062,0.0,0.0,0.9717960901439044,0.028203909856095576,0.0,100.0,76.45781540870667
taxi-M,0.0,random_mix,150,10,Ours w/o stitching,-3.5533333333333332,40.666666666666664,1391,0,-7.246666666666667,-6.940190403046912,0.0,0.0,0.9978521627069359,0.0021478372930641377,0.0,99.83333333333333,76.45781540870667
taxi-M,0.0,random_mix,150,10,Ours w/o execution rule,-3.5533333333333332,40.666666666666664,1391,0,-3.5533333333333332,-5.16538470765062,0.0,0.0,0.9717960901439044,0.028203909856095576,0.0,100.0,76.45781540870667
taxi-M,0.0,random_mix,150,10,Factored Batch RL,-3.5533333333333332,40.666666666666664,1391,0,-3.5533333333333332,-5.16538470765062,0.0,0.0,0.9717960901439044,0.028203909856095576,0.0,100.0,76.45781540870667
taxi-M,0.0,random_mix,150,11,Imitation,-3.5533333333333332,42.666666666666664,1290,0,-577.1536111111111,-273.7052496860358,0.08333333333333333,4.916666666666666,0.9994514636777532,0.0,0.0005485363222468047,45.69444444444444,81.14496517181396
taxi-M,0.0,random_mix,150,11,BC,-3.5533333333333332,42.666666666666664,1290,0,-1259.6408333333334,-541.7858846270623,0.08333333333333333,4.916666666666666,0.9995466538520822,0.0,0.00045334614791778114,9.0,81.14496517181396
taxi-M,0.0,random_mix,150,11,RECO,-3.5533333333333332,42.666666666666664,1290,0,-566.935,-269.05601932216877,0.0,0.0,0.9996227168823099,0.0003772831176901396,0.0,46.22222222222222,81.14496517181396
taxi-M,0.0,random_mix,150,11,RECO-greedy,-3.5533333333333332,42.666666666666664,1290,0,-7.6075,-7.116207102768764,0.0,0.0,0.9977816924381809,0.0022183075618190124,0.0,99.66666666666667,81.14496517181396
taxi-M,0.0,random_mix,150,11,In-data planning (POR-style),-3.5533333333333332,42.666666666666664,1290,0,-10.875833333333333,-8.493281628250728,0.08333333333333333,4.916666666666666,0.9967720068433454,0.0,0.0032279931566545077,99.5,81.14496517181396
taxi-M,0.0,random_mix,150,11,Ours,-3.5533333333333332,42.666666666666664,1290,0,-3.5533333333333332,-5.16538470765062,0.0,0.0,0.9748506652185718,0.025149334781428185,0.0,100.0,81.14496517181396
taxi-M,0.0,random_mix,150,11,Ours w/o stitching,-3.5533333333333332,42.666666666666664,1290,0,-8.8375,-7.595585331359704,0.0,0.0,0.9967159277504105,0.003284072249589491,0.0,99.75,81.14496517181396
taxi-M,0.0,random_mix,150,11,Ours w/o execution rule,-3.5533333333333332,42.666666666666664,1290,0,-3.5533333333333332,-5.16538470765062,0.0,0.0,0.9748506652185718,0.025149334781428185,0.0,100.0,81.14496517181396
taxi-M,0.0,random_mix,150,11,Factored Batch RL,-3.5533333333333332,42.666666666666664,1290,0,-3.5533333333333332,-5.16538470765062,0.0,0.0,0.9748506652185718,0.025149334781428185,0.0,100.0,81.14496517181396
taxi-M,0.0,random_mix,150,12,Imitation,-3.5533333333333332,36.666666666666664,1428,0,-614.0380555555555,-286.50380904934184,0.06666666666666667,4.583333333333333,0.9995855795497322,0.0,0.0004144204502678192,39.30555555555556,67.92831087112427
taxi-M,0.0,random_mix,150,12,BC,-3.5533333333333332,36.666666666666664,1428,0,-1213.1616666666666,-522.6645816547597,0.06666666666666667,4.583333333333333,0.9996367664953415,0.0,0.0003632335046584697,9.166666666666666,67.92831087112427
taxi-M,0.0,random_mix,150,12,RECO,-3.5533333333333332,36.666666666666664,1428,0,-618.5572222222222,-288.9502928349231,0.0,0.0,0.9996646367155724,0.00033536328442762087,0.0,39.22222222222223,67.92831087112427
taxi-M,0.0,random_mix,150,12,RECO-greedy,-3.5533333333333332,36.666666666666664,1428,0,-13.666666666666666,-9.591922928265468,0.0,0.0,0.9978852848358656,0.002114715164134431,0.0,99.5,67.92831087112427
taxi-M,0.0,random_mix,150,12,In-data planning (POR-style),-3.5533333333333332,36.666666666666664,1428,0,-11.970833333333333,-8.844131747381837,0.06666666666666667,4.583333333333333,0.9973782526053615,0.0,0.0026217473946385265,99.58333333333333,67.92831087112427
taxi-M,0.0,random_mix,150,12,Ours,-3.5533333333333332,36.666666666666664,1428,0,-3.5533333333333332,-5.16538470765062,0.0,0.0,0.9790252511539506,0.020974748846049416,0.0,100.0,67.92831087112427
taxi-M,0.0,random_mix,150,12,Ours w/o stitching,-3.5533333333333332,36.666666666666664,1428,0,-7.01,-6.682048538562035,0.0,0.0,0.9972816177689375,0.0027183822310624895,0.0,99.75,67.92831087112427
taxi-M,0.0,random_mix,150,12,Ours w/o execution rule,-3.5533333333333332,36.666666666666664,1428,0,-3.5533333333333332,-5.16538470765062,0.0,0.0,0.9790252511539506,0.020974748846049416,0.0,100.0,67.92831087112427
taxi-M,0.0,random_mix,150,12,Factored Batch RL,-3.5533333333333332,36.666666666666664,1428,0,-3.5533333333333332,-5.16538470765062,0.0,0.0,0.9790252511539506,0.020974748846049416,0.0,100.0,67.92831087112427
taxi-M,0.0,random_mix,150,13,Imitation,-3.5533333333333332,47.333333333333336,1326,0,-493.1502777777778,-240.2620640811497,0.17527777777777778,8.916666666666668,0.9987253555268261,0.0,0.001274644473173885,55.19444444444444,67.63969945907593
taxi-M,0.0,random_mix,150,13,BC,-3.5533333333333332,47.333333333333336,1326,0,-1178.1841666666667,-507.2528615196484,0.13666666666666666,7.916666666666666,0.9992215571704552,0.0,0.0007784428295447534,13.583333333333334,67.63969945907593
taxi-M,0.0,random_mix,150,13,RECO,-3.5533333333333332,47.333333333333336,1326,0,-500.0130555555556,-243.21657279276755,0.0,0.0,0.9991274135899842,0.0008725864100157744,0.0,53.861111111111114,67.63969945907593
taxi-M,0.0,random_mix,150,13,RECO-greedy,-3.5533333333333332,47.333333333333336,1326,0,-7.758333333333334,-7.406635483110273,0.0,0.0,0.9964050911681834,0.0035949088318165626,0.0,99.83333333333333,67.63969945907593
taxi-M,0.0,random_mix,150,13,In-data planning (POR-style),-3.5533333333333332,47.333333333333336,1326,0,-7.616666666666666,-7.2740755730143265,0.13666666666666666,7.916666666666666,0.994659198228417,0.0,0.005340801771583027,99.83333333333333,67.63969945907593
taxi-M,0.0,random_mix,150,13,Ours,-3.5533333333333332,47.333333333333336,1326,0,-3.5533333333333332,-5.16538470765062,0.0,0.0,0.9678251425468368,0.03217485745316318,0.0,100.0,67.63969945907593
taxi-M,0.0,random_mix,150,13,Ours w/o stitching,-3.5533333333333332,47.333333333333336,1326,0,-5.619166666666667,-6.371874698495003,0.0,0.0,0.9941976073279656,0.005802392672034423,0.0,99.83333333333333,67.63969945907593
taxi-M,0.0,random_mix,150,13,Ours w/o execution rule,-3.5533333333333332,47.333333333333336,1326,0,-3.5533333333333332,-5.16538470765062,0.0,0.0,0.9678251425468368,0.03217485745316318,0.0,100.0,67.63969945907593
taxi-M,0.0,random_mix,150,13,Factored Batch RL,-3.5533333333333332,47.333333333333336,1326,0,-3.5533333333333332,-5.16538470765062,0.0,0.0,0.9678251425468368,0.03217485745316318,0.0,100.0,67.63969945907593
taxi-M,0.0,random_mix,150,14,Imitation,-3.5533333333333332,40.666666666666664,1368,0,-544.4488888888889,-260.91081605563147,0.5080555555555556,8.027777777777779,0.996638226071485,0.0,0.0033617739285149743,46.111111111111114,79.14193654060364
taxi-M,0.0,random_mix,150,14,BC,-3.5533333333333332,40.666666666666664,1368,0,-1214.8416666666667,-523.1658907151773,0.07916666666666666,4.75,0.9995604639649852,0.0,0.0004395360350148286,11.083333333333334,79.14193654060364
taxi-M,0.0,random_mix,150,14,RECO,-3.5533333333333332,40.666666666666664,1368,0,-542.9019444444444,-260.5077470868825,0.0,0.0,0.9972339365092794,0.0027660634907206295,0.0,46.0,79.14193654060364
taxi-M,0.0,random_mix,150,14,RECO-greedy,-3.5533333333333332,40.666666666666664,1368,0,-9.545833333333333,-7.831467490767943,0.0,0.0,0.9977817071210416,0.0022182928789583668,0.0,99.33333333333333,79.14193654060364
taxi-M,0.0,random_mix,150,14,In-data planning (POR-style),-3.5533333333333332,40.666666666666664,1368,0,-9.491666666666667,-7.778848241430599,0.07916666666666666,4.75,0.9969394329896907,0.0,0.0030605670103092783,99.33333333333333,79.14193654060364
taxi-M,0.0,random_mix,150,14,Ours,-3.5533333333333332,40.666666666666664,1368,0,-3.5533333333333332,-5.16538470765062,0.0,0.0,0.9766834102633722,0.02331658973662775,0.0,100.0,79.14193654060364
taxi-M,0.0,random_mix,150,14,Ours w/o stitching,-3.5533333333333332,40.666666666666664,1368,0,-5.625,-6.110714597918184,0.0,0.0,0.9968547277373697,0.003145272262630234,0.0,99.58333333333333,79.14193654060364
taxi-M,0.0,random_mix,150,14,Ours w/o execution rule,-3.5533333333333332,40.666666666666664,1368,0,-3.5533333333333332,-5.16538470765062,0.0,0.0,0.9766834102633722,0.02331658973662775,0.0,100.0,79.14193654060364
taxi-M,0.0,random_mix,150,14,Factored Batch RL,-3.5533333333333332,40.666666666666664,1368,0,-3.5533333333333332,-5.16538470765062,0.0,0.0,0.9766834102633722,0.02331658973662775,0.0,100.0,79.14193654060364
taxi-M,0.0,random_mix,150,15,Imitation,-3.5533333333333332,35.333333333333336,1427,0,-612.66,-285.2917457976918,0.06722222222222222,4.833333333333333,0.9995842224444285,0.0,0.00041577755557159105,36.69444444444444,91.72415065765381
taxi-M,0.0,random_mix,150,15,BC,-3.5533333333333332,35.333333333333336,1427,0,-1291.8516666666667,-556.7083962990788,0.04,3.0,0.9997873829498843,0.0,0.00021261705011561051,6.583333333333333,91.72415065765381
taxi-M,0.0,random_mix,150,15,RECO,-3.5533333333333332,35.333333333333336,1427,0,-612.5436111111111,-285.3561421773594,0.0,0.0,0.9996718235613501,0.0003281764386499062,0.0,36.80555555555556,91.72415065765381
taxi-M,0.0,random_mix,150,15,RECO-greedy,-3.5533333333333332,35.333333333333336,1427,0,-3.9316666666666666,-5.519649282000887,0.0,0.0,0.9987967110100943,0.0012032889899057423,0.0,100.0,91.72415065765381
taxi-M,0.0,random_mix,150,15,In-data planning (POR-style),-3.5533333333333332,35.333333333333336,1427,0,-3.9033333333333333,-5.493528389000425,0.03833333333333333,2.9166666666666665,0.9984607147637532,0.0,0.001539285236246821,100.0,91.72415065765381
taxi-M,0.0,random_mix,150,15,Ours,-3.5533333333333332,35.333333333333336,1427,0,-3.5533333333333332,-5.16538470765062,0.0,0.0,0.9698615259299485,0.030138474070051588,0.0,100.0,91.72415065765381
taxi-M,0.0,random_mix,150,15,Ours w/o stitching,-3.5533333333333332,35.333333333333336,1427,0,-3.895,-5.485741847210205,0.0,0.0,0.998460199504586,0.0015398004954140724,0.0,100.0,91.72415065765381
taxi-M,0.0,random_mix,150,15,Ours w/o execution rule,-3.5533333333333332,35.333333333333336,1427,0,-3.5533333333333332,-5.16538470765062,0.0,0.0,0.9698615259299485,0.030138474070051588,0.0,100.0,91.72415065765381
taxi-M,0.0,random_mix,150,15,Factored Batch RL,-3.5533333333333332,35.333333333333336,1427,0,-3.5533333333333332,-5.16538470765062,0.0,0.0,0.9698615259299485,0.030138474070051588,0.0,100.0,91.72415065765381
taxi-M,0.0,random_mix,150,16,Imitation,-3.5533333333333332,36.0,1363,0,-585.6383333333333,-275.4515099080204,0.20777777777777778,8.694444444444445,0.9986605999724241,0.0,0.001339400027575883,41.80555555555556,81.74985027313232
taxi-M,0.0,random_mix,150,16,BC,-3.5533333333333332,36.0,1363,0,-1347.6175,-579.651030077216,0.19333333333333333,7.5,0.9989693286420016,0.0,0.001030671357998365,6.833333333333333,81.74985027313232
taxi-M,0.0,random_mix,150,16,RECO,-3.5533333333333332,36.0,1363,0,-597.7002777777777,-280.48645957914925,0.0,0.0,0.999266905991681,0.0007330940083189469,0.0,40.77777777777778,81.74985027313232
taxi-M,0.0,random_mix,150,16,RECO-greedy,-3.5533333333333332,36.0,1363,0,-4.293333333333333,-5.842222627402886,0.0,0.0,0.995980495519241,0.004019504480759093,0.0,100.0,81.74985027313232
taxi-M,0.0,random_mix,150,16,In-data planning (POR-style),-3.5533333333333332,36.0,1363,0,-4.105,-5.669312709672038,0.19333333333333333,7.5,0.9922990108212175,0.0,0.007700989178782447,100.0,81.74985027313232
taxi-M,0.0,random_mix,150,16,Ours,-3.5533333333333332,36.0,1363,0,-3.5533333333333332,-5.16538470765062,0.0,0.0,0.9567268531088786,0.04327314689112137,0.0,100.0,81.74985027313232
taxi-M,0.0,random_mix,150,16,Ours w/o stitching,-3.5533333333333332,36.0,1363,0,-4.096666666666667,-5.6614792613175196,0.0,0.0,0.9923296586532075,0.007670341346792403,0.0,100.0,81.74985027313232
taxi-M,0.0,random_mix,150,16,Ours w/o execution rule,-3.5533333333333332,36.0,1363,0,-3.5533333333333332,-5.16538470765062,0.0,0.0,0.9567268531088786,0.04327314689112137,0.0,100.0,81.74985027313232
taxi-M,0.0,random_mix,150,16,Factored Batch RL,-3.5533333333333332,36.0,1363,0,-3.5533333333333332,-5.16538470765062,0.0,0.0,0.9567268531088786,0.04327314689112137,0.0,100.0,81.74985027313232
taxi-M,0.0,random_mix,150,17,Imitation,-3.5533333333333332,46.666666666666664,1300,0,-516.2547222222222,-250.2100792423022,0.22,9.75,0.9984521001209785,0.0,0.0015478998790214615,51.77777777777778,67.14992904663086
taxi-M,0.0,random_mix,150,17,BC,-3.5533333333333332,46.666666666666664,1300,0,-1101.6458333333333,-474.26361676636935,0.22,9.75,0.998754852067936,0.0,0.0012451479320639742,13.0,67.14992904663086
taxi-M,0.0,random_mix,150,17,RECO,-3.5533333333333332,46.666666666666664,1300,0,-530.1330555555555,-255.68912836793623,0.0,0.0,0.9987727775558491,0.0012272224441508158,0.0,50.24999999999999,67.14992904663086
taxi-M,0.0,random_mix,150,17,RECO-greedy,-3.5533333333333332,46.666666666666664,1300,0,-18.796666666666667,-11.859975800421028,0.0,0.0,0.9932404557138776,0.0067595442861223065,0.0,99.25,67.14992904663086
taxi-M,0.0,random_mix,150,17,In-data planning (POR-style),-3.5533333333333332,46.666666666666664,1300,0,-10.505,-8.304549922112203,0.22,9.75,0.9913657770800628,0.0,0.008634222919937205,99.66666666666667,67.14992904663086
taxi-M,0.0,random_mix,150,17,Ours,-3.5533333333333332,46.666666666666664,1300,0,-3.5533333333333332,-5.16538470765062,0.0,0.0,0.9689451534075482,0.031054846592451807,0.0,100.0,67.14992904663086
taxi-M,0.0,random_mix,150,17,Ours w/o stitching,-3.5533333333333332,46.666666666666664,1300,0,-7.535833333333334,-7.023261788211329,0.0,0.0,0.9913911620294599,0.008608837970540097,0.0,99.66666666666667,67.14992904663086
taxi-M,0.0,random_mix,150,17,Ours w/o execution rule,-3.5533333333333332,46.666666666666664,1300,0,-3.5533333333333332,-5.16538470765062,0.0,0.0,0.9689451534075482,0.031054846592451807,0.0,100.0,67.14992904663086
taxi-M,0.0,random_mix,150,17,Factored Batch RL,-3.5533333333333332,46.666666666666664,1300,0,-3.5533333333333332,-5.16538470765062,0.0,0.0,0.9689451534075482,0.031054846592451807,0.0,100.0,67.14992904663086
taxi-M,0.0,random_mix,150,18,Imitation,-3.5533333333333332,37.333333333333336,1387,0,-597.3688888888889,-281.9346782304787,0.095,3.861111111111111,0.9993997556900353,0.0,0.0006002443099647576,42.16666666666667,78.6262776851654
taxi-M,0.0,random_mix,150,18,BC,-3.5533333333333332,37.333333333333336,1387,0,-1235.0075,-531.9293459623633,0.059166666666666666,3.25,0.9996967600304094,0.0,0.00030323996959058335,2.666666666666667,78.6262776851654
taxi-M,0.0,random_mix,150,18,RECO,-3.5533333333333332,37.333333333333336,1387,0,-597.0627777777778,-281.7639866574937,0.0,0.0,0.999722604567544,0.00027739543245596784,0.0,41.5,78.6262776851654
taxi-M,0.0,random_mix,150,18,RECO-greedy,-3.5533333333333332,37.333333333333336,1387,0,-3.77,-5.370238842668699,0.0,0.0,0.9984187861660611,0.0015812138339389046,0.0,100.0,78.6262776851654
taxi-M,0.0,random_mix,150,18,In-data planning (POR-style),-3.5533333333333332,37.333333333333336,1387,0,-3.765,-5.365248218713118,0.059166666666666666,3.25,0.9976108755636315,0.0,0.002389124436368531,100.0,78.6262776851654
taxi-M,0.0,random_mix,150,18,Ours,-3.5533333333333332,37.333333333333336,1387,0,-3.5533333333333332,-5.16538470765062,0.0,0.0,0.9821477056747216,0.017852294325278305,0.0,100.0,78.6262776851654
taxi-M,0.0,random_mix,150,18,Ours w/o stitching,-3.5533333333333332,37.333333333333336,1387,0,-3.7483333333333335,-5.350151927042956,0.0,0.0,0.9976092666172807,0.002390733382719375,0.0,100.0,78.6262776851654
taxi-M,0.0,random_mix,150,18,Ours w/o execution rule,-3.5533333333333332,37.333333333333336,1387,0,-3.5533333333333332,-5.16538470765062,0.0,0.0,0.9821477056747216,0.017852294325278305,0.0,100.0,78.6262776851654
taxi-M,0.0,random_mix,150,18,Factored Batch RL,-3.5533333333333332,37.333333333333336,1387,0,-3.5533333333333332,-5.16538470765062,0.0,0.0,0.9821477056747216,0.017852294325278305,0.0,100.0,78.6262776851654
taxi-M,0.0,random_mix,150,19,Imitation,-3.5533333333333332,36.666666666666664,1360,0,-574.15,-273.43684790324835,0.11944444444444445,5.944444444444445,0.9992283618301104,0.0,0.0007716381698896019,43.44444444444445,84.90114235877991
taxi-M,0.0,random_mix,150,19,BC,-3.5533333333333332,36.666666666666664,1360,0,-1255.1525,-540.0483764045803,0.0875,5.333333333333334,0.9995229007633588,0.0,0.00047709923664122136,9.166666666666666,84.90114235877991
taxi-M,0.0,random_mix,150,19,RECO,-3.5533333333333332,36.666666666666664,1360,0,-582.3855555555556,-276.53659316062925,0.0,0.0,0.9976877918942103,0.0023122081057896987,0.0,42.638888888888886,84.90114235877991
taxi-M,0.0,random_mix,150,19,RECO-greedy,-3.5533333333333332,36.666666666666664,1360,0,-3.99,-5.5558529270714825,0.0,0.0,0.9975656929438442,0.002434307056155796,0.0,100.0,84.90114235877991
taxi-M,0.0,random_mix,150,19,In-data planning (POR-style),-3.5533333333333332,36.666666666666664,1360,0,-3.915,-5.4874252732521125,0.0875,5.333333333333334,0.9964880594019667,0.0,0.0035119405980333133,100.0,84.90114235877991
taxi-M,0.0,random_mix,150,19,Ours,-3.5533333333333332,36.666666666666664,1360,0,-3.5533333333333332,-5.16538470765062,0.0,0.0,0.9753258213412979,0.024674178658702146,0.0,100.0,84.90114235877991
taxi-M,0.0,random_mix,150,19,Ours w/o stitching,-3.5533333333333332,36.666666666666664,1360,0,-3.9066666666666667,-5.479953765793584,0.0,0.0,0.9964868843683083,0.003513115631691649,0.0,100.0,84.90114235877991
taxi-M,0.0,random_mix,150,19,Ours w/o execution rule,-3.5533333333333332,36.666666666666664,1360,0,-3.5533333333333332,-5.16538470765062,0.0,0.0,0.9753258213412979,0.024674178658702146,0.0,100.0,84.90114235877991
taxi-M,0.0,random_mix,150,19,Factored Batch RL,-3.5533333333333332,36.666666666666664,1360,0,-3.5533333333333332,-5.16538470765062,0.0,0.0,0.9753258213412979,0.024674178658702146,0.0,100.0,84.90114235877991
taxi-M,0.0,random_mix,150,20,Imitation,-3.5533333333333332,40.0,1376,0,-571.3497222222222,-273.56619329076506,0.14027777777777778,7.916666666666666,0.9990718976110093,0.0,0.000928102388990684,48.16666666666667,91.99472975730896
taxi-M,0.0,random_mix,150,20,BC,-3.5533333333333332,40.0,1376,0,-1151.6066666666666,-496.0049729701025,0.09666666666666666,6.333333333333334,0.9994692047222477,0.0,0.0005307952777523565,9.916666666666666,91.99472975730896
taxi-M,0.0,random_mix,150,20,RECO,-3.5533333333333332,40.0,1376,0,-572.3286111111111,-274.29892729960784,0.0,0.0,0.9993437174271517,0.0006562825728482848,0.0,48.583333333333336,91.99472975730896
taxi-M,0.0,random_mix,150,20,RECO-greedy,-3.5533333333333332,40.0,1376,0,-22.116666666666667,-13.285808886235095,0.0,0.0,0.9970150191667191,0.0029849808332809654,0.0,99.08333333333333,91.99472975730896
taxi-M,0.0,random_mix,150,20,In-data planning (POR-style),-3.5533333333333332,40.0,1376,0,-17.139166666666668,-11.14814546636478,0.09666666666666666,6.333333333333334,0.9962915601023018,0.0,0.0037084398976982096,99.33333333333333,91.99472975730896
taxi-M,0.0,random_mix,150,20,Ours,-3.5533333333333332,40.0,1376,0,-3.5533333333333332,-5.16538470765062,0.0,0.0,0.9783803964159652,0.021619603584034756,0.0,100.0,91.99472975730896
taxi-M,0.0,random_mix,150,20,Ours w/o stitching,-3.5533333333333332,40.0,1376,0,-10.539166666666667,-8.334996401828471,0.0,0.0,0.9957829355998692,0.004217064400130761,0.0,99.66666666666667,91.99472975730896
taxi-M,0.0,random_mix,150,20,Ours w/o execution rule,-3.5533333333333332,40.0,1376,0,-3.5533333333333332,-5.16538470765062,0.0,0.0,0.9783803964159652,0.021619603584034756,0.0,100.0,91.99472975730896
taxi-M,0.0,random_mix,150,20,Factored Batch RL,-3.5533333333333332,40.0,1376,0,-3.5533333333333332,-5.16538470765062,0.0,0.0,0.9783803964159652,0.021619603584034756,0.0,100.0,91.99472975730896
taxi-M,0.0,random_mix,150,21,Imitation,-3.5533333333333332,42.666666666666664,1369,0,-572.4127777777778,-273.66076083280973,0.10083333333333333,5.25,0.9993433596110084,0.0,0.0006566403889915958,45.13888888888889,68.49732947349548
taxi-M,0.0,random_mix,150,21,BC,-3.5533333333333332,42.666666666666664,1369,0,-1185.5416666666667,-509.5735683931342,0.10083333333333333,5.25,0.9994583197167146,0.0,0.0005416802832853581,7.666666666666666,68.49732947349548
taxi-M,0.0,random_mix,150,21,RECO,-3.5533333333333332,42.666666666666664,1369,0,-568.4908333333333,-272.4851826770169,0.0,0.0,0.9996187446896582,0.0003812553103418226,0.0,45.83333333333333,68.49732947349548
taxi-M,0.0,random_mix,150,21,RECO-greedy,-3.5533333333333332,42.666666666666664,1369,0,-4.036666666666667,-5.591938698493156,0.0,0.0,0.9976700838769804,0.002329916123019571,0.0,100.0,68.49732947349548
taxi-M,0.0,random_mix,150,21,In-data planning (POR-style),-3.5533333333333332,42.666666666666664,1369,0,-3.973333333333333,-5.535261466767677,0.10083333333333333,5.25,0.9959623598505072,0.0,0.004037640149492793,100.0,68.49732947349548
taxi-M,0.0,random_mix,150,21,Ours,-3.5533333333333332,42.666666666666664,1369,0,-3.5533333333333332,-5.16538470765062,0.0,0.0,0.9705063806679337,0.02949361933206625,0.0,100.0,68.49732947349548
taxi-M,0.0,random_mix,150,21,Ours w/o stitching,-3.5533333333333332,42.666666666666664,1369,0,-3.966666666666667,-5.5296897389475586,0.0,0.0,0.9958611481975967,0.0041388518024032045,0.0,100.0,68.49732947349548
taxi-M,0.0,random_mix,150,21,Ours w/o execution rule,-3.5533333333333332,42.666666666666664,1369,0,-3.5533333333333332,-5.16538470765062,0.0,0.0,0.9705063806679337,0.02949361933206625,0.0,100.0,68.49732947349548
taxi-M,0.0,random_mix,150,21,Factored Batch RL,-3.5533333333333332,42.666666666666664,1369,0,-3.5533333333333332,-5.16538470765062,0.0,0.0,0.9705063806679337,0.02949361933206625,0.0,100.0,68.49732947349548
taxi-M,0.0,random_mix,150,22,Imitation,-3.5533333333333332,38.0,1401,0,-595.5630555555556,-280.4904334084082,0.12666666666666668,5.833333333333333,0.9991922527115332,0.0,0.0008077472884667504,41.638888888888886,69.90001726150513
taxi-M,0.0,random_mix,150,22,BC,-3.5533333333333332,38.0,1401,0,-1262.7266666666667,-542.7280028353794,0.12666666666666668,5.833333333333333,0.9993139586840645,0.0,0.0006860413159355663,8.583333333333334,69.90001726150513
taxi-M,0.0,random_mix,150,22,RECO,-3.5533333333333332,38.0,1401,0,-599.9788888888888,-283.01740750401217,0.0,0.0,0.9994128464955047,0.0005871535044953389,0.0,41.02777777777778,69.90001726150513
taxi-M,0.0,random_mix,150,22,RECO-greedy,-3.5533333333333332,38.0,1401,0,-5.7675,-6.407602980517944,0.0,0.0,0.9963366336633663,0.003663366336633663,0.0,99.91666666666667,69.90001726150513
taxi-M,0.0,random_mix,150,22,In-data planning (POR-style),-3.5533333333333332,38.0,1401,0,-5.739166666666667,-6.380265295318801,0.12666666666666668,5.833333333333333,0.9949778629485231,0.0,0.005022137051476905,99.91666666666667,69.90001726150513
taxi-M,0.0,random_mix,150,22,Ours,-3.5533333333333332,38.0,1401,0,-3.5533333333333332,-5.16538470765062,0.0,0.0,0.9666711919630736,0.03332880803692642,0.0,100.0,69.90001726150513
taxi-M,0.0,random_mix,150,22,Ours w/o stitching,-3.5533333333333332,38.0,1401,0,-5.714166666666666,-6.358557383110252,0.0,0.0,0.9946090752745073,0.00539092472549279,0.0,99.91666666666667,69.90001726150513
taxi-M,0.0,random_mix,150,22,Ours w/o execution rule,-3.5533333333333332,38.0,1401,0,-3.5533333333333332,-5.16538470765062,0.0,0.0,0.9666711919630736,0.03332880803692642,0.0,100.0,69.90001726150513
taxi-M,0.0,random_mix,150,22,Factored Batch RL,-3.5533333333333332,38.0,1401,0,-3.5533333333333332,-5.16538470765062,0.0,0.0,0.9666711919630736,0.03332880803692642,0.0,100.0,69.90001726150513
taxi-M,0.0,random_mix,150,23,Imitation,-3.5533333333333332,47.333333333333336,1312,0,-509.95416666666665,-248.03114314631318,0.14972222222222223,7.388888888888889,0.9989146303400087,0.0,0.0010853696599913412,54.388888888888886,68.90765929222107
taxi-M,0.0,random_mix,150,23,BC,-3.5533333333333332,47.333333333333336,1312,0,-1149.1925,-494.51526881494976,0.145,6.916666666666667,0.9991928750347898,0.0,0.0008071249652101308,11.416666666666666,68.90765929222107
taxi-M,0.0,random_mix,150,23,RECO,-3.5533333333333332,47.333333333333336,1312,0,-514.805,-248.9494276493839,0.0,0.0,0.9992694140700842,0.0007305859299157924,0.0,53.5,68.90765929222107
taxi-M,0.0,random_mix,150,23,RECO-greedy,-3.5533333333333332,47.333333333333336,1312,0,-8.773333333333333,-7.525956612506561,0.0,0.0,0.9961694680183601,0.003830531981639864,0.0,99.75,68.90765929222107
taxi-M,0.0,random_mix,150,23,In-data planning (POR-style),-3.5533333333333332,47.333333333333336,1312,0,-7.055,-6.7596363825481935,0.145,6.916666666666667,0.9942063729897113,0.0,0.005793627010288682,99.83333333333333,68.90765929222107
taxi-M,0.0,random_mix,150,23,Ours,-3.5533333333333332,47.333333333333336,1312,0,-3.5533333333333332,-5.16538470765062,0.0,0.0,0.9721694270974749,0.027830572902525115,0.0,100.0,68.90765929222107
taxi-M,0.0,random_mix,150,23,Ours w/o stitching,-3.5533333333333332,47.333333333333336,1312,0,-5.39,-6.041527423471325,0.0,0.0,0.9941702683686803,0.00582973163131973,0.0,99.91666666666667,68.90765929222107
taxi-M,0.0,random_mix,150,23,Ours w/o execution rule,-3.5533333333333332,47.333333333333336,1312,0,-3.5533333333333332,-5.16538470765062,0.0,0.0,0.9721694270974749,0.027830572902525115,0.0,100.0,68.90765929222107
taxi-M,0.0,random_mix,150,23,Factored Batch RL,-3.5533333333333332,47.333333333333336,1312,0,-3.5533333333333332,-5.16538470765062,0.0,0.0,0.9721694270974749,0.027830572902525115,0.0,100.0,68.90765929222107
taxi-M,0.0,random_mix,150,24,Imitation,-3.5533333333333332,38.666666666666664,1320,0,-582.5747222222222,-272.7256625505051,0.11666666666666667,6.083333333333334,0.9992430577582976,0.0,0.0007569422417024712,42.72222222222222,69.62857294082642
taxi-M,0.0,random_mix,150,24,BC,-3.5533333333333332,38.666666666666664,1320,0,-1228.8466666666666,-528.7816227522036,0.11666666666666667,6.083333333333334,0.9993510105692565,0.0,0.0006489894307435565,11.166666666666666,69.62857294082642
taxi-M,0.0,random_mix,150,24,RECO,-3.5533333333333332,38.666666666666664,1320,0,-593.2236111111112,-276.53518773090195,0.0,0.0,0.9995461761334918,0.00045382386650815457,0.0,40.33333333333333,69.62857294082642
taxi-M,0.0,random_mix,150,24,RECO-greedy,-3.5533333333333332,38.666666666666664,1320,0,-3.87,-5.461160217477198,0.0,0.0,0.9971518563195282,0.0028481436804717866,0.0,100.0,69.62857294082642
taxi-M,0.0,random_mix,150,24,In-data planning (POR-style),-3.5533333333333332,38.666666666666664,1320,0,-3.7616666666666667,-5.361579902986289,0.11666666666666667,6.083333333333334,0.9952884162347715,0.0,0.004711583765228512,100.0,69.62857294082642
taxi-M,0.0,random_mix,150,24,Ours,-3.5533333333333332,38.666666666666664,1320,0,-3.5533333333333332,-5.16538470765062,0.0,0.0,0.9638881346728211,0.03611186532717893,0.0,100.0,69.62857294082642
taxi-M,0.0,random_mix,150,24,Ours w/o stitching,-3.5533333333333332,38.666666666666664,1320,0,-3.7533333333333334,-5.354001820889693,0.0,0.0,0.995253164556962,0.004746835443037975,0.0,100.0,69.62857294082642
taxi-M,0.0,random_mix,150,24,Ours w/o execution rule,-3.5533333333333332,38.666666666666664,1320,0,-3.5533333333333332,-5.16538470765062,0.0,0.0,0.9638881346728211,0.03611186532717893,0.0,100.0,69.62857294082642
taxi-M,0.0,random_mix,150,24,Factored Batch RL,-3.5533333333333332,38.666666666666664,1320,0,-3.5533333333333332,-5.16538470765062,0.0,0.0,0.9638881346728211,0.03611186532717893,0.0,100.0,69.62857294082642
taxi-M,0.0,random_mix,150,25,Imitation,-3.5533333333333332,42.666666666666664,1362,0,-537.8922222222222,-257.7320516901964,0.08833333333333333,5.25,0.9994022837272685,0.0,0.0005977162727315446,47.66666666666667,84.87803220748901
taxi-M,0.0,random_mix,150,25,BC,-3.5533333333333332,42.666666666666664,1362,0,-1103.5616666666667,-475.43686759082027,0.08833333333333333,5.25,0.9995173877015817,0.0,0.0004826122984183065,9.416666666666666,84.87803220748901
taxi-M,0.0,random_mix,150,25,RECO,-3.5533333333333332,42.666666666666664,1362,0,-542.4344444444445,-259.65199362051413,0.0,0.0,0.9995741493727108,0.0004258506272891806,0.0,46.75,84.87803220748901
taxi-M,0.0,random_mix,150,25,RECO-greedy,-3.5533333333333332,42.666666666666664,1362,0,-4.081666666666667,-5.574228500720569,0.0,0.0,0.9974731522425774,0.002526847757422615,0.0,99.91666666666667,84.87803220748901
taxi-M,0.0,random_mix,150,25,In-data planning (POR-style),-3.5533333333333332,42.666666666666664,1362,0,-4.011666666666667,-5.508790073519056,0.08833333333333333,5.25,0.9964658420298069,0.0,0.003534157970193045,99.91666666666667,84.87803220748901
taxi-M,0.0,random_mix,150,25,Ours,-3.5533333333333332,42.666666666666664,1362,0,-3.5533333333333332,-5.16538470765062,0.0,0.0,0.971422753190334,0.028577246809666033,0.0,100.0,84.87803220748901
taxi-M,0.0,random_mix,150,25,Ours w/o stitching,-3.5533333333333332,42.666666666666664,1362,0,-4.006666666666667,-5.50428333280309,0.0,0.0,0.9964984826758262,0.0035015173241738085,0.0,99.91666666666667,84.87803220748901
taxi-M,0.0,random_mix,150,25,Ours w/o execution rule,-3.5533333333333332,42.666666666666664,1362,0,-3.5533333333333332,-5.16538470765062,0.0,0.0,0.971422753190334,0.028577246809666033,0.0,100.0,84.87803220748901
taxi-M,0.0,random_mix,150,25,Factored Batch RL,-3.5533333333333332,42.666666666666664,1362,0,-3.5533333333333332,-5.16538470765062,0.0,0.0,0.971422753190334,0.028577246809666033,0.0,100.0,84.87803220748901
taxi-M,0.0,random_mix,150,26,Imitation,-3.5533333333333332,48.0,1409,0,-540.4825,-261.59472192535657,0.051666666666666666,3.5000000000000004,0.9996441812150637,0.0,0.0003558187849362396,52.83333333333333,82.69930791854858
taxi-M,0.0,random_mix,150,26,BC,-3.5533333333333332,48.0,1409,0,-1230.57,-529.5474691630096,0.051666666666666666,3.5000000000000004,0.9997150447195948,0.0,0.00028495528040518804,10.333333333333334,82.69930791854858
taxi-M,0.0,random_mix,150,26,RECO,-3.5533333333333332,48.0,1409,0,-540.2275,-262.0632938768114,0.0,0.0,0.9997359811743098,0.0002640188256901797,0.0,52.888888888888886,82.69930791854858
taxi-M,0.0,random_mix,150,26,RECO-greedy,-3.5533333333333332,48.0,1409,0,-9.443333333333333,-7.821209278132389,0.0,0.0,0.9985162726187788,0.001483727381221172,0.0,99.41666666666666,82.69930791854858
taxi-M,0.0,random_mix,150,26,In-data planning (POR-style),-3.5533333333333332,48.0,1409,0,-9.423333333333334,-7.802265024997841,0.051666666666666666,3.5000000000000004,0.9979986442428742,0.0,0.002001355757125795,99.41666666666666,82.69930791854858
taxi-M,0.0,random_mix,150,26,Ours,-3.5533333333333332,48.0,1409,0,-3.5533333333333332,-5.16538470765062,0.0,0.0,0.9774300841705131,0.022569915829486833,0.0,100.0,82.69930791854858
taxi-M,0.0,random_mix,150,26,Ours w/o stitching,-3.5533333333333332,48.0,1409,0,-8.311666666666667,-7.392816654908552,0.0,0.0,0.9976693802521008,0.0023306197478991596,0.0,99.66666666666667,82.69930791854858
taxi-M,0.0,random_mix,150,26,Ours w/o execution rule,-3.5533333333333332,48.0,1409,0,-3.5533333333333332,-5.16538470765062,0.0,0.0,0.9774300841705131,0.022569915829486833,0.0,100.0,82.69930791854858
taxi-M,0.0,random_mix,150,26,Factored Batch RL,-3.5533333333333332,48.0,1409,0,-3.5533333333333332,-5.16538470765062,0.0,0.0,0.9774300841705131,0.022569915829486833,0.0,100.0,82.69930791854858
taxi-M,0.0,random_mix,150,27,Imitation,-3.5533333333333332,37.333333333333336,1380,0,-601.5583333333333,-280.31316610454917,0.03333333333333333,2.75,0.9997900692246732,0.0,0.00020993077532683598,37.97222222222222,62.85219359397888
taxi-M,0.0,random_mix,150,27,BC,-3.5533333333333332,37.333333333333336,1380,0,-1254.7891666666667,-540.6095856879039,0.03333333333333333,2.75,0.9998153474007838,0.0,0.00018465259921614973,10.75,62.85219359397888
taxi-M,0.0,random_mix,150,27,RECO,-3.5533333333333332,37.333333333333336,1380,0,-608.7605555555556,-282.4836962426731,0.0,0.0,0.9998227631229137,0.00017723687708622575,0.0,36.611111111111114,62.85219359397888
taxi-M,0.0,random_mix,150,27,RECO-greedy,-3.5533333333333332,37.333333333333336,1380,0,-3.9766666666666666,-5.564601825341905,0.0,0.0,0.9988656079007073,0.0011343920992926732,0.0,100.0,62.85219359397888
taxi-M,0.0,random_mix,150,27,In-data planning (POR-style),-3.5533333333333332,37.333333333333336,1380,0,-3.933333333333333,-5.523922460481841,0.03333333333333333,2.75,0.9986631016042781,0.0,0.001336898395721925,100.0,62.85219359397888
taxi-M,0.0,random_mix,150,27,Ours,-3.5533333333333332,37.333333333333336,1380,0,-3.5533333333333332,-5.16538470765062,0.0,0.0,0.9698275862068966,0.03017241379310345,0.0,100.0,62.85219359397888
taxi-M,0.0,random_mix,150,27,Ours w/o stitching,-3.5533333333333332,37.333333333333336,1380,0,-3.933333333333333,-5.523922460481841,0.0,0.0,0.9986631016042781,0.001336898395721925,0.0,100.0,62.85219359397888
taxi-M,0.0,random_mix,150,27,Ours w/o execution rule,-3.5533333333333332,37.333333333333336,1380,0,-3.5533333333333332,-5.16538470765062,0.0,0.0,0.9698275862068966,0.03017241379310345,0.0,100.0,62.85219359397888
taxi-M,0.0,random_mix,150,27,Factored Batch RL,-3.5533333333333332,37.333333333333336,1380,0,-3.5533333333333332,-5.16538470765062,0.0,0.0,0.9698275862068966,0.03017241379310345,0.0,100.0,62.85219359397888
taxi-M,0.0,random_mix,150,28,Imitation,-3.5533333333333332,36.666666666666664,1402,0,-618.2577777777777,-287.33360298840154,0.07472222222222222,4.111111111111112,0.9995399830016024,0.0,0.00046001699839763594,37.02777777777778,101.83665108680725
taxi-M,0.0,random_mix,150,28,BC,-3.5533333333333332,36.666666666666664,1402,0,-1248.8166666666666,-537.6791882643248,0.0675,3.75,0.9996431529420058,0.0,0.0003568470579942552,6.0,101.83665108680725
taxi-M,0.0,random_mix,150,28,RECO,-3.5533333333333332,36.666666666666664,1402,0,-618.4172222222222,-286.951704827509,0.0,0.0,0.9995690421791417,0.00043095782085835854,0.0,36.72222222222222,101.83665108680725
taxi-M,0.0,random_mix,150,28,RECO-greedy,-3.5533333333333332,36.666666666666664,1402,0,-9.113333333333333,-7.840217368318326,0.0,0.0,0.9978495324362191,0.002150467563780913,0.0,99.75,101.83665108680725
taxi-M,0.0,random_mix,150,28,In-data planning (POR-style),-3.5533333333333332,36.666666666666664,1402,0,-9.071666666666667,-7.800212222053375,0.0675,3.75,0.9973564831435006,0.0,0.0026435168564994615,99.75,101.83665108680725
taxi-M,0.0,random_mix,150,28,Ours,-3.5533333333333332,36.666666666666664,1402,0,-3.5533333333333332,-5.16538470765062,0.0,0.0,0.9728142818354603,0.02718571816453978,0.0,100.0,101.83665108680725
taxi-M,0.0,random_mix,150,28,Ours w/o stitching,-3.5533333333333332,36.666666666666664,1402,0,-6.135833333333333,-6.529724942501765,0.0,0.0,0.9972414699024662,0.0027585300975337427,0.0,99.83333333333333,101.83665108680725
taxi-M,0.0,random_mix,150,28,Ours w/o execution rule,-3.5533333333333332,36.666666666666664,1402,0,-3.5533333333333332,-5.16538470765062,0.0,0.0,0.9728142818354603,0.02718571816453978,0.0,100.0,101.83665108680725
taxi-M,0.0,random_mix,150,28,Factored Batch RL,-3.5533333333333332,36.666666666666664,1402,0,-3.5533333333333332,-5.16538470765062,0.0,0.0,0.9728142818354603,0.02718571816453978,0.0,100.0,101.83665108680725
taxi-M,0.0,random_mix,150,29,Imitation,-3.5533333333333332,44.666666666666664,1380,0,-519.7530555555555,-252.73677535414308,0.1475,6.833333333333333,0.9989588827301977,0.0,0.0010411172698023053,51.97222222222222,76.94455337524414
taxi-M,0.0,random_mix,150,29,BC,-3.5533333333333332,44.666666666666664,1380,0,-1125.3408333333334,-484.49084482926116,0.1475,6.833333333333333,0.999150973262853,0.0,0.0008490267371470783,14.583333333333334,76.94455337524414
taxi-M,0.0,random_mix,150,29,RECO,-3.5533333333333332,44.666666666666664,1380,0,-514.4336111111111,-250.98508510474582,0.0,0.0,0.9994320613216012,0.0005679386783988073,0.0,53.80555555555555,76.94455337524414
taxi-M,0.0,random_mix,150,29,RECO-greedy,-3.5533333333333332,44.666666666666664,1380,0,-3.985,-5.574238851629435,0.0,0.0,0.9967980788473084,0.003201921152691615,0.0,100.0,76.94455337524414
taxi-M,0.0,random_mix,150,29,In-data planning (POR-style),-3.5533333333333332,44.666666666666664,1380,0,-3.9266666666666667,-5.519195665770711,0.1475,6.833333333333333,0.9940826424177588,0.0,0.005917357582241241,100.0,76.94606447219849
taxi-M,0.0,random_mix,150,29,Ours,-3.5533333333333332,44.666666666666664,1380,0,-3.5533333333333332,-5.16538470765062,0.0,0.0,0.9724748846049416,0.027525115395058378,0.0,100.0,76.94606447219849
taxi-M,0.0,random_mix,150,29,Ours w/o stitching,-3.5533333333333332,44.666666666666664,1380,0,-3.92,-5.5128299941670535,0.0,0.0,0.9941144997324772,0.005885500267522739,0.0,100.0,76.94606447219849
taxi-M,0.0,random_mix,150,29,Ours w/o execution rule,-3.5533333333333332,44.666666666666664,1380,0,-3.5533333333333332,-5.16538470765062,0.0,0.0,0.9724748846049416,0.027525115395058378,0.0,100.0,76.94606447219849
taxi-M,0.0,random_mix,150,29,Factored Batch RL,-3.5533333333333332,44.666666666666664,1380,0,-3.5533333333333332,-5.16538470765062,0.0,0.0,0.9724748846049416,0.027525115395058378,0.0,100.0,76.94606447219849
taxi-M,0.25,drivers,50,0,Imitation,-4.053333333333334,100.0,474,0,-13.795277777777779,-14.206213399180342,3.45,76.83333333333333,0.8790334362490626,0.0,0.12096656375093744,100.0,12.664345502853394
taxi-M,0.25,drivers,50,0,BC,-4.053333333333334,100.0,474,0,-241.30083333333334,-99.52911602194561,3.45,76.83333333333333,0.9301312991527998,0.0,0.06986870084720019,86.33333333333333,12.664345502853394
taxi-M,0.25,drivers,50,0,RECO,-4.053333333333334,100.0,474,0,-16.949166666666667,-16.771677739752846,0.03,3.0,0.8392705231816249,0.1597724372607401,0.0009570395576350489,100.0,12.664345502853394
taxi-M,0.25,drivers,50,0,RECO-greedy,-4.053333333333334,100.0,474,0,-6.921666666666667,-8.181563808445624,0.03,3.0,0.8195547066197099,0.1793708589506357,0.0010744344296543902,100.0,12.664345502853394
taxi-M,0.25,drivers,50,0,In-data planning (POR-style),-4.053333333333334,100.0,474,0,-4.201666666666667,-5.772865529479002,3.45,76.83333333333333,0.8631042920441769,0.0,0.13689570795582304,100.0,12.664345502853394
taxi-M,0.25,drivers,50,0,Ours,-4.053333333333334,100.0,474,0,-8.638333333333334,-9.604087803544635,0.03,3.0,0.7148400157453748,0.2841477815891582,0.001012202665467019,100.0,12.664345502853394
taxi-M,0.25,drivers,50,0,Ours w/o stitching,-4.053333333333334,100.0,474,0,-7.3675,-8.54197660757257,0.03,3.0,0.7818219206251286,0.21712053112423255,0.0010575482506389353,100.0,12.664345502853394
taxi-M,0.25,drivers,50,0,Ours w/o execution rule,-4.053333333333334,100.0,474,0,-70.0775,-32.58690462041926,0.03,3.0,0.16015884834946637,0.8394837428642343,0.0003574087862993299,66.0,12.664345502853394
taxi-M,0.25,drivers,50,0,Factored Batch RL,-4.053333333333334,100.0,474,0,-4.333333333333333,-5.899391817434443,1.715,42.25,0.8345723684210526,0.09773026315789474,0.06769736842105263,100.0,12.664345502853394
taxi-M,0.25,drivers,50,1,Imitation,-3.638333333333333,100.0,612,0,-15.573055555555555,-15.671556213276736,2.1825,66.0,0.9261310217742845,0.0,0.07386897822571546,100.0,11.262290239334106
taxi-M,0.25,drivers,50,1,BC,-3.638333333333333,100.0,612,0,-258.6141666666667,-112.98836878053191,2.1825,66.0,0.964129675537233,0.0,0.0358703244627669,79.91666666666667,11.262290239334106
taxi-M,0.25,drivers,50,1,RECO,-3.638333333333333,100.0,612,0,-17.36611111111111,-17.212069005193275,0.01,1.0,0.9322704495475684,0.06740509751613252,0.0003244529362990735,100.0,11.262290239334106
taxi-M,0.25,drivers,50,1,RECO-greedy,-3.638333333333333,100.0,612,0,-4.9816666666666665,-6.479856123081911,0.01,1.0,0.9196548848547053,0.07996022836615563,0.0003848867791391366,100.0,11.262290239334106
taxi-M,0.25,drivers,50,1,In-data planning (POR-style),-3.638333333333333,100.0,612,0,-3.861666666666667,-5.447480445311813,2.1825,66.0,0.9122142521954817,0.0,0.08778574780451834,100.0,11.262290239334106
taxi-M,0.25,drivers,50,1,Ours,-3.638333333333333,100.0,612,0,-4.473333333333334,-6.002696910257374,0.01,1.0,0.8759487045276105,0.12365872808165401,0.0003925673907354096,100.0,11.262290239334106
taxi-M,0.25,drivers,50,1,Ours w/o stitching,-3.638333333333333,100.0,612,0,-4.345833333333333,-5.899737677903401,0.01,1.0,0.8956764754233109,0.10392898240999507,0.0003945421666940654,100.0,11.262290239334106
taxi-M,0.25,drivers,50,1,Ours w/o execution rule,-3.638333333333333,100.0,612,0,-30.585,-16.37345955660415,0.01,1.0,0.387785136129507,0.6120095145199104,0.0002053493505826788,86.25,11.262290239334106
taxi-M,0.25,drivers,50,1,Factored Batch RL,-3.638333333333333,100.0,612,0,-4.308333333333334,-5.869029129821751,0.4375,20.5,0.8921633190648667,0.09054988475469213,0.017286796180441225,100.0,11.262290239334106
taxi-M,0.25,drivers,50,2,Imitation,-4.053333333333334,100.0,513,0,-14.610833333333334,-14.821240732218591,2.815,73.0,0.9042462724644255,0.0,0.09575372753557458,100.0,14.746835470199585
taxi-M,0.25,drivers,50,2,BC,-4.053333333333334,100.0,513,0,-74.7025,-35.98269741500637,2.815,73.0,0.945032950939712,0.0,0.054967049060288015,85.75,14.746835470199585
taxi-M,0.25,drivers,50,2,RECO,-4.053333333333334,100.0,513,0,-16.56277777777778,-16.49816495485114,0.02,2.0,0.9068178540524949,0.09253316988751081,0.0006489760599942314,100.0,14.746835470199585
taxi-M,0.25,drivers,50,2,RECO-greedy,-4.053333333333334,100.0,513,0,-6.071666666666666,-7.495209364701565,0.02,2.0,0.8939235362925568,0.10533768392538324,0.0007387797820599643,100.0,14.746835470199585
taxi-M,0.25,drivers,50,2,In-data planning (POR-style),-4.053333333333334,100.0,513,0,-4.795,-6.324368465246607,2.815,73.0,0.8908703237061446,0.0,0.1091296762938554,100.0,14.746835470199585
taxi-M,0.25,drivers,50,2,Ours,-4.053333333333334,100.0,513,0,-5.745833333333334,-7.164375306262615,0.02,2.0,0.7853248169496806,0.2139274030222776,0.0007477800280417511,100.0,14.746835470199585
taxi-M,0.25,drivers,50,2,Ours w/o stitching,-4.053333333333334,100.0,513,0,-5.640833333333333,-7.095356195866727,0.02,2.0,0.8659013419249898,0.13334793080797022,0.0007507272670399449,100.0,14.746835470199585
taxi-M,0.25,drivers,50,2,Ours w/o execution rule,-4.053333333333334,100.0,513,0,-59.975,-28.51461148044424,0.02,2.0,0.19531832082290798,0.8044147901028635,0.00026688907422852374,71.25,14.746835470199585
taxi-M,0.25,drivers,50,2,Factored Batch RL,-4.053333333333334,100.0,513,0,-6.7316666666666665,-8.041155744245104,0.405,19.0,0.8041949636396418,0.18120079331690606,0.01460424304345213,100.0,14.746835470199585
taxi-M,0.25,drivers,50,3,Imitation,-4.053333333333334,100.0,475,0,-15.686666666666667,-15.646500253870245,3.5933333333333333,76.16666666666667,0.8782711797419755,0.0,0.12172882025802445,100.0,11.542131662368774
taxi-M,0.25,drivers,50,3,BC,-4.053333333333334,100.0,475,0,-142.7675,-64.14706706928881,3.5933333333333333,76.16666666666667,0.9318250090910528,0.0,0.06817499090894717,85.0,11.542131662368774
taxi-M,0.25,drivers,50,3,RECO,-4.053333333333334,100.0,475,0,-17.18166666666667,-16.8941393611562,0.03,3.0,0.8628279532507823,0.13620924821481106,0.0009627985344066754,100.0,11.542131662368774
taxi-M,0.25,drivers,50,3,RECO-greedy,-4.053333333333334,100.0,475,0,-5.6258333333333335,-7.064866438472111,0.03,3.0,0.8394729429438829,0.15940033175800444,0.001126725298112735,100.0,11.542131662368774
taxi-M,0.25,drivers,50,3,In-data planning (POR-style),-4.053333333333334,100.0,475,0,-4.145,-5.721455036821646,3.5933333333333333,76.16666666666667,0.857095512693047,0.0,0.14290448730695302,100.0,11.542131662368774
taxi-M,0.25,drivers,50,3,Ours,-4.053333333333334,100.0,475,0,-5.493333333333333,-6.9254814500562425,0.03,3.0,0.8152679919476598,0.18359964771011575,0.001132360342224459,100.0,11.542131662368774
taxi-M,0.25,drivers,50,3,Ours w/o stitching,-4.053333333333334,100.0,475,0,-5.36,-6.8057769360965485,0.03,3.0,0.8224898836621143,0.17637202832574608,0.0011380880121396055,100.0,11.542131662368774
taxi-M,0.25,drivers,50,3,Ours w/o execution rule,-4.053333333333334,100.0,475,0,-59.11333333333334,-27.967330628952233,0.03,3.0,0.2030600085437417,0.7965352879016121,0.00040470355464622166,71.5,11.542131662368774
taxi-M,0.25,drivers,50,3,Factored Batch RL,-4.053333333333334,100.0,475,0,-4.523333333333333,-6.075883524375962,1.425,40.0,0.8474598406686692,0.09670889382264594,0.05583126550868486,100.0,11.542131662368774
taxi-M,0.25,drivers,50,4,Imitation,-4.053333333333334,100.0,478,1,-11.414444444444445,-12.071168485989181,3.5683333333333334,76.16666666666667,0.871985490493084,0.0,0.12801450950691592,100.0,10.27866244316101
taxi-M,0.25,drivers,50,4,BC,-4.053333333333334,100.0,478,1,-28.495833333333334,-16.559867398167736,3.5683333333333334,76.16666666666667,0.8742363721804511,0.0,0.12576362781954886,98.66666666666667,10.27866244316101
taxi-M,0.25,drivers,50,4,RECO,-4.053333333333334,100.0,478,1,-13.639166666666666,-14.01998894492986,0.01,1.0,0.8916461504028648,0.10801812891674127,0.0003357206803939123,100.0,10.27866244316101
taxi-M,0.25,drivers,50,4,RECO-greedy,-4.053333333333334,100.0,478,1,-5.926666666666667,-7.352807093578682,0.01,1.0,0.8801374102500619,0.11949121069571676,0.0003713790542213419,100.0,10.27866244316101
taxi-M,0.25,drivers,50,4,In-data planning (POR-style),-4.053333333333334,100.0,478,1,-4.1883333333333335,-5.761332026727145,3.5683333333333334,76.16666666666667,0.8583338847349964,0.0,0.14166611526500364,100.0,10.27866244316101
taxi-M,0.25,drivers,50,4,Ours,-4.053333333333334,100.0,478,1,-6.170833333333333,-7.519893953539019,0.01,1.0,0.8138322343198896,0.18579972396871647,0.000368041711393958,100.0,10.27866244316101
taxi-M,0.25,drivers,50,4,Ours w/o stitching,-4.053333333333334,100.0,478,1,-5.305,-6.775752474913567,0.01,1.0,0.8418868402711779,0.15773300386491795,0.00038015586390420075,100.0,10.27866244316101
taxi-M,0.25,drivers,50,4,Ours w/o execution rule,-4.053333333333334,100.0,478,1,-40.88333333333333,-20.884279372821116,0.01,1.0,0.29928812828072193,0.7005392967570289,0.000172574962249227,81.25,10.27866244316101
taxi-M,0.25,drivers,50,4,Factored Batch RL,-4.053333333333334,100.0,478,1,-5.238333333333333,-6.73464055698766,0.765,26.25,0.8570475767007559,0.1137966080162612,0.029155815282982913,100.0,10.27866244316101
taxi-M,0.25,drivers,50,5,Imitation,-3.638333333333333,100.0,581,1,-17.863611111111112,-17.366105428045152,3.0591666666666666,68.5,0.8956044476884722,0.0,0.10439555231152778,100.0,15.6262845993042
taxi-M,0.25,drivers,50,5,BC,-3.638333333333333,100.0,581,1,-356.98333333333335,-149.92596952951055,3.0591666666666666,68.5,0.957362540360984,0.0,0.042637459639016,73.16666666666667,15.6262845993042
taxi-M,0.25,drivers,50,5,RECO,-3.638333333333333,100.0,581,1,-19.80666666666667,-19.09890422019505,0.855,8.333333333333332,0.9114430587912841,0.06043579553241058,0.02812114567630533,100.0,15.6262845993042
taxi-M,0.25,drivers,50,5,RECO-greedy,-3.638333333333333,100.0,581,1,-5.600833333333333,-7.019399569566602,0.855,8.333333333333332,0.8987813664985432,0.06907678330879359,0.032141850192663135,100.0,15.6262845993042
taxi-M,0.25,drivers,50,5,In-data planning (POR-style),-3.638333333333333,100.0,581,1,-4.666666666666667,-6.144644731984146,3.0591666666666666,68.5,0.8808116883116883,0.0,0.11918831168831169,100.0,15.6262845993042
taxi-M,0.25,drivers,50,5,Ours,-3.638333333333333,100.0,581,1,-4.266666666666667,-5.810578014540424,0.855,8.333333333333332,0.8278693931398416,0.13829155672823218,0.03383905013192612,100.0,15.6262845993042
taxi-M,0.25,drivers,50,5,Ours w/o stitching,-3.638333333333333,100.0,581,1,-4.805,-6.291624606446446,0.855,8.333333333333332,0.868145708196086,0.09872117806626622,0.03313311373764774,100.0,15.6262845993042
taxi-M,0.25,drivers,50,5,Ours w/o execution rule,-3.638333333333333,100.0,581,1,-18.886666666666667,-11.491981030981362,0.855,8.333333333333332,0.500631945957725,0.47701024188276314,0.022357812159511877,92.16666666666666,15.6262845993042
taxi-M,0.25,drivers,50,5,Factored Batch RL,-3.638333333333333,100.0,581,1,-4.881666666666667,-6.404277273919937,0.165,12.5,0.8467705583102583,0.1468542726511688,0.006375169038572993,100.0,15.6262845993042
taxi-M,0.25,drivers,50,6,Imitation,-3.638333333333333,100.0,519,0,-13.65638888888889,-13.915456763978284,2.9366666666666665,71.91666666666666,0.8989408480862616,0.0,0.10105915191373839,100.0,12.398928880691528
taxi-M,0.25,drivers,50,6,BC,-3.638333333333333,100.0,519,0,-195.7775,-86.54902263084094,2.9366666666666665,71.91666666666666,0.9402813082528385,0.0,0.0597186917471615,87.25,12.398928880691528
taxi-M,0.25,drivers,50,6,RECO,-3.638333333333333,100.0,519,0,-16.845277777777778,-16.649268489057334,0.03,3.0,0.91566435796149,0.08337909411368749,0.0009565479248224186,100.0,12.398928880691528
taxi-M,0.25,drivers,50,6,RECO-greedy,-3.638333333333333,100.0,519,0,-6.395833333333333,-7.742151667916698,0.03,3.0,0.9034524714828898,0.09545247148288974,0.0010950570342205324,100.0,12.398928880691528
taxi-M,0.25,drivers,50,6,In-data planning (POR-style),-3.638333333333333,100.0,519,0,-4.336666666666667,-5.877474407322483,2.9366666666666665,71.91666666666666,0.8840941981318248,0.0,0.11590580186817524,100.0,12.398928880691528
taxi-M,0.25,drivers,50,6,Ours,-3.638333333333333,100.0,519,0,-4.593333333333334,-6.10951866465374,0.03,3.0,0.8021294607970826,0.19669835894764262,0.0011721802552748112,100.0,12.398928880691528
taxi-M,0.25,drivers,50,6,Ours w/o stitching,-3.638333333333333,100.0,519,0,-5.0225,-6.497360830936175,0.03,3.0,0.8572709514202453,0.14157620008326127,0.0011528484964934192,100.0,12.398928880691528
taxi-M,0.25,drivers,50,6,Ours w/o execution rule,-3.638333333333333,100.0,519,0,-25.551666666666666,-14.464452783906964,0.03,3.0,0.40553776605763797,0.593784140139386,0.0006780938029760784,89.0,12.398928880691528
taxi-M,0.25,drivers,50,6,Factored Batch RL,-3.638333333333333,100.0,519,0,-4.373333333333333,-5.931073530302984,0.375,19.5,0.8224513925380977,0.16276931161324226,0.01477929584866001,100.0,12.398928880691528
taxi-M,0.25,drivers,50,7,Imitation,-3.8233333333333333,100.0,421,0,-14.365555555555556,-14.66933609834706,3.6966666666666668,79.5,0.8738147614351817,0.0,0.12618523856481834,100.0,12.233725786209106
taxi-M,0.25,drivers,50,7,BC,-3.8233333333333333,100.0,421,0,-162.5575,-72.67452033034388,3.6966666666666668,79.5,0.9431172661409245,0.0,0.05688273385907546,78.16666666666666,12.233725786209106
taxi-M,0.25,drivers,50,7,RECO,-3.8233333333333333,100.0,421,0,-16.86611111111111,-16.74988893978522,0.13,7.000000000000001,0.868628040158371,0.12723593042986425,0.004136029411764706,100.0,12.233725786209106
taxi-M,0.25,drivers,50,7,RECO-greedy,-3.8233333333333333,100.0,421,0,-6.288333333333333,-7.6585555437230095,0.13,7.000000000000001,0.8486838087094607,0.14655225065656874,0.004763940633970561,100.0,12.233725786209106
taxi-M,0.25,drivers,50,7,In-data planning (POR-style),-3.8233333333333333,100.0,421,0,-4.386666666666667,-5.948768362324293,3.6966666666666668,79.5,0.8543855042016807,0.0,0.14561449579831934,100.0,12.233725786209106
taxi-M,0.25,drivers,50,7,Ours,-3.8233333333333333,100.0,421,0,-5.628333333333333,-7.057508636417389,0.13,7.000000000000001,0.7949865431557864,0.20013143894348126,0.004882017900732303,100.0,12.233725786209106
taxi-M,0.25,drivers,50,7,Ours w/o stitching,-3.8233333333333333,100.0,421,0,-5.67,-7.097644400818287,0.13,7.000000000000001,0.8139295088113986,0.18119610048743906,0.004874390701162355,100.0,12.233725786209106
taxi-M,0.25,drivers,50,7,Ours w/o execution rule,-3.8233333333333333,100.0,421,0,-21.2475,-13.013311001575026,0.13,7.000000000000001,0.47453403357017815,0.5222531150241994,0.00321285140562249,91.5,12.233725786209106
taxi-M,0.25,drivers,50,7,Factored Batch RL,-3.8233333333333333,100.0,421,0,-5.693333333333333,-7.128175995877533,1.175,38.75,0.8241758241758241,0.1318056943056943,0.04401848151848152,100.0,12.233725786209106
taxi-M,0.25,drivers,50,8,Imitation,-4.053333333333334,100.0,515,0,-12.664444444444445,-13.09583387885144,3.0191666666666666,73.0,0.895780995301563,0.0,0.10421900469843705,100.0,19.254558086395264
taxi-M,0.25,drivers,50,8,BC,-4.053333333333334,100.0,515,0,-195.46416666666667,-85.11271790435202,3.0191666666666666,73.0,0.9566112980682866,0.0,0.043388701931713396,75.0,19.254558086395264
taxi-M,0.25,drivers,50,8,RECO,-4.053333333333334,100.0,515,0,-14.374166666666667,-14.565133720552076,0.01,1.0,0.9075287528209033,0.09214497403409555,0.0003262731450012235,100.0,19.254558086395264
taxi-M,0.25,drivers,50,8,RECO-greedy,-4.053333333333334,100.0,515,0,-5.89,-7.311854570774309,0.01,1.0,0.8946014627494732,0.1050266517912483,0.0003718854592785422,100.0,19.254558086395264
taxi-M,0.25,drivers,50,8,In-data planning (POR-style),-4.053333333333334,100.0,515,0,-4.266666666666667,-5.824312689763615,3.0191666666666666,73.0,0.8805079155672824,0.0,0.11949208443271768,100.0,19.254558086395264
taxi-M,0.25,drivers,50,8,Ours,-4.053333333333334,100.0,515,0,-6.0633333333333335,-7.432119955604223,0.01,1.0,0.7782362359896539,0.2213942603768937,0.0003695036334523956,100.0,19.254558086395264
taxi-M,0.25,drivers,50,8,Ours w/o stitching,-4.053333333333334,100.0,515,0,-5.4125,-6.866998755294308,0.01,1.0,0.8399432087079981,0.15967818267865594,0.0003786086133459536,100.0,19.254558086395264
taxi-M,0.25,drivers,50,8,Ours w/o execution rule,-4.053333333333334,100.0,515,0,-66.48833333333333,-31.02891372167065,0.01,1.0,0.16890531597476743,0.8309707925954222,0.00012389142981034286,67.75,19.254558086395264
taxi-M,0.25,drivers,50,8,Factored Batch RL,-4.053333333333334,100.0,515,0,-4.863333333333333,-6.386507864478798,0.495,20.75,0.8380590282252868,0.14280190746230184,0.019139064312411393,100.0,19.254558086395264
taxi-M,0.25,drivers,50,9,Imitation,-3.8233333333333333,100.0,509,1,-13.451944444444445,-13.932618866149761,3.02,72.83333333333334,0.8943666077223529,0.0,0.10563339227764715,100.0,11.449815273284912
taxi-M,0.25,drivers,50,9,BC,-3.8233333333333333,100.0,509,1,-140.7575,-62.59616677348582,3.02,72.83333333333334,0.9439026655521501,0.0,0.05609733444784991,83.83333333333334,11.449815273284912
taxi-M,0.25,drivers,50,9,RECO,-3.8233333333333333,100.0,509,1,-15.60138888888889,-15.791031345018702,0.03,3.0,0.9145708213988728,0.08443130370507253,0.0009978748960546983,100.0,11.449815273284912
taxi-M,0.25,drivers,50,9,RECO-greedy,-3.8233333333333333,100.0,509,1,-5.351666666666667,-6.824453530070887,0.03,3.0,0.9025362089684397,0.09632534311555246,0.0011384479160078426,100.0,11.449815273284912
taxi-M,0.25,drivers,50,9,In-data planning (POR-style),-3.8233333333333333,100.0,509,1,-4.148333333333333,-5.715505094086376,3.02,72.83333333333334,0.8799125190536152,0.0,0.12008748094638479,100.0,11.449815273284912
taxi-M,0.25,drivers,50,9,Ours,-3.8233333333333333,100.0,509,1,-4.748333333333333,-6.267234788965122,0.03,3.0,0.8376593954301249,0.16117548061363196,0.0011651239562431226,100.0,11.449815273284912
taxi-M,0.25,drivers,50,9,Ours w/o stitching,-3.8233333333333333,100.0,509,1,-4.623333333333333,-6.158134603679381,0.03,3.0,0.871536360088461,0.12729283205411734,0.001170807857421621,100.0,11.449815273284912
taxi-M,0.25,drivers,50,9,Ours w/o execution rule,-3.8233333333333333,100.0,509,1,-29.74416666666667,-16.106577545039386,0.03,3.0,0.3832748375438718,0.6160996629252528,0.0006254995308753519,86.75,11.449815273284912
taxi-M,0.25,drivers,50,9,Factored Batch RL,-3.8233333333333333,100.0,509,1,-4.923333333333333,-6.437134906077194,0.775,26.75,0.8564034974926064,0.1137006557798637,0.029895846727529894,100.0,11.449815273284912
taxi-M,0.25,drivers,50,10,Imitation,-4.053333333333334,100.0,459,0,-17.00722222222222,-16.90607693451023,3.848333333333333,78.0,0.8718491864541612,0.0,0.12815081354583885,100.0,16.130176067352295
taxi-M,0.25,drivers,50,10,BC,-4.053333333333334,100.0,459,0,-122.29416666666667,-55.989653903559145,3.848333333333333,78.0,0.9394765468342485,0.0,0.06052345316575143,78.75,16.130176067352295
taxi-M,0.25,drivers,50,10,RECO,-4.053333333333334,100.0,459,0,-21.250833333333333,-20.320579712888264,0.07,6.0,0.8460135751190355,0.15185898085300376,0.002127444027960693,100.0,16.130176067352295
taxi-M,0.25,drivers,50,10,RECO-greedy,-4.053333333333334,100.0,459,0,-6.674166666666666,-7.947453527164915,0.07,6.0,0.8169171007859315,0.18055346442229517,0.0025294347917733146,100.0,16.130176067352295
taxi-M,0.25,drivers,50,10,In-data planning (POR-style),-4.053333333333334,100.0,459,0,-4.138333333333334,-5.717581868467019,3.848333333333333,78.0,0.8469137439501425,0.0,0.15308625604985746,100.0,16.130176067352295
taxi-M,0.25,drivers,50,10,Ours,-4.053333333333334,100.0,459,0,-7.203333333333333,-8.393327255223081,0.07,6.0,0.718768467084269,0.27874955678997754,0.002481976125753457,100.0,16.130176067352295
taxi-M,0.25,drivers,50,10,Ours w/o stitching,-4.053333333333334,100.0,459,0,-6.745833333333334,-7.998098305736389,0.07,6.0,0.7734194323471992,0.2240576663162637,0.0025229013365370176,100.0,16.130176067352295
taxi-M,0.25,drivers,50,10,Ours w/o execution rule,-4.053333333333334,100.0,459,0,-64.76166666666667,-30.427905567577085,0.07,6.0,0.1705615589389619,0.8285545933774555,0.0008838476835825292,68.75,16.130176067352295
taxi-M,0.25,drivers,50,10,Factored Batch RL,-4.053333333333334,100.0,459,0,-4.423333333333333,-5.984875270675246,1.5575,43.0,0.8136226563524321,0.1251147240068179,0.061262619640749964,100.0,16.130176067352295
taxi-M,0.25,drivers,50,11,Imitation,-4.633333333333334,100.0,409,0,-13.631388888888889,-13.913803301848194,3.6691666666666665,79.16666666666666,0.8781063996677894,0.0,0.12189360033221058,100.0,13.719792127609253
taxi-M,0.25,drivers,50,11,BC,-4.633333333333334,100.0,409,0,-61.82,-30.74480973337899,3.6691666666666665,79.16666666666666,0.9207951070336391,0.0,0.07920489296636085,88.75,13.719792127609253
taxi-M,0.25,drivers,50,11,RECO,-4.633333333333334,100.0,409,0,-15.425,-15.418082345357629,0.1,10.0,0.8580007902015013,0.13883840379296722,0.0031608060055314103,100.0,13.719792127609253
taxi-M,0.25,drivers,50,11,RECO-greedy,-4.633333333333334,100.0,409,0,-7.83,-9.040492055772237,0.1,10.0,0.8441727367325702,0.15235865417967395,0.00346860908775581,100.0,13.719792127609253
taxi-M,0.25,drivers,50,11,In-data planning (POR-style),-4.633333333333334,100.0,409,0,-6.305,-7.671819816636016,3.6691666666666665,79.16666666666666,0.8656229017884393,0.0,0.13437709821156077,100.0,13.719792127609253
taxi-M,0.25,drivers,50,11,Ours,-4.633333333333334,100.0,409,0,-7.615,-8.845831802719685,0.1,10.0,0.8358378472828936,0.16066748208981305,0.0034946706272933775,100.0,13.719792127609253
taxi-M,0.25,drivers,50,11,Ours w/o stitching,-4.633333333333334,100.0,409,0,-7.615,-8.845831802719685,0.1,10.0,0.8358960917933485,0.16060923757935813,0.0034946706272933775,100.0,13.719792127609253
taxi-M,0.25,drivers,50,11,Ours w/o execution rule,-4.633333333333334,100.0,409,0,-7.615,-8.845831802719685,0.1,10.0,0.8358378472828936,0.16066748208981305,0.0034946706272933775,100.0,13.719792127609253
taxi-M,0.25,drivers,50,11,Factored Batch RL,-4.633333333333334,100.0,409,0,-6.9,-8.224386505965647,1.0,38.0,0.8629928315412186,0.10116487455197133,0.035842293906810034,100.0,13.719792127609253
taxi-M,0.25,drivers,50,12,Imitation,-3.8233333333333333,100.0,533,0,-17.128611111111113,-16.988247428809586,3.32,72.08333333333333,0.8899062286988081,0.0,0.11009377130119194,100.0,17.349093675613403
taxi-M,0.25,drivers,50,12,BC,-3.8233333333333333,100.0,533,0,-230.4075,-100.6794036483965,3.32,72.08333333333333,0.9512857195260629,0.0,0.048714280473937124,76.0,17.349093675613403
taxi-M,0.25,drivers,50,12,RECO,-3.8233333333333333,100.0,533,0,-19.755277777777778,-19.18248652192385,0.01,1.0,0.8958064740931739,0.10387992612983031,0.00031359977699571415,100.0,17.349093675613403
taxi-M,0.25,drivers,50,12,RECO-greedy,-3.8233333333333333,100.0,533,0,-5.555,-7.000036356069521,0.01,1.0,0.8748823197138016,0.1247411033703634,0.0003765769158350593,100.0,17.349093675613403
taxi-M,0.25,drivers,50,12,In-data planning (POR-style),-3.8233333333333333,100.0,533,0,-4.073333333333333,-5.645311899647217,3.32,72.08333333333333,0.8675884073384738,0.0,0.1324115926615262,100.0,17.349093675613403
taxi-M,0.25,drivers,50,12,Ours,-3.8233333333333333,100.0,533,0,-5.363333333333333,-6.813856587216417,0.01,1.0,0.7846756859274244,0.21494499936780884,0.00037931470476672144,100.0,17.349093675613403
taxi-M,0.25,drivers,50,12,Ours w/o stitching,-3.8233333333333333,100.0,533,0,-5.031666666666666,-6.518555177367748,0.01,1.0,0.8282860618477496,0.1713297906396056,0.00038414751264485565,100.0,17.349093675613403
taxi-M,0.25,drivers,50,12,Ours w/o execution rule,-3.8233333333333333,100.0,533,0,-62.31333333333333,-29.416310994135166,0.01,1.0,0.18452432479224376,0.8153458275623269,0.0001298476454293629,70.0,17.349093675613403
taxi-M,0.25,drivers,50,12,Factored Batch RL,-3.8233333333333333,100.0,533,0,-4.6033333333333335,-6.144927191377334,0.4475,23.5,0.8446491342273141,0.1378726728290587,0.01747819294362713,100.0,17.349093675613403
taxi-M,0.25,drivers,50,13,Imitation,-4.633333333333334,100.0,426,0,-14.269722222222223,-14.348303588677659,3.495,79.0,0.8783701483880323,0.0,0.12162985161196771,100.0,15.884092807769775
taxi-M,0.25,drivers,50,13,BC,-4.633333333333334,100.0,426,0,-21.535,-13.162517777131116,3.495,79.0,0.8973040476015574,0.0,0.10269595239844266,95.08333333333333,15.884092807769775
taxi-M,0.25,drivers,50,13,RECO,-4.633333333333334,100.0,426,0,-17.0975,-16.598267187472203,0.14333333333333334,6.166666666666667,0.8333068404599163,0.16213638531235097,0.00455677422773274,100.0,15.884092807769775
taxi-M,0.25,drivers,50,13,RECO-greedy,-4.633333333333334,100.0,426,0,-7.284166666666667,-8.452742719418103,0.14333333333333334,6.166666666666667,0.8146194867564303,0.18031289590760438,0.005067617335965352,100.0,15.884092807769775
taxi-M,0.25,drivers,50,13,In-data planning (POR-style),-4.633333333333334,100.0,426,0,-4.64,-6.158112536289288,3.495,79.0,0.8636895475819033,0.0,0.13631045241809672,100.0,15.884092807769775
taxi-M,0.25,drivers,50,13,Ours,-4.633333333333334,100.0,426,0,-9.660833333333333,-10.356330928139066,0.125,5.75,0.7347321501372543,0.2611909874160846,0.00407686244666105,100.0,15.884092807769775
taxi-M,0.25,drivers,50,13,Ours w/o stitching,-4.633333333333334,100.0,426,0,-8.278333333333334,-9.231218210397788,0.125,5.75,0.7670347811236978,0.22869585017362098,0.004269368702681163,100.0,15.884092807769775
taxi-M,0.25,drivers,50,13,Ours w/o execution rule,-4.633333333333334,100.0,426,0,-61.27,-28.953283599574036,0.06,3.0,0.18963741921349545,0.8095738854200898,0.0007886953664147223,70.5,15.884092807769775
taxi-M,0.25,drivers,50,13,Factored Batch RL,-4.633333333333334,100.0,426,0,-5.078333333333333,-6.576885914654496,1.7675,46.75,0.8537419313606442,0.07848149805074456,0.06777657058861124,100.0,15.884092807769775
taxi-M,0.25,drivers,50,14,Imitation,-3.638333333333333,100.0,493,0,-13.863333333333333,-14.141812361388322,4.778333333333333,74.08333333333333,0.8303048239124001,0.0,0.16969517608759987,100.0,16.07213854789734
taxi-M,0.25,drivers,50,14,BC,-3.638333333333333,100.0,493,0,-214.22833333333332,-93.28673886836725,4.778333333333333,74.08333333333333,0.9014793560248106,0.0,0.09852064397518943,86.5,16.07213854789734
taxi-M,0.25,drivers,50,14,RECO,-3.638333333333333,100.0,493,0,-15.714722222222223,-15.647897061597572,1.725,16.666666666666664,0.8414803752275167,0.10055537406076445,0.05796425071171886,100.0,16.07213854789734
taxi-M,0.25,drivers,50,14,RECO-greedy,-3.638333333333333,100.0,493,0,-5.310833333333333,-6.74328894608053,1.725,16.666666666666664,0.8207012320653723,0.11373642035916764,0.06556234757546005,100.0,16.07213854789734
taxi-M,0.25,drivers,50,14,In-data planning (POR-style),-3.638333333333333,100.0,493,0,-3.895,-5.475804474717473,4.778333333333333,74.08333333333333,0.8080605208542545,0.0,0.19193947914574547,100.0,16.07213854789734
taxi-M,0.25,drivers,50,14,Ours,-3.638333333333333,100.0,493,0,-4.425,-5.961656670493802,1.725,16.666666666666664,0.7726974762372992,0.15945591609308424,0.06784660766961652,100.0,16.07213854789734
taxi-M,0.25,drivers,50,14,Ours w/o stitching,-3.638333333333333,100.0,493,0,-4.545,-6.072991234455303,1.725,16.666666666666664,0.7933059307105108,0.13916617733411626,0.06752789195537287,100.0,16.07213854789734
taxi-M,0.25,drivers,50,14,Ours w/o execution rule,-3.638333333333333,100.0,493,0,-22.9575,-13.248085993714797,1.725,16.666666666666664,0.41835252929124145,0.5404706490819757,0.041176821626782836,90.16666666666666,16.07213854789734
taxi-M,0.25,drivers,50,14,Factored Batch RL,-3.638333333333333,100.0,493,0,-5.461666666666667,-6.920555329778208,0.185,11.0,0.7656358254078226,0.22737292939472192,0.006991245197455438,100.0,16.07213854789734
taxi-M,0.25,drivers,50,15,Imitation,-3.8233333333333333,100.0,502,0,-12.940555555555555,-13.375667576172733,3.6041666666666665,75.16666666666667,0.8754846263099305,0.0,0.12451537369006947,100.0,13.760437250137329
taxi-M,0.25,drivers,50,15,BC,-3.8233333333333333,100.0,502,0,-123.42,-55.73623438998846,3.6041666666666665,75.16666666666667,0.9473363774733637,0.0,0.05266362252663623,75.25,13.760437250137329
taxi-M,0.25,drivers,50,15,RECO,-3.8233333333333333,100.0,502,0,-14.518055555555556,-14.742070823779873,0.03,3.0,0.8643432468755429,0.13466936066338145,0.0009873924610757092,100.0,13.760437250137329
taxi-M,0.25,drivers,50,15,RECO-greedy,-3.8233333333333333,100.0,502,0,-5.708333333333333,-7.151263760070027,0.03,3.0,0.8456786271450858,0.153198127925117,0.001123244929797192,100.0,13.760437250137329
taxi-M,0.25,drivers,50,15,In-data planning (POR-style),-3.8233333333333333,100.0,502,0,-4.391666666666667,-5.955980623687198,3.6041666666666665,75.16666666666667,0.8580571053495242,0.0,0.14194289465047588,100.0,13.760437250137329
taxi-M,0.25,drivers,50,15,Ours,-3.8233333333333333,100.0,502,0,-4.865833333333334,-6.358121982192207,0.03,3.0,0.7941299655272399,0.20471020329263184,0.0011598311801282258,100.0,13.760437250137329
taxi-M,0.25,drivers,50,15,Ours w/o stitching,-3.8233333333333333,100.0,502,0,-5.404166666666667,-6.862946184491892,0.03,3.0,0.8290358213665773,0.16982799431907844,0.001136184314344327,100.0,13.760437250137329
taxi-M,0.25,drivers,50,15,Ours w/o execution rule,-3.8233333333333333,100.0,502,0,-36.3525,-18.702050228680125,0.03,3.0,0.31438655149995354,0.6850561902108294,0.0005572582892170521,83.25,13.760437250137329
taxi-M,0.25,drivers,50,15,Factored Batch RL,-3.8233333333333333,100.0,502,0,-4.486666666666666,-6.042713089821982,1.225,35.25,0.8177151451739472,0.13422050745487837,0.04806434737117447,100.0,13.760437250137329
taxi-M,0.25,drivers,50,16,Imitation,-3.638333333333333,100.0,552,0,-18.20722222222222,-17.80743590945916,3.3,71.0,0.8896495350975784,0.0,0.11035046490242158,100.0,15.340942859649658
taxi-M,0.25,drivers,50,16,BC,-3.638333333333333,100.0,552,0,-289.88916666666665,-122.98646555076732,3.3,71.0,0.9591643120836513,0.0,0.040835687916348715,68.25,15.340942859649658
taxi-M,0.25,drivers,50,16,RECO,-3.638333333333333,100.0,552,0,-20.5075,-19.6989728306024,0.0,0.0,0.8978849274907073,0.1021150725092927,0.0,100.0,15.340942859649658
taxi-M,0.25,drivers,50,16,RECO-greedy,-3.638333333333333,100.0,552,0,-5.974166666666667,-7.382189196294841,0.0,0.0,0.8794834563934629,0.12051654360653712,0.0,100.0,15.340942859649658
taxi-M,0.25,drivers,50,16,In-data planning (POR-style),-3.638333333333333,100.0,552,0,-4.25,-5.815408279989341,3.3,71.0,0.8693069306930693,0.0,0.1306930693069307,100.0,15.340942859649658
taxi-M,0.25,drivers,50,16,Ours,-3.638333333333333,100.0,552,0,-4.683333333333334,-6.181873320808634,0.0,0.0,0.8054185593770279,0.19458144062297208,0.0,100.0,15.340942859649658
taxi-M,0.25,drivers,50,16,Ours w/o stitching,-3.638333333333333,100.0,552,0,-4.9575,-6.459173920430484,0.0,0.0,0.8384859867090436,0.16151401329095638,0.0,100.0,15.340942859649658
taxi-M,0.25,drivers,50,16,Ours w/o execution rule,-3.638333333333333,100.0,552,0,-26.944166666666668,-15.00097060579721,0.0,0.0,0.3961738620538005,0.6038261379461995,0.0,88.25,15.340942859649658
taxi-M,0.25,drivers,50,16,Factored Batch RL,-3.638333333333333,100.0,552,0,-4.386666666666667,-5.943869209046508,0.5225,23.25,0.8422400210084033,0.1371783088235294,0.020581670168067227,100.0,15.340942859649658
taxi-M,0.25,drivers,50,17,Imitation,-3.8233333333333333,100.0,469,0,-12.523055555555555,-12.962374652746742,4.04,76.5,0.8575360714670532,0.0,0.14246392853294673,100.0,20.220879077911377
taxi-M,0.25,drivers,50,17,BC,-3.8233333333333333,100.0,469,0,-28.1375,-15.844091393403838,4.04,76.5,0.9021199273167777,0.0,0.09788007268322228,90.91666666666667,20.220879077911377
taxi-M,0.25,drivers,50,17,RECO,-3.8233333333333333,100.0,469,0,-14.570833333333333,-14.731782188324303,0.0,0.0,0.87583351855968,0.12416648144032007,0.0,100.0,20.220879077911377
taxi-M,0.25,drivers,50,17,RECO-greedy,-3.8233333333333333,100.0,469,0,-5.918333333333333,-7.348044225059357,0.0,0.0,0.8616494334716117,0.13835056652838834,0.0,100.0,20.220879077911377
taxi-M,0.25,drivers,50,17,In-data planning (POR-style),-3.8233333333333333,100.0,469,0,-4.58,-6.1253598082177705,4.04,76.5,0.8420641125879593,0.0,0.15793588741204065,100.0,20.220879077911377
taxi-M,0.25,drivers,50,17,Ours,-3.8233333333333333,100.0,469,0,-5.083333333333333,-6.586991981560856,0.0,0.0,0.7861661341853036,0.2138338658146965,0.0,100.0,20.220879077911377
taxi-M,0.25,drivers,50,17,Ours w/o stitching,-3.8233333333333333,100.0,469,0,-5.3125,-6.794187897359149,0.0,0.0,0.822897862232779,0.1771021377672209,0.0,100.0,20.220879077911377
taxi-M,0.25,drivers,50,17,Ours w/o execution rule,-3.8233333333333333,100.0,469,0,-26.8,-15.1450607506425,0.0,0.0,0.3982776982115971,0.6017223017884029,0.0,88.5,20.220879077911377
taxi-M,0.25,drivers,50,17,Factored Batch RL,-3.8233333333333333,100.0,469,0,-6.053333333333334,-7.450882939575628,0.625,21.25,0.7808341547560375,0.19606333169048792,0.02310251355347462,100.0,20.220879077911377
taxi-M,0.25,drivers,50,18,Imitation,-3.5933333333333333,100.0,578,0,-15.908611111111112,-15.82844485856528,2.7575,67.41666666666667,0.9050565720133515,0.0,0.09494342798664843,100.0,24.845656871795654
taxi-M,0.25,drivers,50,18,BC,-3.5933333333333333,100.0,578,0,-129.81916666666666,-58.51776310829582,2.7575,67.41666666666667,0.9470517641411312,0.0,0.05294823585886871,84.66666666666667,24.845656871795654
taxi-M,0.25,drivers,50,18,RECO,-3.5933333333333333,100.0,578,0,-19.09027777777778,-18.569032254320266,0.0,0.0,0.9320310817601034,0.06796891823989663,0.0,100.0,24.845656871795654
taxi-M,0.25,drivers,50,18,RECO-greedy,-3.5933333333333333,100.0,578,0,-5.608333333333333,-7.044833755919267,0.0,0.0,0.9209207641716254,0.07907923582837457,0.0,100.0,24.845656871795654
taxi-M,0.25,drivers,50,18,In-data planning (POR-style),-3.5933333333333333,100.0,578,0,-4.033333333333333,-5.599165468856238,2.7575,67.41666666666667,0.8898468708388815,0.0,0.11015312916111851,100.0,24.845656871795654
taxi-M,0.25,drivers,50,18,Ours,-3.5933333333333333,100.0,578,0,-4.298333333333333,-5.8544810711784745,0.0,0.0,0.8266025429870215,0.17339745701297846,0.0,100.0,24.845656871795654
taxi-M,0.25,drivers,50,18,Ours w/o stitching,-3.5933333333333333,100.0,578,0,-4.504166666666666,-6.041455969445773,0.0,0.0,0.878876000653488,0.12112399934651201,0.0,100.0,24.845656871795654
taxi-M,0.25,drivers,50,18,Ours w/o execution rule,-3.5933333333333333,100.0,578,0,-22.249166666666667,-12.932337198611055,0.0,0.0,0.4560751439248561,0.543924856075144,0.0,90.5,24.845656871795654
taxi-M,0.25,drivers,50,18,Factored Batch RL,-3.5933333333333333,100.0,578,0,-4.968333333333334,-6.4601320496144545,0.1875,10.5,0.8358898658622681,0.1568898016815352,0.007220332456196649,100.0,24.845656871795654
taxi-M,0.25,drivers,50,19,Imitation,-3.638333333333333,100.0,455,1,-14.660555555555556,-14.811546238391234,4.229166666666667,77.66666666666666,0.8516110797060487,0.0,0.1483889202939514,100.0,13.576559782028198
taxi-M,0.25,drivers,50,19,BC,-3.638333333333333,100.0,455,1,-179.27416666666667,-78.95742114783752,4.229166666666667,77.66666666666666,0.9291735283445446,0.0,0.07082647165545539,80.08333333333333,13.576559782028198
taxi-M,0.25,drivers,50,19,RECO,-3.638333333333333,100.0,455,1,-16.418333333333333,-16.245651934885533,0.08,5.0,0.8523971103327496,0.1449759194395797,0.002626970227670753,100.0,13.576559782028198
taxi-M,0.25,drivers,50,19,RECO-greedy,-3.638333333333333,100.0,455,1,-5.614166666666667,-7.024149867961835,0.08,5.0,0.8311049879450167,0.16588909415411593,0.0030059179008673324,100.0,13.576559782028198
taxi-M,0.25,drivers,50,19,In-data planning (POR-style),-3.638333333333333,100.0,455,1,-3.6533333333333333,-5.257004389087514,4.229166666666667,77.66666666666666,0.8284545700378583,0.0,0.1715454299621417,100.0,13.576559782028198
taxi-M,0.25,drivers,50,19,Ours,-3.638333333333333,100.0,455,1,-5.348333333333334,-6.773401941503486,0.08,5.0,0.7690239736858752,0.22793978113732685,0.0030362451767980267,100.0,13.576559782028198
taxi-M,0.25,drivers,50,19,Ours w/o stitching,-3.638333333333333,100.0,455,1,-5.136666666666667,-6.590122422692903,0.08,5.0,0.7960081622242061,0.20093100369850783,0.0030608340772860605,100.0,13.576559782028198
taxi-M,0.25,drivers,50,19,Ours w/o execution rule,-3.638333333333333,100.0,455,1,-37.93,-19.405195443147683,0.08,5.0,0.2982384701233674,0.7003136971013181,0.0014478327753144511,82.5,13.576559782028198
taxi-M,0.25,drivers,50,19,Factored Batch RL,-3.638333333333333,100.0,455,1,-4.203333333333333,-5.768646692105434,1.8625,44.0,0.8092514217696072,0.11684962306573204,0.07389895516466076,100.0,13.576559782028198
taxi-M,0.25,drivers,50,20,Imitation,-3.8233333333333333,100.0,509,0,-14.316666666666666,-14.474337748000439,3.515,73.33333333333333,0.8790190735694823,0.0,0.12098092643051771,100.0,14.254935026168823
taxi-M,0.25,drivers,50,20,BC,-3.8233333333333333,100.0,509,0,-83.79583333333333,-39.13300337695175,3.515,73.33333333333333,0.933080547667021,0.0,0.06691945233297901,84.16666666666667,14.254935026168823
taxi-M,0.25,drivers,50,20,RECO,-3.8233333333333333,100.0,509,0,-16.221944444444443,-16.131807449807813,0.87,10.166666666666666,0.8881533668996994,0.08348426123809179,0.02836237186220886,100.0,14.254935026168823
taxi-M,0.25,drivers,50,20,RECO-greedy,-3.8233333333333333,100.0,509,0,-5.538333333333333,-6.999564266003292,0.87,10.166666666666666,0.8707215976888777,0.09649563524461471,0.03278276706650757,100.0,14.254935026168823
taxi-M,0.25,drivers,50,20,In-data planning (POR-style),-3.8233333333333333,100.0,509,0,-4.013333333333334,-5.584883393781709,3.515,73.33333333333333,0.8594749466950959,0.0,0.14052505330490406,100.0,14.254935026168823
taxi-M,0.25,drivers,50,20,Ours,-3.8233333333333333,100.0,509,0,-6.0775,-7.458791914269159,0.87,10.166666666666666,0.7845997599482966,0.1832702428215308,0.03212999723017265,100.0,14.254935026168823
taxi-M,0.25,drivers,50,20,Ours w/o stitching,-3.8233333333333333,100.0,509,0,-5.059166666666667,-6.561994041337505,0.87,10.166666666666666,0.8367177256883375,0.12989670941127562,0.03338556490038694,100.0,14.254935026168823
taxi-M,0.25,drivers,50,20,Ours w/o execution rule,-3.8233333333333333,100.0,509,0,-50.39083333333333,-24.671751703537367,0.87,10.166666666666666,0.23246824958586415,0.7544299984940515,0.013101751920084333,76.25,14.254935026168823
taxi-M,0.25,drivers,50,20,Factored Batch RL,-3.8233333333333333,100.0,509,0,-5.921666666666667,-7.33208431138673,0.445,18.75,0.8174642481272829,0.1660063146164799,0.01652943725623723,100.0,14.254935026168823
taxi-M,0.25,drivers,50,21,Imitation,-3.8233333333333333,100.0,492,0,-12.067222222222222,-12.729749041679627,3.566666666666667,75.66666666666667,0.8743898024867689,0.0,0.12561019751323113,100.0,14.722570180892944
taxi-M,0.25,drivers,50,21,BC,-3.8233333333333333,100.0,492,0,-210.935,-92.73404767442153,3.566666666666667,75.66666666666667,0.9384473782609947,0.0,0.06155262173900538,81.58333333333333,14.722570180892944
taxi-M,0.25,drivers,50,21,RECO,-3.8233333333333333,100.0,492,0,-14.71888888888889,-15.082228050567544,0.03,3.0,0.9012762484232396,0.09772204496549677,0.0010017066112636343,100.0,14.722570180892944
taxi-M,0.25,drivers,50,21,RECO-greedy,-3.8233333333333333,100.0,492,0,-5.55,-7.023573916820633,0.03,3.0,0.8886377903327056,0.11023226616446956,0.0011299435028248588,100.0,14.722570180892944
taxi-M,0.25,drivers,50,21,In-data planning (POR-style),-3.8233333333333333,100.0,492,0,-4.21,-5.780778950164153,3.566666666666667,75.66666666666667,0.8585217506280577,0.0,0.14147824937194234,100.0,14.722570180892944
taxi-M,0.25,drivers,50,21,Ours,-3.8233333333333333,100.0,492,0,-5.410833333333334,-6.851282190175478,0.03,3.0,0.78130817530685,0.21755592717634809,0.0011358975168018173,100.0,14.722570180892944
taxi-M,0.25,drivers,50,21,Ours w/o stitching,-3.8233333333333333,100.0,492,0,-4.8933333333333335,-6.414952530852303,0.03,3.0,0.8372489701338826,0.16159243048403707,0.0011585993820803296,100.0,14.722570180892944
taxi-M,0.25,drivers,50,21,Ours w/o execution rule,-3.8233333333333333,100.0,492,0,-53.84,-25.849736033312936,0.03,3.0,0.2108402645254984,0.7887276611577191,0.0004320743167824866,74.25,14.722570180892944
taxi-M,0.25,drivers,50,21,Factored Batch RL,-3.8233333333333333,100.0,492,0,-4.765,-6.300911627108744,0.7025,27.250000000000004,0.8411281454169093,0.1316061840998771,0.027265670483213662,100.0,14.722570180892944
taxi-M,0.25,drivers,50,22,Imitation,-4.053333333333334,100.0,524,0,-15.741388888888888,-15.817062898900868,2.8866666666666667,73.91666666666666,0.9015676059673218,0.0,0.09843239403267819,100.0,23.921133518218994
taxi-M,0.25,drivers,50,22,BC,-4.053333333333334,100.0,524,0,-128.7,-58.57983054629579,2.8866666666666667,73.91666666666666,0.9324716845039671,0.0,0.0675283154960329,90.16666666666666,23.921133518218994
taxi-M,0.25,drivers,50,22,RECO,-4.053333333333334,100.0,524,0,-17.565,-17.373387687485728,0.01,1.0,0.9117322346985486,0.08794463742359372,0.00032312787785766214,100.0,23.921133518218994
taxi-M,0.25,drivers,50,22,RECO-greedy,-4.053333333333334,100.0,524,0,-5.548333333333333,-7.0061995164147755,0.01,1.0,0.8971059074643731,0.10251742105593571,0.0003766714796911294,100.0,23.921133518218994
taxi-M,0.25,drivers,50,22,In-data planning (POR-style),-4.053333333333334,100.0,524,0,-4.088333333333333,-5.6674116577204785,2.8866666666666667,73.91666666666666,0.8849398790938683,0.0,0.11506012090613167,100.0,23.921133518218994
taxi-M,0.25,drivers,50,22,Ours,-4.053333333333334,100.0,524,0,-6.533333333333333,-7.818912779072422,0.01,1.0,0.7979116222760291,0.20172518159806296,0.0003631961259079903,100.0,23.921133518218994
taxi-M,0.25,drivers,50,22,Ours w/o stitching,-4.053333333333334,100.0,524,0,-5.054166666666666,-6.537606314417065,0.01,1.0,0.8532544378698225,0.14636174636174637,0.00038381576843115304,100.0,23.921133518218994
taxi-M,0.25,drivers,50,22,Ours w/o execution rule,-4.053333333333334,100.0,524,0,-65.08583333333333,-30.479369362767297,0.01,1.0,0.17810517485450636,0.8217689928170713,0.0001258323284223772,68.5,23.921133518218994
taxi-M,0.25,drivers,50,22,Factored Batch RL,-4.053333333333334,100.0,524,0,-5.053333333333334,-6.567594322552107,0.2525,15.0,0.8579516376663255,0.13235670419651996,0.009691658137154554,100.0,23.921133518218994
taxi-M,0.25,drivers,50,23,Imitation,-4.053333333333334,100.0,428,0,-14.711944444444445,-14.972068475631156,3.7641666666666667,79.5,0.872019115438739,0.0,0.12798088456126103,100.0,16.81036138534546
taxi-M,0.25,drivers,50,23,BC,-4.053333333333334,100.0,428,0,-41.248333333333335,-22.563472047163728,3.7641666666666667,79.5,0.8911566265060241,0.0,0.10884337349397591,95.83333333333334,16.81036138534546
taxi-M,0.25,drivers,50,23,RECO,-4.053333333333334,100.0,428,0,-20.48111111111111,-19.325088833793952,0.02,2.0,0.7904418797423962,0.208984250462284,0.000573869795319773,100.0,16.81036138534546
taxi-M,0.25,drivers,50,23,RECO-greedy,-4.053333333333334,100.0,428,0,-9.265833333333333,-9.975737660159433,0.02,2.0,0.75869379663537,0.24064539221894876,0.0006608111456813239,100.0,16.81036138534546
taxi-M,0.25,drivers,50,23,In-data planning (POR-style),-4.053333333333334,100.0,428,0,-4.1866666666666665,-5.759451259060672,3.7641666666666667,79.5,0.8505492323980942,0.0,0.14945076760190576,100.0,16.81036138534546
taxi-M,0.25,drivers,50,23,Ours,-4.053333333333334,100.0,428,0,-8.863333333333333,-9.629503610636341,0.02,2.0,0.7232112959035607,0.27611898649402833,0.0006697176024109834,100.0,16.81036138534546
taxi-M,0.25,drivers,50,23,Ours w/o stitching,-4.053333333333334,100.0,428,0,-8.8225,-9.594037092324404,0.02,2.0,0.7396540643250342,0.2596753010869869,0.000670634587978875,100.0,16.81036138534546
taxi-M,0.25,drivers,50,23,Ours w/o execution rule,-4.053333333333334,100.0,428,0,-65.535,-30.64996205534014,0.02,2.0,0.17829530159326384,0.8214542836573074,0.00025041474942874136,68.25,16.81036138534546
taxi-M,0.25,drivers,50,23,Factored Batch RL,-4.053333333333334,100.0,428,0,-4.568333333333333,-6.1164733120737855,1.9975,47.5,0.8429372270386546,0.0789387914738283,0.0781239814875171,100.0,16.81036138534546
taxi-M,0.25,drivers,50,24,Imitation,-4.053333333333334,100.0,493,0,-16.52,-16.479771610758466,3.0716666666666668,72.83333333333334,0.8972514913307688,0.0,0.1027485086692312,100.0,22.612189531326294
taxi-M,0.25,drivers,50,24,BC,-4.053333333333334,100.0,493,0,-109.14916666666667,-50.45847101182098,3.0716666666666668,72.83333333333334,0.9486915367483296,0.0,0.05130846325167038,81.0,22.612189531326294
taxi-M,0.25,drivers,50,24,RECO,-4.053333333333334,100.0,493,0,-18.362222222222222,-18.06508333820798,0.02,2.0,0.9056937289038905,0.09366672588381596,0.0006395452122934801,100.0,22.612189531326294
taxi-M,0.25,drivers,50,24,RECO-greedy,-4.053333333333334,100.0,493,0,-6.7175,-8.054933398719735,0.02,2.0,0.8935991100688494,0.10567932413336942,0.0007215657977811852,100.0,22.612189531326294
taxi-M,0.25,drivers,50,24,In-data planning (POR-style),-4.053333333333334,100.0,493,0,-5.385,-6.837604212749378,3.0716666666666668,72.83333333333334,0.8835828437875055,0.0,0.11641715621249447,100.0,22.612189531326294
taxi-M,0.25,drivers,50,24,Ours,-4.053333333333334,100.0,493,0,-6.9991666666666665,-8.304736544148778,0.02,2.0,0.8096669543736421,0.1896187386529361,0.000714306973421828,100.0,22.612189531326294
taxi-M,0.25,drivers,50,24,Ours w/o stitching,-4.053333333333334,100.0,493,0,-6.291666666666667,-7.662043994444485,0.02,2.0,0.8556030534351146,0.1436641221374046,0.000732824427480916,100.0,22.612189531326294
taxi-M,0.25,drivers,50,24,Ours w/o execution rule,-4.053333333333334,100.0,493,0,-71.30916666666667,-33.477051077044486,0.02,2.0,0.1720285882122577,0.8277364401801449,0.0002349716075974153,65.75,22.612189531326294
taxi-M,0.25,drivers,50,24,Factored Batch RL,-4.053333333333334,100.0,493,0,-5.941666666666666,-7.364754803572853,0.5875,27.250000000000004,0.8658212186823384,0.11237240952675534,0.02180637179090628,100.0,22.612189531326294
taxi-M,0.25,drivers,50,25,Imitation,-3.638333333333333,100.0,498,0,-16.289166666666667,-16.16323000780573,3.2983333333333333,73.33333333333333,0.8925770118062152,0.0,0.10742298819378478,100.0,28.448741674423218
taxi-M,0.25,drivers,50,25,BC,-3.638333333333333,100.0,498,0,-88.42666666666666,-41.5965388677813,3.2983333333333333,73.33333333333333,0.9481692944319313,0.0,0.05183070556806872,78.66666666666666,28.448741674423218
taxi-M,0.25,drivers,50,25,RECO,-3.638333333333333,100.0,498,0,-18.434722222222224,-17.924648225901535,0.01,1.0,0.8992352714999786,0.10045712820950997,0.0003076002905113855,100.0,28.448741674423218
taxi-M,0.25,drivers,50,25,RECO-greedy,-3.638333333333333,100.0,498,0,-6.264166666666667,-7.620000912651436,0.01,1.0,0.8798483968579026,0.11978482134670049,0.0003667817953968885,100.0,28.448741674423218
taxi-M,0.25,drivers,50,25,In-data planning (POR-style),-3.638333333333333,100.0,498,0,-4.41,-5.955655088111736,3.2983333333333333,73.33333333333333,0.870195461104552,0.0,0.129804538895448,100.0,28.448741674423218
taxi-M,0.25,drivers,50,25,Ours,-3.638333333333333,100.0,498,0,-4.660833333333334,-6.182783829354117,0.01,1.0,0.8032020264345793,0.19640827460786542,0.00038969895755528854,100.0,28.448741674423218
taxi-M,0.25,drivers,50,25,Ours w/o stitching,-3.638333333333333,100.0,498,0,-5.129166666666666,-6.6221790339964395,0.01,1.0,0.848253867006857,0.15136341891245417,0.00038271408068888535,100.0,28.448741674423218
taxi-M,0.25,drivers,50,25,Ours w/o execution rule,-3.638333333333333,100.0,498,0,-34.61333333333334,-18.093807775123352,0.01,1.0,0.32290853473959247,0.676900281995316,0.00019118326509152898,84.25,28.448741674423218
taxi-M,0.25,drivers,50,25,Factored Batch RL,-3.638333333333333,100.0,498,0,-5.088333333333333,-6.58311175861901,0.4825,23.0,0.8290423560978726,0.15246278668625823,0.018494857215869163,100.0,28.448741674423218
taxi-M,0.25,drivers,50,26,Imitation,-3.5933333333333333,100.0,603,1,-16.409444444444443,-16.342959845642973,2.7266666666666666,68.0,0.9080752554245526,0.0,0.0919247445754474,100.0,16.906962871551514
taxi-M,0.25,drivers,50,26,BC,-3.5933333333333333,100.0,603,1,-165.57083333333333,-73.06223051548791,2.7266666666666666,68.0,0.9489659044826403,0.0,0.051034095517359705,83.91666666666666,16.906962871551514
taxi-M,0.25,drivers,50,26,RECO,-3.5933333333333333,100.0,603,1,-19.07111111111111,-18.641026443419594,0.03,3.0,0.929598829324006,0.06943750446141767,0.0009636662145763437,100.0,16.906962871551514
taxi-M,0.25,drivers,50,26,RECO-greedy,-3.5933333333333333,100.0,603,1,-5.5375,-6.978436388873172,0.03,3.0,0.9174124666352645,0.08145705762286073,0.0011304757418747057,100.0,16.906962871551514
taxi-M,0.25,drivers,50,26,In-data planning (POR-style),-3.5933333333333333,100.0,603,1,-4.308333333333334,-5.844346705291027,2.7266666666666666,68.0,0.8922621007573263,0.0,0.10773789924267368,100.0,16.906962871551514
taxi-M,0.25,drivers,50,26,Ours,-3.5933333333333333,100.0,603,1,-4.178333333333334,-5.74258576843806,0.03,3.0,0.8468259747137089,0.15198252465744358,0.0011915006288475542,100.0,16.906962871551514
taxi-M,0.25,drivers,50,26,Ours w/o stitching,-3.5933333333333333,100.0,603,1,-4.668333333333333,-6.187626658689513,0.03,3.0,0.8806571001882995,0.11817414453606909,0.0011687552756314524,100.0,16.906962871551514
taxi-M,0.25,drivers,50,26,Ours w/o execution rule,-3.5933333333333333,100.0,603,1,-21.185833333333335,-12.448968429233961,0.03,3.0,0.47695171130183023,0.5223037948505842,0.0007444938475855651,91.0,16.906962871551514
taxi-M,0.25,drivers,50,26,Factored Batch RL,-3.5933333333333333,100.0,603,1,-4.548333333333333,-6.083322301166178,0.425,20.0,0.852958444777872,0.13040641920542762,0.016635136016700372,100.0,16.906962871551514
taxi-M,0.25,drivers,50,27,Imitation,-4.053333333333334,100.0,439,0,-13.839166666666667,-14.094270318818129,3.8775,78.25,0.8654657954085468,0.0,0.13453420459145318,100.0,19.33971333503723
taxi-M,0.25,drivers,50,27,BC,-4.053333333333334,100.0,439,0,-41.983333333333334,-22.052910878763736,3.8775,78.25,0.9152150145772595,0.0,0.08478498542274053,88.75,19.33971333503723
taxi-M,0.25,drivers,50,27,RECO,-4.053333333333334,100.0,439,0,-16.656944444444445,-16.44262437714635,0.03,3.0,0.8582032089391878,0.14082981161807892,0.0009669794427333286,100.0,19.33971333503723
taxi-M,0.25,drivers,50,27,RECO-greedy,-4.053333333333334,100.0,439,0,-6.1325,-7.512008234358417,0.03,3.0,0.8378635707484874,0.16103074418747504,0.0011056850640375933,100.0,19.33971333503723
taxi-M,0.25,drivers,50,27,In-data planning (POR-style),-4.053333333333334,100.0,439,0,-4.071666666666666,-5.652741387957966,3.8775,78.25,0.8453433490660107,0.0,0.15465665093398923,100.0,19.33971333503723
taxi-M,0.25,drivers,50,27,Ours,-4.053333333333334,100.0,439,0,-6.2908333333333335,-7.6101084014152445,0.03,3.0,0.7913524077071056,0.20754832208617058,0.0010992702067238694,100.0,19.33971333503723
taxi-M,0.25,drivers,50,27,Ours w/o stitching,-4.053333333333334,100.0,439,0,-6.13,-7.463287494474148,0.03,3.0,0.8004054552156284,0.19848875783265757,0.0011057869517139699,100.0,19.33971333503723
taxi-M,0.25,drivers,50,27,Ours w/o execution rule,-4.053333333333334,100.0,439,0,-69.30833333333334,-32.13276361055,0.03,3.0,0.16657487608271165,0.8330646372603014,0.00036048665698693234,66.25,19.33971333503723
taxi-M,0.25,drivers,50,27,Factored Batch RL,-4.053333333333334,100.0,439,0,-5.798333333333333,-7.224273012663412,1.225,30.5,0.8244293799365632,0.12985882206604887,0.0457117979973879,100.0,19.33971333503723
taxi-M,0.25,drivers,50,28,Imitation,-3.638333333333333,100.0,454,0,-11.923333333333334,-12.411345065655631,3.859166666666667,78.33333333333333,0.8616703506780572,0.0,0.13832964932194278,100.0,15.900098085403442
taxi-M,0.25,drivers,50,28,BC,-3.638333333333333,100.0,454,0,-150.725,-66.23912845643214,3.859166666666667,78.33333333333333,0.942846211756575,0.0,0.057153788243425034,75.33333333333333,15.900098085403442
taxi-M,0.25,drivers,50,28,RECO,-3.638333333333333,100.0,454,0,-14.370277777777778,-14.534153486602982,0.03,3.0,0.870116156282999,0.12887460167646317,0.0010092420405378886,100.0,15.900098085403442
taxi-M,0.25,drivers,50,28,RECO-greedy,-3.638333333333333,100.0,454,0,-5.670833333333333,-7.094110916263443,0.03,3.0,0.8552413685361662,0.14363380721762226,0.0011248242462115294,100.0,15.900098085403442
taxi-M,0.25,drivers,50,28,In-data planning (POR-style),-3.638333333333333,100.0,454,0,-4.036666666666667,-5.603055907482399,3.859166666666667,78.33333333333333,0.8458594062042338,0.0,0.15414059379576622,100.0,15.900098085403442
taxi-M,0.25,drivers,50,28,Ours,-3.638333333333333,100.0,454,0,-4.7283333333333335,-6.225502037503764,0.03,3.0,0.7887866813500033,0.21004728898101963,0.0011660296689771329,100.0,15.900098085403442
taxi-M,0.25,drivers,50,28,Ours w/o stitching,-3.638333333333333,100.0,454,0,-4.995833333333334,-6.464447493813236,0.03,3.0,0.8196185286103542,0.17922744029491905,0.0011540310947267191,100.0,15.900098085403442
taxi-M,0.25,drivers,50,28,Ours w/o execution rule,-3.638333333333333,100.0,454,0,-31.635833333333334,-16.841813405936314,0.03,3.0,0.3488048076277446,0.6505908816222387,0.0006043107500167865,85.75,15.900098085403442
taxi-M,0.25,drivers,50,28,Factored Batch RL,-3.638333333333333,100.0,454,0,-5.923333333333333,-7.273457110836822,0.41,23.25,0.7760926086418225,0.20867896496223845,0.015228426395939087,100.0,15.900098085403442
taxi-M,0.25,drivers,50,29,Imitation,-3.8233333333333333,100.0,449,0,-14.500833333333333,-14.713937895118082,3.8,78.5,0.8690821394734576,0.0,0.13091786052654245,100.0,18.14217972755432
taxi-M,0.25,drivers,50,29,BC,-3.8233333333333333,100.0,449,0,-44.86,-23.54209314234362,3.8,78.5,0.8781172319781894,0.0,0.1218827680218106,97.16666666666667,18.14217972755432
taxi-M,0.25,drivers,50,29,RECO,-3.8233333333333333,100.0,449,0,-18.415555555555557,-17.87474097652765,0.0925,6.75,0.818072527113943,0.17906795016015045,0.002859522725906589,100.0,18.14217972755432
taxi-M,0.25,drivers,50,29,RECO-greedy,-3.8233333333333333,100.0,449,0,-8.156666666666666,-9.158545259830428,0.0925,6.75,0.7981593689264891,0.19866811478221105,0.003172516291299874,100.0,18.14217972755432
taxi-M,0.25,drivers,50,29,In-data planning (POR-style),-3.8233333333333333,100.0,449,0,-4.8933333333333335,-6.400086815624638,3.8,78.5,0.853244078269825,0.0,0.14675592173017507,100.0,18.14217972755432
taxi-M,0.25,drivers,50,29,Ours,-3.8233333333333333,100.0,449,0,-6.5008333333333335,-7.659686158268899,0.07,5.25,0.7077361292082058,0.28971849337898853,0.0025453774128056726,100.0,18.14217972755432
taxi-M,0.25,drivers,50,29,Ours w/o stitching,-3.8233333333333333,100.0,449,0,-7.4925,-8.568927923348289,0.07,5.25,0.7672779386388231,0.23026527448743822,0.002456786873738703,100.0,18.14217972755432
taxi-M,0.25,drivers,50,29,Ours w/o execution rule,-3.8233333333333333,100.0,449,0,-37.44833333333333,-19.2112721065219,0.04,3.0,0.2899484731954219,0.7093219437309054,0.0007295830736726908,82.75,18.14217972755432
taxi-M,0.25,drivers,50,29,Factored Batch RL,-3.8233333333333333,100.0,449,0,-4.6033333333333335,-6.152759605418243,1.5825,41.75,0.7914334071084494,0.14675823460486917,0.06180835828668142,100.0,18.14217972755432
taxi-M,0.25,drivers,150,0,Imitation,-4.053333333333334,100.0,709,1,-14.788333333333334,-15.014083214589505,2.1425,59.833333333333336,0.9264714293885489,0.0,0.07352857061145113,100.0,19.388448238372803
taxi-M,0.25,drivers,150,0,BC,-4.053333333333334,100.0,709,1,-54.4075,-27.768005968196842,2.1425,59.833333333333336,0.9328685571048096,0.0,0.06713144289519035,97.0,19.388448238372803
taxi-M,0.25,drivers,150,0,RECO,-4.053333333333334,100.0,709,1,-16.64361111111111,-16.620730958447915,0.0,0.0,0.9284207243239276,0.07157927567607236,0.0,100.0,19.388448238372803
taxi-M,0.25,drivers,150,0,RECO-greedy,-4.053333333333334,100.0,709,1,-5.164166666666667,-6.649510260475148,0.0,0.0,0.9171576902251808,0.08284230977481925,0.0,100.0,19.388448238372803
taxi-M,0.25,drivers,150,0,In-data planning (POR-style),-4.053333333333334,100.0,709,1,-4.15,-5.725224738758796,2.1425,59.833333333333336,0.9148111332007952,0.0,0.08518886679920477,100.0,19.388448238372803
taxi-M,0.25,drivers,150,0,Ours,-4.053333333333334,100.0,709,1,-5.723333333333334,-7.111013169182246,0.0,0.0,0.8366907820880629,0.16330921791193714,0.0,100.0,19.388448238372803
taxi-M,0.25,drivers,150,0,Ours w/o stitching,-4.053333333333334,100.0,709,1,-4.816666666666666,-6.325590630288205,0.0,0.0,0.8927049709489994,0.10729502905100065,0.0,100.0,19.388448238372803
taxi-M,0.25,drivers,150,0,Ours w/o execution rule,-4.053333333333334,100.0,709,1,-49.4275,-24.02402701266197,0.0,0.0,0.253451413011668,0.746548586988332,0.0,76.5,19.388448238372803
taxi-M,0.25,drivers,150,0,Factored Batch RL,-4.053333333333334,100.0,709,1,-4.513333333333334,-6.061399957808607,0.315,18.0,0.8748366866997648,0.11281682780245623,0.012346485497778939,100.0,19.388448238372803
taxi-M,0.25,drivers,150,1,Imitation,-3.638333333333333,100.0,811,0,-14.882777777777777,-15.092074223660259,1.4475,52.83333333333333,0.9499399586915798,0.0,0.05006004130842019,100.0,20.36988377571106
taxi-M,0.25,drivers,150,1,BC,-3.638333333333333,100.0,811,0,-61.538333333333334,-29.812198301371094,1.4475,52.83333333333333,0.9643326488706365,0.0,0.03566735112936345,91.0,20.36988377571106
taxi-M,0.25,drivers,150,1,RECO,-3.638333333333333,100.0,811,0,-16.002777777777776,-16.04490210278421,0.01,1.0,0.9592827617235464,0.04037980260012935,0.0003374356763242007,100.0,20.36988377571106
taxi-M,0.25,drivers,150,1,RECO-greedy,-3.638333333333333,100.0,811,0,-4.425833333333333,-5.966853930570729,0.01,1.0,0.9525417062698699,0.047064992953361084,0.0003933007767690341,100.0,20.36988377571106
taxi-M,0.25,drivers,150,1,In-data planning (POR-style),-3.638333333333333,100.0,811,0,-3.8316666666666666,-5.419294625742985,1.4475,52.83333333333333,0.9417074971474596,0.0,0.05829250285254044,100.0,20.36988377571106
taxi-M,0.25,drivers,150,1,Ours,-3.638333333333333,100.0,811,0,-4.180833333333333,-5.72904359859193,0.01,1.0,0.9088592514147665,0.09074362114041765,0.00039712744481583217,100.0,20.36988377571106
taxi-M,0.25,drivers,150,1,Ours w/o stitching,-3.638333333333333,100.0,811,0,-3.9558333333333335,-5.535332273702006,0.01,1.0,0.9314121614852907,0.06818713059738872,0.0004007079173205997,100.0,20.36988377571106
taxi-M,0.25,drivers,150,1,Ours w/o execution rule,-3.638333333333333,100.0,811,0,-35.53333333333333,-18.18596964894096,0.01,1.0,0.3529568794949907,0.6468546842121793,0.00018843629282999907,83.5,20.36988377571106
taxi-M,0.25,drivers,150,1,Factored Batch RL,-3.638333333333333,100.0,811,0,-4.473333333333334,-5.99786483967352,0.0175,1.7500000000000002,0.9135370321905261,0.08577597487568699,0.0006869929337869668,100.0,20.36988377571106
taxi-M,0.25,drivers,150,2,Imitation,-4.053333333333334,100.0,747,0,-16.01361111111111,-16.03303392876892,1.9133333333333333,57.666666666666664,0.9354118805382343,0.0,0.06458811946176567,100.0,17.60406994819641
taxi-M,0.25,drivers,150,2,BC,-4.053333333333334,100.0,747,0,-58.63166666666667,-29.76743252737013,1.9133333333333333,57.666666666666664,0.9418469175826959,0.0,0.05815308241730409,96.58333333333333,17.60406994819641
taxi-M,0.25,drivers,150,2,RECO,-4.053333333333334,100.0,747,0,-16.470277777777778,-16.42618985972904,0.01,1.0,0.9449655401172005,0.054702760476172924,0.00033169940662661706,100.0,17.60406994819641
taxi-M,0.25,drivers,150,2,RECO-greedy,-4.053333333333334,100.0,747,0,-4.593333333333334,-6.136760058621139,0.01,1.0,0.9351719197707736,0.0644373534774681,0.00039072675175827037,100.0,17.60406994819641
taxi-M,0.25,drivers,150,2,In-data planning (POR-style),-4.053333333333334,100.0,747,0,-4.13,-5.706689623178518,1.9133333333333333,57.666666666666664,0.9238625812441968,0.0,0.07613741875580315,100.0,17.60406994819641
taxi-M,0.25,drivers,150,2,Ours,-4.053333333333334,100.0,747,0,-5.153333333333333,-6.624258991646272,0.01,1.0,0.8677351516696405,0.13188248789191945,0.00038236043843996943,100.0,17.60406994819641
taxi-M,0.25,drivers,150,2,Ours w/o stitching,-4.053333333333334,100.0,747,0,-4.34,-5.897265078759504,0.01,1.0,0.9119968429360694,0.08760852407261246,0.0003946329913180742,100.0,17.60406994819641
taxi-M,0.25,drivers,150,2,Ours w/o execution rule,-4.053333333333334,100.0,747,0,-65.79166666666667,-30.626628297562537,0.01,1.0,0.1854900818017193,0.8143850300772225,0.00012488812105821868,68.0,17.60406994819641
taxi-M,0.25,drivers,150,2,Factored Batch RL,-4.053333333333334,100.0,747,0,-5.163333333333333,-6.642611824713666,0.21,10.5,0.9012294559816537,0.09074404382723913,0.008026500191107148,100.0,17.60406994819641
taxi-M,0.25,drivers,150,3,Imitation,-4.053333333333334,100.0,765,0,-17.07638888888889,-16.95549880435502,1.455,55.58333333333333,0.9517834951903162,0.0,0.048216504809683806,100.0,19.107028007507324
taxi-M,0.25,drivers,150,3,BC,-4.053333333333334,100.0,765,0,-82.31,-39.37848850163993,1.455,55.58333333333333,0.9617382157649069,0.0,0.03826178423509302,93.16666666666666,19.107028007507324
taxi-M,0.25,drivers,150,3,RECO,-4.053333333333334,100.0,765,0,-18.0275,-17.769491151865996,0.0,0.0,0.9590121855664532,0.040987814433546786,0.0,100.0,19.107028007507324
taxi-M,0.25,drivers,150,3,RECO-greedy,-4.053333333333334,100.0,765,0,-5.07,-6.577979587291806,0.0,0.0,0.9515087584707838,0.04849124152921621,0.0,100.0,19.107028007507324
taxi-M,0.25,drivers,150,3,In-data planning (POR-style),-4.053333333333334,100.0,765,0,-4.4783333333333335,-6.0227166104891205,1.455,55.58333333333333,0.9428926538889252,0.0,0.05710734611107477,100.0,19.107028007507324
taxi-M,0.25,drivers,150,3,Ours,-4.053333333333334,100.0,765,0,-4.535833333333334,-6.075474404756328,0.0,0.0,0.906340762980126,0.09365923701987404,0.0,100.0,19.107028007507324
taxi-M,0.25,drivers,150,3,Ours w/o stitching,-4.053333333333334,100.0,765,0,-4.601666666666667,-6.138102660371479,0.0,0.0,0.9357789206431872,0.0642210793568127,0.0,100.0,19.107028007507324
taxi-M,0.25,drivers,150,3,Ours w/o execution rule,-4.053333333333334,100.0,765,0,-53.595,-25.620180556260845,0.0,0.0,0.24097560975609755,0.7590243902439024,0.0,74.25,19.107028007507324
taxi-M,0.25,drivers,150,3,Factored Batch RL,-4.053333333333334,100.0,765,0,-4.558333333333334,-6.106118119208801,0.16,7.000000000000001,0.9106618845777633,0.08307792631235736,0.006260189109879361,100.0,19.107028007507324
taxi-M,0.25,drivers,150,4,Imitation,-4.053333333333334,100.0,683,1,-16.039722222222224,-16.146539335165084,2.0975,62.16666666666667,0.929101920097648,0.0,0.070898079902352,100.0,18.003581047058105
taxi-M,0.25,drivers,150,4,BC,-4.053333333333334,100.0,683,1,-144.51333333333332,-65.29046456685181,2.0975,62.16666666666667,0.9516073213873721,0.0,0.04839267861262785,90.41666666666667,18.003581047058105
taxi-M,0.25,drivers,150,4,RECO,-4.053333333333334,100.0,683,1,-17.03472222222222,-17.01025801698723,0.0,0.0,0.9370482693495079,0.06295173065049213,0.0,100.0,18.003581047058105
taxi-M,0.25,drivers,150,4,RECO-greedy,-4.053333333333334,100.0,683,1,-5.203333333333333,-6.6983846078401355,0.0,0.0,0.9265042615443327,0.07349573845566722,0.0,100.0,18.003581047058105
taxi-M,0.25,drivers,150,4,In-data planning (POR-style),-4.053333333333334,100.0,683,1,-4.2,-5.773483694591766,2.0975,62.16666666666667,0.916765873015873,0.0,0.08323412698412698,100.0,18.003581047058105
taxi-M,0.25,drivers,150,4,Ours,-4.053333333333334,100.0,683,1,-5.5633333333333335,-6.9672864833168875,0.0,0.0,0.8591416739866985,0.14085832601330153,0.0,100.0,18.003581047058105
taxi-M,0.25,drivers,150,4,Ours w/o stitching,-4.053333333333334,100.0,683,1,-4.7475,-6.263770313465335,0.0,0.0,0.9000550215231252,0.09994497847687478,0.0,100.0,18.003581047058105
taxi-M,0.25,drivers,150,4,Ours w/o execution rule,-4.053333333333334,100.0,683,1,-43.7525,-21.783081944135592,0.0,0.0,0.28917655817031307,0.7108234418296869,0.0,79.5,18.003581047058105
taxi-M,0.25,drivers,150,4,Factored Batch RL,-4.053333333333334,100.0,683,1,-4.433333333333334,-5.989796159572297,0.4675,16.5,0.8939384010484928,0.08768020969855832,0.018381389252948886,100.0,18.003581047058105
taxi-M,0.25,drivers,150,5,Imitation,-3.638333333333333,100.0,836,2,-17.74222222222222,-17.422148202582086,1.115,49.583333333333336,0.963270684259649,0.0,0.03672931574035101,100.0,21.501554250717163
taxi-M,0.25,drivers,150,5,BC,-3.638333333333333,100.0,836,2,-99.67166666666667,-46.75205614514732,1.115,49.583333333333336,0.970810881563734,0.0,0.02918911843626606,93.41666666666667,21.501554250717163
taxi-M,0.25,drivers,150,5,RECO,-3.638333333333333,100.0,836,2,-18.295555555555556,-17.930775497521307,0.0,0.0,0.9738657085597704,0.026134291440229655,0.0,100.0,21.501554250717163
taxi-M,0.25,drivers,150,5,RECO-greedy,-3.638333333333333,100.0,836,2,-4.904166666666667,-6.387224680663724,0.0,0.0,0.9689560881454078,0.031043911854592248,0.0,100.0,21.501554250717163
taxi-M,0.25,drivers,150,5,In-data planning (POR-style),-3.638333333333333,100.0,836,2,-4.415,-5.935141723928343,1.115,49.583333333333336,0.9561282707062758,0.0,0.04387172929372418,100.0,21.501554250717163
taxi-M,0.25,drivers,150,5,Ours,-3.638333333333333,100.0,836,2,-3.888333333333333,-5.469508887535509,0.0,0.0,0.9151208732337776,0.08487912676622246,0.0,100.0,21.501554250717163
taxi-M,0.25,drivers,150,5,Ours w/o stitching,-3.638333333333333,100.0,836,2,-4.41,-5.935678130234865,0.0,0.0,0.9524465433556343,0.047553456644365735,0.0,100.0,21.501554250717163
taxi-M,0.25,drivers,150,5,Ours w/o execution rule,-3.638333333333333,100.0,836,2,-17.1875,-10.750760262560833,0.0,0.0,0.5765643085722068,0.4234356914277933,0.0,93.0,21.501554250717163
taxi-M,0.25,drivers,150,5,Factored Batch RL,-3.638333333333333,100.0,836,2,-3.9133333333333336,-5.496957274198994,0.025,2.5,0.9290875033449291,0.06990901792881991,0.0010034787262510035,100.0,21.501554250717163
taxi-M,0.25,drivers,150,6,Imitation,-3.638333333333333,100.0,784,2,-16.38138888888889,-16.222201721597603,1.2766666666666666,53.5,0.9578920365008978,0.0,0.04210796349910214,100.0,18.16475772857666
taxi-M,0.25,drivers,150,6,BC,-3.638333333333333,100.0,784,2,-23.971666666666668,-15.025655535233048,1.2766666666666666,53.5,0.9589419237263153,0.0,0.041058076273684775,97.66666666666667,18.16475772857666
taxi-M,0.25,drivers,150,6,RECO,-3.638333333333333,100.0,784,2,-17.20888888888889,-16.95964581043571,0.0,0.0,0.9662022657498339,0.03379773425016607,0.0,100.0,18.16475772857666
taxi-M,0.25,drivers,150,6,RECO-greedy,-3.638333333333333,100.0,784,2,-4.775,-6.282357218376126,0.0,0.0,0.9594245069511801,0.04057549304881992,0.0,100.0,18.16475772857666
taxi-M,0.25,drivers,150,6,In-data planning (POR-style),-3.638333333333333,100.0,784,2,-4.215,-5.765682209764858,1.2766666666666666,53.5,0.9493687619803027,0.0,0.050631238019697274,100.0,18.16475772857666
taxi-M,0.25,drivers,150,6,Ours,-3.638333333333333,100.0,784,2,-3.868333333333333,-5.451550781502284,0.0,0.0,0.9143153944105623,0.0856846055894377,0.0,100.0,18.16475772857666
taxi-M,0.25,drivers,150,6,Ours w/o stitching,-3.638333333333333,100.0,784,2,-4.17,-5.729905323180691,0.0,0.0,0.9419613296252152,0.058038670374784794,0.0,100.0,18.16475772857666
taxi-M,0.25,drivers,150,6,Ours w/o execution rule,-3.638333333333333,100.0,784,2,-17.1875,-10.751315433145969,0.0,0.0,0.5671001566010758,0.43289984339892423,0.0,93.0,18.16475772857666
taxi-M,0.25,drivers,150,6,Factored Batch RL,-3.638333333333333,100.0,784,2,-4.0633333333333335,-5.634245887434747,0.08,5.0,0.9158797712461764,0.08092831493549674,0.003191913818326905,100.0,18.16475772857666
taxi-M,0.25,drivers,150,7,Imitation,-3.8233333333333333,100.0,675,0,-15.381666666666666,-15.53524937828453,2.3566666666666665,62.83333333333333,0.9200836465368638,0.0,0.07991635346313618,100.0,20.430405378341675
taxi-M,0.25,drivers,150,7,BC,-3.8233333333333333,100.0,675,0,-17.7625,-12.182144442655364,2.3566666666666665,62.83333333333333,0.9266293067662931,0.0,0.07337069323370693,96.83333333333334,20.430405378341675
taxi-M,0.25,drivers,150,7,RECO,-3.8233333333333333,100.0,675,0,-16.0975,-16.131702715067266,0.0,0.0,0.9223478640882771,0.07765213591172293,0.0,100.0,20.430405378341675
taxi-M,0.25,drivers,150,7,RECO-greedy,-3.8233333333333333,100.0,675,0,-4.821666666666666,-6.333045529823099,0.0,0.0,0.9082488865939456,0.09175111340605435,0.0,100.0,20.430405378341675
taxi-M,0.25,drivers,150,7,In-data planning (POR-style),-3.8233333333333333,100.0,675,0,-3.8516666666666666,-5.444552226511721,2.3566666666666665,62.83333333333333,0.9051706793642278,0.0,0.09482932063577225,100.0,20.430405378341675
taxi-M,0.25,drivers,150,7,Ours,-3.8233333333333333,100.0,675,0,-4.390833333333333,-5.932276607428847,0.0,0.0,0.8781384357871935,0.12186156421280646,0.0,100.0,20.430405378341675
taxi-M,0.25,drivers,150,7,Ours w/o stitching,-3.8233333333333333,100.0,675,0,-4.335,-5.881519326806365,0.0,0.0,0.8908624432603118,0.10913755673968818,0.0,100.0,20.430405378341675
taxi-M,0.25,drivers,150,7,Ours w/o execution rule,-3.8233333333333333,100.0,675,0,-33.26,-17.343232829966425,0.0,0.0,0.3654376601544011,0.634562339845599,0.0,84.75,20.430405378341675
taxi-M,0.25,drivers,150,7,Factored Batch RL,-3.8233333333333333,100.0,675,0,-4.1033333333333335,-5.675833224498907,0.51,16.25,0.8876643208073297,0.09201965210463418,0.020316027088036117,100.0,20.430405378341675
taxi-M,0.25,drivers,150,8,Imitation,-4.053333333333334,100.0,784,0,-14.27111111111111,-14.547317196796245,1.475,54.75,0.9491793080346461,0.0,0.05082069196535388,100.0,22.389204025268555
taxi-M,0.25,drivers,150,8,BC,-4.053333333333334,100.0,784,0,-74.21,-35.246711552629385,1.475,54.75,0.9606430524981656,0.0,0.03935694750183443,92.83333333333333,22.389204025268555
taxi-M,0.25,drivers,150,8,RECO,-4.053333333333334,100.0,784,0,-15.18388888888889,-15.358615613476132,0.0,0.0,0.957819695442945,0.04218030455705501,0.0,100.0,22.389204025268555
taxi-M,0.25,drivers,150,8,RECO-greedy,-4.053333333333334,100.0,784,0,-4.6025,-6.1421277962604925,0.0,0.0,0.9514044852390717,0.04859551476092829,0.0,100.0,22.389204025268555
taxi-M,0.25,drivers,150,8,In-data planning (POR-style),-4.053333333333334,100.0,784,0,-4.216666666666667,-5.783122692100986,1.475,54.75,0.9415069398545935,0.0,0.05849306014540648,100.0,22.389204025268555
taxi-M,0.25,drivers,150,8,Ours,-4.053333333333334,100.0,784,0,-5.1033333333333335,-6.581543458080989,0.0,0.0,0.8844655854935513,0.11553441450644873,0.0,100.0,22.389204025268555
taxi-M,0.25,drivers,150,8,Ours w/o stitching,-4.053333333333334,100.0,784,0,-4.4383333333333335,-5.985559743298906,0.0,0.0,0.9288147808425604,0.07118521915743956,0.0,100.0,22.389204025268555
taxi-M,0.25,drivers,150,8,Ours w/o execution rule,-4.053333333333334,100.0,784,0,-63.9,-29.88081181985216,0.0,0.0,0.19765488795339542,0.8023451120466046,0.0,69.0,22.389204025268555
taxi-M,0.25,drivers,150,8,Factored Batch RL,-4.053333333333334,100.0,784,0,-4.7683333333333335,-6.2855113885375555,0.2825,11.75,0.9160468275014553,0.07299010413297975,0.01096306836556497,100.0,22.389204025268555
taxi-M,0.25,drivers,150,9,Imitation,-3.8233333333333333,100.0,750,1,-14.937222222222223,-15.194599546161395,1.8541666666666667,56.49999999999999,0.9358413671796153,0.0,0.06415863282038467,100.0,20.09215807914734
taxi-M,0.25,drivers,150,9,BC,-3.8233333333333333,100.0,750,1,-80.845,-38.37059388464534,1.8541666666666667,56.49999999999999,0.9463415810543578,0.0,0.05365841894564221,95.0,20.09215807914734
taxi-M,0.25,drivers,150,9,RECO,-3.8233333333333333,100.0,750,1,-15.455,-15.663869898613136,0.0,0.0,0.9471874647728554,0.05281253522714463,0.0,100.0,20.09215807914734
taxi-M,0.25,drivers,150,9,RECO-greedy,-3.8233333333333333,100.0,750,1,-4.651666666666666,-6.184606707334935,0.0,0.0,0.9391202650899877,0.06087973491001235,0.0,100.0,20.09215807914734
taxi-M,0.25,drivers,150,9,In-data planning (POR-style),-3.8233333333333333,100.0,750,1,-3.965,-5.552604293688943,1.8541666666666667,56.49999999999999,0.9257293544295346,0.0,0.07427064557046532,100.0,20.09215807914734
taxi-M,0.25,drivers,150,9,Ours,-3.8233333333333333,100.0,750,1,-4.553333333333334,-6.083958732810074,0.0,0.0,0.893001565353509,0.106998434646491,0.0,100.0,20.09215807914734
taxi-M,0.25,drivers,150,9,Ours w/o stitching,-3.8233333333333333,100.0,750,1,-4.2225,-5.794357791858571,0.0,0.0,0.9219942511646347,0.07800574883536525,0.0,100.0,20.09215807914734
taxi-M,0.25,drivers,150,9,Ours w/o execution rule,-3.8233333333333333,100.0,750,1,-30.53,-16.327110023351292,0.0,0.0,0.4004385739493927,0.5995614260506074,0.0,86.25,20.09215807914734
taxi-M,0.25,drivers,150,9,Factored Batch RL,-3.8233333333333333,100.0,750,1,-4.758333333333334,-6.28047863134715,0.145,9.5,0.9020058233581365,0.09236493044322226,0.005629246198641216,100.0,20.09215807914734
taxi-M,0.25,drivers,150,10,Imitation,-4.053333333333334,100.0,661,0,-16.057777777777776,-16.187302075591784,2.6366666666666667,63.66666666666667,0.9108263500056367,0.0,0.08917364999436324,100.0,15.295294523239136
taxi-M,0.25,drivers,150,10,BC,-4.053333333333334,100.0,661,0,-123.6675,-56.778847981885455,2.6366666666666667,63.66666666666667,0.9400927766732936,0.0,0.05990722332670643,90.08333333333334,15.295294523239136
taxi-M,0.25,drivers,150,10,RECO,-4.053333333333334,100.0,661,0,-18.44527777777778,-18.094249473568322,0.01,1.0,0.8956478124670022,0.10403540882052727,0.00031677871247052196,100.0,15.295294523239136
taxi-M,0.25,drivers,150,10,RECO-greedy,-4.053333333333334,100.0,661,0,-6.1075,-7.460423143352487,0.01,1.0,0.8784776660825725,0.12115343232192813,0.00036890159549940053,100.0,15.295294523239136
taxi-M,0.25,drivers,150,10,In-data planning (POR-style),-4.053333333333334,100.0,661,0,-4.225,-5.796690715512064,2.6366666666666667,63.66666666666667,0.8954740667327387,0.0,0.10452593326726131,100.0,15.295294523239136
taxi-M,0.25,drivers,150,10,Ours,-4.053333333333334,100.0,661,0,-7.1033333333333335,-8.296772929281403,0.01,1.0,0.7724172696002847,0.22722690072352034,0.0003558296761949947,100.0,15.295294523239136
taxi-M,0.25,drivers,150,10,Ours w/o stitching,-4.053333333333334,100.0,661,0,-6.233333333333333,-7.558569554467958,0.01,1.0,0.8343941248470013,0.16523867809057527,0.0003671970624235006,100.0,15.295294523239136
taxi-M,0.25,drivers,150,10,Ours w/o execution rule,-4.053333333333334,100.0,661,0,-70.79333333333334,-32.74474142946755,0.01,1.0,0.16380177019062075,0.8360799542667902,0.00011827554258905163,65.5,15.295294523239136
taxi-M,0.25,drivers,150,10,Factored Batch RL,-4.053333333333334,100.0,661,0,-4.678333333333334,-6.207426563537481,0.565,22.75,0.8497436230284935,0.12825339131563576,0.022002985655870708,100.0,15.295294523239136
taxi-M,0.25,drivers,150,11,Imitation,-4.633333333333334,100.0,646,0,-14.231111111111112,-14.482878392496257,2.0241666666666664,62.416666666666664,0.932145783671037,0.0,0.06785421632896305,100.0,16.266302347183228
taxi-M,0.25,drivers,150,11,BC,-4.633333333333334,100.0,646,0,-16.235833333333332,-11.92619263120801,2.0241666666666664,62.416666666666664,0.9281594747271598,0.0,0.0718405252728402,99.5,16.266302347183228
taxi-M,0.25,drivers,150,11,RECO,-4.633333333333334,100.0,646,0,-14.93138888888889,-15.071420997442676,0.03,3.0,0.9423066391632136,0.05670761760464395,0.0009857432321425312,100.0,16.266302347183228
taxi-M,0.25,drivers,150,11,RECO-greedy,-4.633333333333334,100.0,646,0,-5.971666666666667,-7.374620061322412,0.03,3.0,0.9349008218500896,0.06398689983315825,0.0011122783167521473,100.0,16.266302347183228
taxi-M,0.25,drivers,150,11,In-data planning (POR-style),-4.633333333333334,100.0,646,0,-5.483333333333333,-6.925249287734985,2.0241666666666664,62.416666666666664,0.923568281938326,0.0,0.07643171806167401,100.0,16.266302347183228
taxi-M,0.25,drivers,150,11,Ours,-4.633333333333334,100.0,646,0,-6.151666666666666,-7.494754320752307,0.03,3.0,0.9100116628813455,0.08888343257013075,0.0011049045485237248,100.0,16.266302347183228
taxi-M,0.25,drivers,150,11,Ours w/o stitching,-4.633333333333334,100.0,646,0,-5.641666666666667,-7.070733670941575,0.03,3.0,0.920863309352518,0.07801063497028464,0.0011260556771973726,100.0,16.266302347183228
taxi-M,0.25,drivers,150,11,Ours w/o execution rule,-4.633333333333334,100.0,646,0,-24.273333333333333,-14.294120370211658,0.03,3.0,0.4925880172946263,0.5067171093267449,0.0006948733786287832,90.0,16.266302347183228
taxi-M,0.25,drivers,150,11,Factored Batch RL,-4.633333333333334,100.0,646,0,-6.181666666666667,-7.563487833332404,0.2,11.75,0.911735851370409,0.08090624808388007,0.007357900545710957,100.0,16.266302347183228
taxi-M,0.25,drivers,150,12,Imitation,-3.8233333333333333,100.0,804,0,-17.397777777777776,-17.242116449678065,1.4116666666666666,52.5,0.953011446640901,0.0,0.046988553359099065,100.0,22.605782985687256
taxi-M,0.25,drivers,150,12,BC,-3.8233333333333333,100.0,804,0,-31.96,-18.237862069004315,1.4116666666666666,52.5,0.9586324786324786,0.0,0.041367521367521365,95.66666666666667,22.605782985687256
taxi-M,0.25,drivers,150,12,RECO,-3.8233333333333333,100.0,804,0,-17.89,-17.682415762944455,0.0,0.0,0.9637325479930192,0.0362674520069808,0.0,100.0,22.605782985687256
taxi-M,0.25,drivers,150,12,RECO-greedy,-3.8233333333333333,100.0,804,0,-4.455,-6.005026462383085,0.0,0.0,0.956459110849211,0.04354088915078897,0.0,100.0,22.605782985687256
taxi-M,0.25,drivers,150,12,In-data planning (POR-style),-3.8233333333333333,100.0,804,0,-4.038333333333333,-5.6155670981021295,1.4116666666666666,52.5,0.943619782999401,0.0,0.05638021700059908,100.0,22.605782985687256
taxi-M,0.25,drivers,150,12,Ours,-3.8233333333333333,100.0,804,0,-4.885833333333333,-6.381130892967059,0.0,0.0,0.8821749348099025,0.11782506519009754,0.0,100.0,22.605782985687256
taxi-M,0.25,drivers,150,12,Ours w/o stitching,-3.8233333333333333,100.0,804,0,-4.1775,-5.748249142311777,0.0,0.0,0.938337801608579,0.06166219839142091,0.0,100.0,22.605782985687256
taxi-M,0.25,drivers,150,12,Ours w/o execution rule,-3.8233333333333333,100.0,804,0,-63.373333333333335,-29.642280042930032,0.0,0.0,0.20006631086963497,0.799933689130365,0.0,69.25,22.605782985687256
taxi-M,0.25,drivers,150,12,Factored Batch RL,-3.8233333333333333,100.0,804,0,-4.093333333333334,-5.673417900012238,0.0825,4.25,0.9241166312433581,0.07259564293304994,0.0032877258235919234,100.0,22.605782985687256
taxi-M,0.25,drivers,150,13,Imitation,-4.633333333333334,100.0,630,0,-14.625277777777777,-14.75878975816976,2.441666666666667,65.25,0.9165464074130336,0.0,0.08345359258696643,100.0,14.34621000289917
taxi-M,0.25,drivers,150,13,BC,-4.633333333333334,100.0,630,0,-58.39666666666667,-28.86870638506573,2.441666666666667,65.25,0.925346514472075,0.0,0.07465348552792499,95.91666666666666,14.34621000289917
taxi-M,0.25,drivers,150,13,RECO,-4.633333333333334,100.0,630,0,-16.82472222222222,-16.48021429647033,0.0,0.0,0.8729718510144057,0.12702814898559428,0.0,100.0,14.34621000289917
taxi-M,0.25,drivers,150,13,RECO-greedy,-4.633333333333334,100.0,630,0,-6.951666666666667,-8.114893594402627,0.0,0.0,0.8570747123009957,0.14292528769900423,0.0,100.0,14.34621000289917
taxi-M,0.25,drivers,150,13,In-data planning (POR-style),-4.633333333333334,100.0,630,0,-4.703333333333333,-6.216419850760958,2.441666666666667,65.25,0.9050058358189599,0.0,0.09499416418104008,100.0,14.34621000289917
taxi-M,0.25,drivers,150,13,Ours,-4.633333333333334,100.0,630,0,-9.585833333333333,-10.156175452040934,0.0,0.0,0.7639157562052148,0.23608424379478518,0.0,100.0,14.34621000289917
taxi-M,0.25,drivers,150,13,Ours w/o stitching,-4.633333333333334,100.0,630,0,-7.7508333333333335,-8.70122215979665,0.0,0.0,0.8143242224863048,0.18567577751369527,0.0,100.0,14.34621000289917
taxi-M,0.25,drivers,150,13,Ours w/o execution rule,-4.633333333333334,100.0,630,0,-57.03666666666667,-27.041027917334,0.0,0.0,0.21464815370067117,0.7853518462993289,0.0,72.5,14.34621000289917
taxi-M,0.25,drivers,150,13,Factored Batch RL,-4.633333333333334,100.0,630,0,-4.928333333333334,-6.421526833958393,0.865,26.75,0.8979880439673459,0.06865076814295816,0.033361187889695956,100.0,14.34621000289917
taxi-M,0.25,drivers,150,14,Imitation,-3.638333333333333,100.0,802,0,-16.162777777777777,-16.17068059350012,1.4283333333333332,52.416666666666664,0.9515577453908259,0.0,0.04844225460917407,100.0,15.413838148117065
taxi-M,0.25,drivers,150,14,BC,-3.638333333333333,100.0,802,0,-108.18166666666667,-49.475498612709025,1.4283333333333332,52.416666666666664,0.9650382457929628,0.0,0.034961754207037225,91.25,15.413838148117065
taxi-M,0.25,drivers,150,14,RECO,-3.638333333333333,100.0,802,0,-17.56111111111111,-17.40738196952219,0.0,0.0,0.9615441489066745,0.038455851093325444,0.0,100.0,15.413838148117065
taxi-M,0.25,drivers,150,14,RECO-greedy,-3.638333333333333,100.0,802,0,-4.91,-6.387061332857386,0.0,0.0,0.9553904541361122,0.044609545863887816,0.0,100.0,15.413838148117065
taxi-M,0.25,drivers,150,14,In-data planning (POR-style),-3.638333333333333,100.0,802,0,-4.455,-5.944968037415632,1.4283333333333332,52.416666666666664,0.9438879067635697,0.0,0.0561120932364303,100.0,15.413838148117065
taxi-M,0.25,drivers,150,14,Ours,-3.638333333333333,100.0,802,0,-4.1658333333333335,-5.712329311242038,0.0,0.0,0.9083082221265605,0.09169177787343952,0.0,100.0,15.413838148117065
taxi-M,0.25,drivers,150,14,Ours w/o stitching,-3.638333333333333,100.0,802,0,-4.553333333333334,-6.052526047674924,0.0,0.0,0.934939994782155,0.06506000521784502,0.0,100.0,15.413838148117065
taxi-M,0.25,drivers,150,14,Ours w/o execution rule,-3.638333333333333,100.0,802,0,-19.628333333333334,-11.756294067545236,0.0,0.0,0.536411355115158,0.46358864488484197,0.0,91.75,15.413838148117065
taxi-M,0.25,drivers,150,14,Factored Batch RL,-3.638333333333333,100.0,802,0,-4.358333333333333,-5.907075315378405,0.0,0.0,0.9151495234965494,0.08485047650345054,0.0,100.0,15.413838148117065
taxi-M,0.25,drivers,150,15,Imitation,-3.8233333333333333,100.0,743,0,-13.88,-14.18766827013144,1.915,58.916666666666664,0.9337026138133979,0.0,0.06629738618660204,100.0,18.986928939819336
taxi-M,0.25,drivers,150,15,BC,-3.8233333333333333,100.0,743,0,-57.5975,-28.79494429214752,1.915,58.916666666666664,0.9443839395919553,0.0,0.055616060408044725,95.08333333333333,18.986928939819336
taxi-M,0.25,drivers,150,15,RECO,-3.8233333333333333,100.0,743,0,-15.056944444444444,-15.200451668759538,0.0,0.0,0.9447100317145504,0.055289968285449666,0.0,100.0,18.986928939819336
taxi-M,0.25,drivers,150,15,RECO-greedy,-3.8233333333333333,100.0,743,0,-4.600833333333333,-6.134607767871371,0.0,0.0,0.9358744832524983,0.0641255167475017,0.0,100.0,18.986928939819336
taxi-M,0.25,drivers,150,15,In-data planning (POR-style),-3.8233333333333333,100.0,743,0,-3.885,-5.476618437915284,1.915,58.916666666666664,0.9230460116536066,0.0,0.07695398834639341,100.0,18.986928939819336
taxi-M,0.25,drivers,150,15,Ours,-3.8233333333333333,100.0,743,0,-4.235833333333333,-5.7932378932745054,0.0,0.0,0.905854770002972,0.09414522999702804,0.0,100.0,18.986928939819336
taxi-M,0.25,drivers,150,15,Ours w/o stitching,-3.8233333333333333,100.0,743,0,-4.239166666666667,-5.797348179169236,0.0,0.0,0.9108198236867303,0.08918017631326972,0.0,100.0,18.986928939819336
taxi-M,0.25,drivers,150,15,Ours w/o execution rule,-3.8233333333333333,100.0,743,0,-31.230833333333333,-16.471791506482337,0.0,0.0,0.39256338218867415,0.6074366178113259,0.0,85.75,18.986928939819336
taxi-M,0.25,drivers,150,15,Factored Batch RL,-3.8233333333333333,100.0,743,0,-4.043333333333333,-5.6209913178018525,0.2575,10.5,0.9121522693997072,0.07756555304139491,0.01028217755889791,100.0,18.986928939819336
taxi-M,0.25,drivers,150,16,Imitation,-3.638333333333333,100.0,827,0,-15.888055555555555,-15.986519657559523,1.3891666666666667,50.583333333333336,0.9528585568176462,0.0,0.047141443182353776,100.0,13.025938987731934
taxi-M,0.25,drivers,150,16,BC,-3.638333333333333,100.0,827,0,-107.11083333333333,-48.719306549345994,1.3891666666666667,50.583333333333336,0.9638457534484255,0.0,0.036154246551574565,92.16666666666666,13.025938987731934
taxi-M,0.25,drivers,150,16,RECO,-3.638333333333333,100.0,827,0,-16.506666666666668,-16.532875228668857,0.0,0.0,0.9653579029909264,0.0346420970090736,0.0,100.0,13.025938987731934
taxi-M,0.25,drivers,150,16,RECO-greedy,-3.638333333333333,100.0,827,0,-4.309166666666667,-5.861569909056682,0.0,0.0,0.9592703565901682,0.04072964340983175,0.0,100.0,13.025938987731934
taxi-M,0.25,drivers,150,16,In-data planning (POR-style),-3.638333333333333,100.0,827,0,-3.875,-5.457384692076823,1.3891666666666667,50.583333333333336,0.9441541038525963,0.0,0.055845896147403686,100.0,13.025938987731934
taxi-M,0.25,drivers,150,16,Ours,-3.638333333333333,100.0,827,0,-4.110833333333333,-5.66566759207757,0.0,0.0,0.9157402183652474,0.0842597816347526,0.0,100.0,13.025938987731934
taxi-M,0.25,drivers,150,16,Ours w/o stitching,-3.638333333333333,100.0,827,0,-3.9191666666666665,-5.500702458866285,0.0,0.0,0.9406079657559442,0.05939203424405578,0.0,100.0,13.025938987731934
taxi-M,0.25,drivers,150,16,Ours w/o execution rule,-3.638333333333333,100.0,827,0,-32.608333333333334,-16.986215054868676,0.0,0.0,0.3797357555739059,0.6202642444260942,0.0,85.0,13.025938987731934
taxi-M,0.25,drivers,150,16,Factored Batch RL,-3.638333333333333,100.0,827,0,-4.238333333333333,-5.79481127146084,0.04,4.0,0.92432146866539,0.07409364062603183,0.0015848907085782209,100.0,13.025938987731934
taxi-M,0.25,drivers,150,17,Imitation,-3.8233333333333333,100.0,768,0,-16.3625,-16.3461627869312,1.6216666666666666,55.166666666666664,0.9446907685311505,0.0,0.05530923146884948,100.0,14.265493392944336
taxi-M,0.25,drivers,150,17,BC,-3.8233333333333333,100.0,768,0,-83.80166666666666,-39.42782480562724,1.6216666666666666,55.166666666666664,0.9577599305404819,0.0,0.04224006945951812,92.58333333333333,14.265493392944336
taxi-M,0.25,drivers,150,17,RECO,-3.8233333333333333,100.0,768,0,-17.060277777777777,-16.947233293644118,0.0,0.0,0.9643832825537353,0.03561671744626469,0.0,100.0,14.265493392944336
taxi-M,0.25,drivers,150,17,RECO-greedy,-3.8233333333333333,100.0,768,0,-4.9158333333333335,-6.41475908648508,0.0,0.0,0.9587768095437152,0.04122319045628477,0.0,100.0,14.265493392944336
taxi-M,0.25,drivers,150,17,In-data planning (POR-style),-3.8233333333333333,100.0,768,0,-4.358333333333333,-5.89283312221792,1.6216666666666666,55.166666666666664,0.9360499507065396,0.0,0.0639500492934604,100.0,14.265493392944336
taxi-M,0.25,drivers,150,17,Ours,-3.8233333333333333,100.0,768,0,-4.185833333333333,-5.75042411631455,0.0,0.0,0.8967011878370778,0.10329881216292228,0.0,100.0,14.265493392944336
taxi-M,0.25,drivers,150,17,Ours w/o stitching,-3.8233333333333333,100.0,768,0,-4.380833333333333,-5.92402862921982,0.0,0.0,0.9345963161178055,0.06540368388219457,0.0,100.0,14.265493392944336
taxi-M,0.25,drivers,150,17,Ours w/o execution rule,-3.8233333333333333,100.0,768,0,-34.15833333333333,-17.67392078056265,0.0,0.0,0.3602481477314733,0.6397518522685267,0.0,84.25,14.265493392944336
taxi-M,0.25,drivers,150,17,Factored Batch RL,-3.8233333333333333,100.0,768,0,-4.778333333333333,-6.286315849951101,0.03,2.0,0.8924807655007435,0.10635546647701558,0.0011637680222409,100.0,14.265493392944336
taxi-M,0.25,drivers,150,18,Imitation,-3.5933333333333333,100.0,863,0,-15.610555555555555,-15.69620683545111,1.2183333333333333,47.75,0.9586733251672477,0.0,0.041326674832752285,100.0,18.168720722198486
taxi-M,0.25,drivers,150,18,BC,-3.5933333333333333,100.0,863,0,-124.04333333333334,-56.49439067223158,1.2183333333333333,47.75,0.9696975977781002,0.0,0.030302402221899807,91.66666666666666,18.168720722198486
taxi-M,0.25,drivers,150,18,RECO,-3.5933333333333333,100.0,863,0,-17.009722222222223,-16.91961491922902,0.0,0.0,0.9709315674911142,0.02906843250888585,0.0,100.0,18.168720722198486
taxi-M,0.25,drivers,150,18,RECO-greedy,-3.5933333333333333,100.0,863,0,-4.594166666666666,-6.121424613502813,0.0,0.0,0.9656497248722039,0.034350275127796044,0.0,100.0,18.168720722198486
taxi-M,0.25,drivers,150,18,In-data planning (POR-style),-3.5933333333333333,100.0,863,0,-3.9916666666666667,-5.559156283360983,1.2183333333333333,47.75,0.9512504168056019,0.0,0.048749583194398136,100.0,18.168720722198486
taxi-M,0.25,drivers,150,18,Ours,-3.5933333333333333,100.0,863,0,-3.9158333333333335,-5.500273722086511,0.0,0.0,0.9229740125087795,0.07702598749122044,0.0,100.0,18.168720722198486
taxi-M,0.25,drivers,150,18,Ours w/o stitching,-3.5933333333333333,100.0,863,0,-4.1775,-5.735303333202746,0.0,0.0,0.9482673021547016,0.05173269784529838,0.0,100.0,18.168720722198486
taxi-M,0.25,drivers,150,18,Ours w/o execution rule,-3.5933333333333333,100.0,863,0,-15.7975,-10.220130335569628,0.0,0.0,0.6022967451035649,0.3977032548964351,0.0,93.75,18.168720722198486
taxi-M,0.25,drivers,150,18,Factored Batch RL,-3.5933333333333333,100.0,863,0,-3.9183333333333334,-5.507757834265415,0.055,5.5,0.9336164805029764,0.06417630927697145,0.0022072102200521703,100.0,18.168720722198486
taxi-M,0.25,drivers,150,19,Imitation,-3.638333333333333,100.0,692,1,-15.741111111111111,-15.780009361363108,2.529166666666667,60.916666666666664,0.9124283460931789,0.0,0.08757165390682106,100.0,16.30275058746338
taxi-M,0.25,drivers,150,19,BC,-3.638333333333333,100.0,692,1,-42.87916666666667,-22.18072502725043,2.529166666666667,60.916666666666664,0.9235651144634447,0.0,0.07643488553655527,95.41666666666667,16.30275058746338
taxi-M,0.25,drivers,150,19,RECO,-3.638333333333333,100.0,692,1,-17.30611111111111,-17.111118207632046,0.0,0.0,0.9242489963545752,0.07575100364542477,0.0,100.0,16.30275058746338
taxi-M,0.25,drivers,150,19,RECO-greedy,-3.638333333333333,100.0,692,1,-4.931666666666667,-6.408549653255374,0.0,0.0,0.9120766116074298,0.08792338839257022,0.0,100.0,16.30275058746338
taxi-M,0.25,drivers,150,19,In-data planning (POR-style),-3.638333333333333,100.0,692,1,-3.69,-5.289764913071113,2.529166666666667,60.916666666666664,0.8975631159713784,0.0,0.10243688402862157,100.0,16.30275058746338
taxi-M,0.25,drivers,150,19,Ours,-3.638333333333333,100.0,692,1,-4.283333333333333,-5.824651431305455,0.0,0.0,0.8470995385629532,0.1529004614370468,0.0,100.0,16.30275058746338
taxi-M,0.25,drivers,150,19,Ours w/o stitching,-3.638333333333333,100.0,692,1,-4.076666666666667,-5.6444883567403155,0.0,0.0,0.8791705436660907,0.12082945633390935,0.0,100.0,16.30275058746338
taxi-M,0.25,drivers,150,19,Ours w/o execution rule,-3.638333333333333,100.0,692,1,-22.688333333333333,-13.078886830263242,0.0,0.0,0.45906462006443993,0.5409353799355601,0.0,90.25,16.30275058746338
taxi-M,0.25,drivers,150,19,Factored Batch RL,-3.638333333333333,100.0,692,1,-4.123333333333333,-5.677172622771416,1.13,29.25,0.8849343240015921,0.07008756799787715,0.04497810800053072,100.0,16.30275058746338
taxi-M,0.25,drivers,150,20,Imitation,-3.8233333333333333,100.0,800,0,-15.979444444444445,-16.00056955433533,1.3016666666666667,51.0,0.9563739956988446,0.0,0.043626004301155354,100.0,17.96837568283081
taxi-M,0.25,drivers,150,20,BC,-3.8233333333333333,100.0,800,0,-113.12833333333333,-52.01985845262497,1.3016666666666667,51.0,0.97167570312075,0.0,0.028324296879250005,88.41666666666667,17.96837568283081
taxi-M,0.25,drivers,150,20,RECO,-3.8233333333333333,100.0,800,0,-17.148333333333333,-17.00070819941153,0.0,0.0,0.9706484641638226,0.029351535836177476,0.0,100.0,17.96837568283081
taxi-M,0.25,drivers,150,20,RECO-greedy,-3.8233333333333333,100.0,800,0,-4.839166666666666,-6.3507896621744235,0.0,0.0,0.9653304092624246,0.03466959073757538,0.0,100.0,17.96837568283081
taxi-M,0.25,drivers,150,20,In-data planning (POR-style),-3.8233333333333333,100.0,800,0,-4.36,-5.899112353413265,1.3016666666666667,51.0,0.9486724500525763,0.0,0.051327549947423765,100.0,17.96837568283081
taxi-M,0.25,drivers,150,20,Ours,-3.8233333333333333,100.0,800,0,-5.098333333333334,-6.565492104272451,0.0,0.0,0.8755986972348171,0.12440130276518296,0.0,100.0,17.96837568283081
taxi-M,0.25,drivers,150,20,Ours w/o stitching,-3.8233333333333333,100.0,800,0,-4.460833333333333,-6.001151081491683,0.0,0.0,0.9428206722744084,0.057179327725591596,0.0,100.0,17.96837568283081
taxi-M,0.25,drivers,150,20,Ours w/o execution rule,-3.8233333333333333,100.0,800,0,-52.2,-25.07920785752658,0.0,0.0,0.24816041206769685,0.7518395879323032,0.0,75.0,17.96837568283081
taxi-M,0.25,drivers,150,20,Factored Batch RL,-3.8233333333333333,100.0,800,0,-4.3933333333333335,-5.947188475828616,0.0075,0.75,0.9317077973221318,0.06799684956681544,0.0002953531110527698,100.0,17.96837568283081
taxi-M,0.25,drivers,150,21,Imitation,-3.8233333333333333,100.0,782,0,-15.500555555555556,-15.616574275340293,1.6333333333333333,54.083333333333336,0.9446572609108963,0.0,0.05534273908910369,100.0,15.927867650985718
taxi-M,0.25,drivers,150,21,BC,-3.8233333333333333,100.0,782,0,-148.59416666666667,-66.88313703483443,1.6333333333333333,54.083333333333336,0.9600130569609924,0.0,0.03998694303900767,91.16666666666666,15.927867650985718
taxi-M,0.25,drivers,150,21,RECO,-3.8233333333333333,100.0,782,0,-15.800833333333333,-15.902483851019198,0.0,0.0,0.9620302315906254,0.03796976840937457,0.0,100.0,15.927867650985718
taxi-M,0.25,drivers,150,21,RECO-greedy,-3.8233333333333333,100.0,782,0,-4.714166666666666,-6.234455401884882,0.0,0.0,0.9556340538613605,0.044365946138639534,0.0,100.0,15.927867650985718
taxi-M,0.25,drivers,150,21,In-data planning (POR-style),-3.8233333333333333,100.0,782,0,-4.218333333333334,-5.7701292992629805,1.6333333333333333,54.083333333333336,0.9352323045403477,0.0,0.06476769545965237,100.0,15.927867650985718
taxi-M,0.25,drivers,150,21,Ours,-3.8233333333333333,100.0,782,0,-5.108333333333333,-6.572626775121074,0.0,0.0,0.8682732205553783,0.13172677944462177,0.0,100.0,15.927867650985718
taxi-M,0.25,drivers,150,21,Ours w/o stitching,-3.8233333333333333,100.0,782,0,-4.378333333333333,-5.924566807619945,0.0,0.0,0.9322256518027189,0.06777434819728115,0.0,100.0,15.927867650985718
taxi-M,0.25,drivers,150,21,Ours w/o execution rule,-3.8233333333333333,100.0,782,0,-53.155833333333334,-25.460951688275664,0.0,0.0,0.24010125846343916,0.7598987415365609,0.0,74.5,15.927867650985718
taxi-M,0.25,drivers,150,21,Factored Batch RL,-3.8233333333333333,100.0,782,0,-4.493333333333333,-6.036432051628092,0.17,11.25,0.9201752092050209,0.07315638075313807,0.006668410041841004,100.0,15.927867650985718
taxi-M,0.25,drivers,150,22,Imitation,-4.053333333333334,100.0,752,0,-16.363333333333333,-16.37740748506722,1.8558333333333332,57.75,0.9381354519695538,0.0,0.06186454803044614,100.0,12.243982076644897
taxi-M,0.25,drivers,150,22,BC,-4.053333333333334,100.0,752,0,-42.01916666666666,-21.998573317963814,1.8558333333333332,57.75,0.9373329206179475,0.0,0.06266707938205252,97.5,12.243982076644897
taxi-M,0.25,drivers,150,22,RECO,-4.053333333333334,100.0,752,0,-17.29611111111111,-17.1986778809487,0.0,0.0,0.951082365124497,0.04891763487550303,0.0,100.0,12.243982076644897
taxi-M,0.25,drivers,150,22,RECO-greedy,-4.053333333333334,100.0,752,0,-4.761666666666667,-6.295046632116823,0.0,0.0,0.9419356925664747,0.05806430743352527,0.0,100.0,12.243982076644897
taxi-M,0.25,drivers,150,22,In-data planning (POR-style),-4.053333333333334,100.0,752,0,-4.175,-5.748316874990162,1.8558333333333332,57.75,0.9262826878517048,0.0,0.07371731214829527,100.0,12.243982076644897
taxi-M,0.25,drivers,150,22,Ours,-4.053333333333334,100.0,752,0,-5.158333333333333,-6.628793588167134,0.0,0.0,0.8653392800254858,0.13466071997451418,0.0,100.0,12.243982076644897
taxi-M,0.25,drivers,150,22,Ours w/o stitching,-4.053333333333334,100.0,752,0,-4.309166666666667,-5.870413044365523,0.0,0.0,0.9178163379539692,0.08218366204603075,0.0,100.0,12.243982076644897
taxi-M,0.25,drivers,150,22,Ours w/o execution rule,-4.053333333333334,100.0,752,0,-65.80666666666667,-30.639972837055623,0.0,0.0,0.18339507200532756,0.8166049279946724,0.0,68.0,12.243982076644897
taxi-M,0.25,drivers,150,22,Factored Batch RL,-4.053333333333334,100.0,752,0,-4.513333333333334,-6.0720408329410835,0.0,0.0,0.9052782858636007,0.09472171413639927,0.0,100.0,12.243982076644897
taxi-M,0.25,drivers,150,23,Imitation,-4.053333333333334,100.0,656,0,-15.69361111111111,-15.7796968496936,2.3641666666666667,63.583333333333336,0.9187113781148222,0.0,0.0812886218851778,100.0,11.495758533477783
taxi-M,0.25,drivers,150,23,BC,-4.053333333333334,100.0,656,0,-18.436666666666667,-12.119282820240223,2.3641666666666667,63.583333333333336,0.9134374809300055,0.0,0.08656251906999451,99.08333333333333,11.495758533477783
taxi-M,0.25,drivers,150,23,RECO,-4.053333333333334,100.0,656,0,-17.255,-17.104607715419025,0.01,1.0,0.9270954517755249,0.07257215666722065,0.00033239155725444574,100.0,11.495758533477783
taxi-M,0.25,drivers,150,23,RECO-greedy,-4.053333333333334,100.0,656,0,-4.998333333333333,-6.506051008987922,0.01,1.0,0.9156356176677992,0.08397974229117251,0.00038464004102827106,100.0,11.495758533477783
taxi-M,0.25,drivers,150,23,In-data planning (POR-style),-4.053333333333334,100.0,656,0,-4.121666666666667,-5.6989520953529365,2.3641666666666667,63.583333333333336,0.9058913288661846,0.0,0.09410867113381544,100.0,11.495758533477783
taxi-M,0.25,drivers,150,23,Ours,-4.053333333333334,100.0,656,0,-4.713333333333333,-6.237410151676312,0.01,1.0,0.8708516982110448,0.1287593984962406,0.000388903292714545,100.0,11.495758533477783
taxi-M,0.25,drivers,150,23,Ours w/o stitching,-4.053333333333334,100.0,656,0,-4.625,-6.157825753716929,0.01,1.0,0.8900487804878049,0.1095609756097561,0.0003902439024390244,100.0,11.495758533477783
taxi-M,0.25,drivers,150,23,Ours w/o execution rule,-4.053333333333334,100.0,656,0,-51.346666666666664,-24.79458524133801,0.01,1.0,0.24758810545373378,0.7522630887130776,0.000148805833188661,75.5,11.495758533477783
taxi-M,0.25,drivers,150,23,Factored Batch RL,-4.053333333333334,100.0,656,0,-4.668333333333333,-6.195133550694146,0.2875,16.5,0.8766963184208818,0.11210311018765015,0.011200571391468087,100.0,11.495758533477783
taxi-M,0.25,drivers,150,24,Imitation,-4.053333333333334,100.0,746,1,-16.941388888888888,-16.891031450679552,1.5391666666666666,55.166666666666664,0.9481480788306413,0.0,0.05185192116935861,100.0,17.444801568984985
taxi-M,0.25,drivers,150,24,BC,-4.053333333333334,100.0,746,1,-20.819166666666668,-13.820708003283745,1.5391666666666666,55.166666666666664,0.952302249309196,0.0,0.04769775069080392,97.16666666666667,17.444801568984985
taxi-M,0.25,drivers,150,24,RECO,-4.053333333333334,100.0,746,1,-17.230555555555554,-17.164043020954132,0.01,1.0,0.9566151717777266,0.04305280147567443,0.0003320267465990316,100.0,17.444801568984985
taxi-M,0.25,drivers,150,24,RECO-greedy,-4.053333333333334,100.0,746,1,-4.92,-6.433787413169169,0.01,1.0,0.9495884773662552,0.05002572016460905,0.00038580246913580245,100.0,17.444801568984985
taxi-M,0.25,drivers,150,24,In-data planning (POR-style),-4.053333333333334,100.0,746,1,-4.523333333333333,-6.062084179908367,1.5391666666666666,55.166666666666664,0.9396957032780462,0.0,0.06030429672195377,100.0,17.444801568984985
taxi-M,0.25,drivers,150,24,Ours,-4.053333333333334,100.0,746,1,-5.403333333333333,-6.855341810277528,0.01,1.0,0.8710390102259815,0.12858224971594495,0.0003787400580734756,100.0,17.444801568984985
taxi-M,0.25,drivers,150,24,Ours w/o stitching,-4.053333333333334,100.0,746,1,-4.824166666666667,-6.3366154919363975,0.01,1.0,0.926006002129788,0.07360676369034173,0.0003872341798702765,100.0,17.444801568984985
taxi-M,0.25,drivers,150,24,Ours w/o execution rule,-4.053333333333334,100.0,746,1,-65.00333333333333,-30.4019579717006,0.01,1.0,0.19410912602607436,0.8057649108811118,0.00012596309281380556,68.5,17.444801568984985
taxi-M,0.25,drivers,150,24,Factored Batch RL,-4.053333333333334,100.0,746,1,-4.408333333333333,-5.9610400284316905,0.4375,20.25,0.9242046572646769,0.058576582486061006,0.01721876024926205,100.0,17.444801568984985
taxi-M,0.25,drivers,150,25,Imitation,-3.638333333333333,100.0,803,2,-16.44611111111111,-16.344214401336238,1.2258333333333333,51.16666666666667,0.9598266711576801,0.0,0.04017332884231991,100.0,11.868591070175171
taxi-M,0.25,drivers,150,25,BC,-3.638333333333333,100.0,803,2,-67.555,-33.69559564620732,1.2258333333333333,51.16666666666667,0.9654475841495783,0.0,0.03455241585042163,95.25,11.868591070175171
taxi-M,0.25,drivers,150,25,RECO,-3.638333333333333,100.0,803,2,-17.07138888888889,-16.934505334181267,0.0,0.0,0.9705617815833498,0.02943821841665018,0.0,100.0,11.868591070175171
taxi-M,0.25,drivers,150,25,RECO-greedy,-3.638333333333333,100.0,803,2,-4.635833333333333,-6.1493172060351196,0.0,0.0,0.9645353184019764,0.0354646815980236,0.0,100.0,11.868591070175171
taxi-M,0.25,drivers,150,25,In-data planning (POR-style),-3.638333333333333,100.0,803,2,-4.358333333333333,-5.882008874973923,1.2258333333333333,51.16666666666667,0.9516595465001643,0.0,0.048340453499835685,100.0,11.868591070175171
taxi-M,0.25,drivers,150,25,Ours,-3.638333333333333,100.0,803,2,-3.7783333333333333,-5.372326898058309,0.0,0.0,0.9189816371830228,0.0810183628169772,0.0,100.0,11.868591070175171
taxi-M,0.25,drivers,150,25,Ours w/o stitching,-3.638333333333333,100.0,803,2,-4.216666666666667,-5.766217884685152,0.0,0.0,0.9492399206873761,0.050760079312623926,0.0,100.0,11.868591070175171
taxi-M,0.25,drivers,150,25,Ours w/o execution rule,-3.638333333333333,100.0,803,2,-16.249166666666667,-10.385012879280803,0.0,0.0,0.5900699008383457,0.4099300991616544,0.0,93.5,11.868591070175171
taxi-M,0.25,drivers,150,25,Factored Batch RL,-3.638333333333333,100.0,803,2,-4.158333333333333,-5.723242449326561,0.1,4.0,0.9119576018549188,0.08406757204372309,0.003974826101358066,100.0,11.868591070175171
taxi-M,0.25,drivers,150,26,Imitation,-3.5933333333333333,100.0,910,1,-18.137777777777778,-17.84673955635754,1.2341666666666666,45.75,0.9604690683583497,0.0,0.03953093164165028,100.0,15.981022596359253
taxi-M,0.25,drivers,150,26,BC,-3.5933333333333333,100.0,910,1,-88.87333333333333,-41.519235772426875,1.2341666666666666,45.75,0.979304948087699,0.0,0.02069505191230105,80.41666666666667,15.981022596359253
taxi-M,0.25,drivers,150,26,RECO,-3.5933333333333333,100.0,910,1,-19.309444444444445,-18.8577800387547,0.0,0.0,0.9758229463489677,0.024177053651032288,0.0,100.0,15.981022596359253
taxi-M,0.25,drivers,150,26,RECO-greedy,-3.5933333333333333,100.0,910,1,-4.939166666666667,-6.4308863303372314,0.0,0.0,0.9703794133710284,0.029620586628971633,0.0,100.0,15.981022596359253
taxi-M,0.25,drivers,150,26,In-data planning (POR-style),-3.5933333333333333,100.0,910,1,-4.255,-5.79741840050647,1.2341666666666666,45.75,0.9511317890846697,0.0,0.0488682109153303,100.0,15.981022596359253
taxi-M,0.25,drivers,150,26,Ours,-3.5933333333333333,100.0,910,1,-3.8783333333333334,-5.463786340817819,0.0,0.0,0.9163596168017686,0.08364038319823139,0.0,100.0,15.981022596359253
taxi-M,0.25,drivers,150,26,Ours w/o stitching,-3.5933333333333333,100.0,910,1,-4.3308333333333335,-5.8739916536442225,0.0,0.0,0.9493700036187782,0.05062999638122183,0.0,100.0,15.981022596359253
taxi-M,0.25,drivers,150,26,Ours w/o execution rule,-3.5933333333333333,100.0,910,1,-16.201666666666668,-10.3426226457804,0.0,0.0,0.5905032090038136,0.4094967909961864,0.0,93.5,15.981022596359253
taxi-M,0.25,drivers,150,26,Factored Batch RL,-3.5933333333333333,100.0,910,1,-4.218333333333334,-5.783888272604142,0.025,2.5,0.9308043090344327,0.06820434868812372,0.0009913422774436586,100.0,15.981022596359253
taxi-M,0.25,drivers,150,27,Imitation,-4.053333333333334,100.0,657,0,-15.788611111111111,-15.89049597814492,2.505,64.08333333333334,0.9161677760011899,0.0,0.0838322239988101,100.0,13.046869993209839
taxi-M,0.25,drivers,150,27,BC,-4.053333333333334,100.0,657,0,-40.4825,-22.054290093627635,2.505,64.08333333333334,0.919569754374699,0.0,0.08043024562530102,97.5,13.046869993209839
taxi-M,0.25,drivers,150,27,RECO,-4.053333333333334,100.0,657,0,-17.41722222222222,-17.250651363029842,0.01,1.0,0.9207218906490434,0.07895790157168651,0.00032020777927010415,100.0,13.046869993209839
taxi-M,0.25,drivers,150,27,RECO-greedy,-4.053333333333334,100.0,657,0,-5.289166666666667,-6.75943358622733,0.01,1.0,0.9058230576599994,0.09379655751735506,0.00038038482264557644,100.0,13.046869993209839
taxi-M,0.25,drivers,150,27,In-data planning (POR-style),-4.053333333333334,100.0,657,0,-4.1,-5.6789421090129535,2.505,64.08333333333334,0.900199203187251,0.0,0.099800796812749,100.0,13.046869993209839
taxi-M,0.25,drivers,150,27,Ours,-4.053333333333334,100.0,657,0,-4.795833333333333,-6.309782338881423,0.01,1.0,0.8611532870295591,0.13845905346470683,0.0003876595057341302,100.0,13.046869993209839
taxi-M,0.25,drivers,150,27,Ours w/o stitching,-4.053333333333334,100.0,657,0,-4.5808333333333335,-6.116508945271411,0.01,1.0,0.8847770140404599,0.11483206828028798,0.00039091767925204416,100.0,13.046869993209839
taxi-M,0.25,drivers,150,27,Ours w/o execution rule,-4.053333333333334,100.0,657,0,-58.54666666666667,-27.688962780991073,0.01,1.0,0.21233458233809163,0.787529574244088,0.00013584341782039237,71.75,13.046869993209839
taxi-M,0.25,drivers,150,27,Factored Batch RL,-4.053333333333334,100.0,657,0,-4.873333333333333,-6.382572348673249,0.865,22.25,0.8867881989178047,0.07977969595465087,0.033432105127544444,100.0,13.046869993209839
taxi-M,0.25,drivers,150,28,Imitation,-3.638333333333333,100.0,739,0,-13.89861111111111,-14.215059088625903,2.1533333333333333,58.25,0.9246983855613623,0.0,0.07530161443863773,100.0,12.688119888305664
taxi-M,0.25,drivers,150,28,BC,-3.638333333333333,100.0,739,0,-96.31166666666667,-44.357724511267925,2.1533333333333333,58.25,0.9367998826004011,0.0,0.06320011739959888,94.83333333333334,12.688119888305664
taxi-M,0.25,drivers,150,28,RECO,-3.638333333333333,100.0,739,0,-15.556666666666667,-15.650296410679934,0.0,0.0,0.9450133258521531,0.054986674147846824,0.0,100.0,12.688119888305664
taxi-M,0.25,drivers,150,28,RECO-greedy,-3.638333333333333,100.0,739,0,-4.58,-6.110387886687478,0.0,0.0,0.9361480323169142,0.06385196768308575,0.0,100.0,12.688119888305664
taxi-M,0.25,drivers,150,28,In-data planning (POR-style),-3.638333333333333,100.0,739,0,-3.7183333333333333,-5.3174350558742045,2.1533333333333333,58.25,0.9128851729485538,0.0,0.0871148270514463,100.0,12.688119888305664
taxi-M,0.25,drivers,150,28,Ours,-3.638333333333333,100.0,739,0,-4.1258333333333335,-5.68155345296812,0.0,0.0,0.8931378727073729,0.1068621272926271,0.0,100.0,12.688119888305664
taxi-M,0.25,drivers,150,28,Ours w/o stitching,-3.638333333333333,100.0,739,0,-4.05,-5.617218282467247,0.0,0.0,0.9043579507651364,0.09564204923486361,0.0,100.0,12.688119888305664
taxi-M,0.25,drivers,150,28,Ours w/o execution rule,-3.638333333333333,100.0,739,0,-30.746666666666666,-16.26921089120676,0.0,0.0,0.39263761781177436,0.6073623821882257,0.0,86.0,12.688119888305664
taxi-M,0.25,drivers,150,28,Factored Batch RL,-3.638333333333333,100.0,739,0,-3.953333333333333,-5.538797829868939,0.05,4.0,0.9031859471012557,0.09481031258348918,0.002003740315255143,100.0,12.688119888305664
taxi-M,0.25,drivers,150,29,Imitation,-3.8233333333333333,100.0,682,0,-14.970833333333333,-15.19457382760356,2.365,63.0,0.918366172875018,0.0,0.08163382712498202,100.0,15.612083435058594
taxi-M,0.25,drivers,150,29,BC,-3.8233333333333333,100.0,682,0,-72.955,-35.0194728676237,2.365,63.0,0.9305942773294203,0.0,0.06940572267057961,95.25,15.612083435058594
taxi-M,0.25,drivers,150,29,RECO,-3.8233333333333333,100.0,682,0,-16.371944444444445,-16.403744365909073,0.0,0.0,0.9247948573901992,0.0752051426098008,0.0,100.0,15.612083435058594
taxi-M,0.25,drivers,150,29,RECO-greedy,-3.8233333333333333,100.0,682,0,-4.970833333333333,-6.4660982915212655,0.0,0.0,0.9126584309321354,0.0873415690678646,0.0,100.0,15.612083435058594
taxi-M,0.25,drivers,150,29,In-data planning (POR-style),-3.8233333333333333,100.0,682,0,-3.9283333333333332,-5.516229670840184,2.365,63.0,0.9051280336965969,0.0,0.09487196630340308,100.0,15.612083435058594
taxi-M,0.25,drivers,150,29,Ours,-3.8233333333333333,100.0,682,0,-4.410833333333334,-5.950501451068779,0.0,0.0,0.8413078411438691,0.15869215885613092,0.0,100.0,15.612083435058594
taxi-M,0.25,drivers,150,29,Ours w/o stitching,-3.8233333333333333,100.0,682,0,-4.371666666666667,-5.916929140747676,0.0,0.0,0.884188399132891,0.11581160086710898,0.0,100.0,15.612083435058594
taxi-M,0.25,drivers,150,29,Ours w/o execution rule,-3.8233333333333333,100.0,682,0,-35.69583333333333,-18.34134046385756,0.0,0.0,0.3282871769181395,0.6717128230818604,0.0,83.5,15.612083435058594
taxi-M,0.25,drivers,150,29,Factored Batch RL,-3.8233333333333333,100.0,682,0,-4.493333333333333,-6.030907318342285,0.6225,19.75,0.8734963389121339,0.10208551255230125,0.024418148535564854,100.0,15.612083435058594
taxi-M,0.25,noisy_expert,50,0,Imitation,-4.053333333333334,100.0,465,0,-12.072222222222223,-12.629969733642731,3.109166666666667,72.66666666666667,0.888198571642611,0.0,0.111801428357389,100.0,12.247778415679932
taxi-M,0.25,noisy_expert,50,0,BC,-4.053333333333334,100.0,465,0,-86.3525,-40.31284108520671,3.109166666666667,72.66666666666667,0.9435569271731566,0.0,0.05644307282684336,83.0,12.247778415679932
taxi-M,0.25,noisy_expert,50,0,RECO,-4.053333333333334,100.0,465,0,-13.680833333333334,-14.044249366300614,0.01,1.0,0.9117376823245664,0.08791776731365568,0.00034455036177787984,100.0,12.247778415679932
taxi-M,0.25,noisy_expert,50,0,RECO-greedy,-4.053333333333334,100.0,465,0,-5.105833333333333,-6.606409013706008,0.01,1.0,0.9018737829986913,0.0977431608516615,0.00038305614964726913,100.0,12.247778415679932
taxi-M,0.25,noisy_expert,50,0,In-data planning (POR-style),-4.053333333333334,100.0,465,0,-4.07,-5.651881849776851,3.109166666666667,72.66666666666667,0.8759805876878075,0.0,0.12401941231219253,100.0,12.247778415679932
taxi-M,0.25,noisy_expert,50,0,Ours,-4.053333333333334,100.0,465,0,-5.530833333333334,-6.970656969201533,0.01,1.0,0.8217482803027923,0.17787479976128404,0.0003769199359236109,100.0,12.247778415679932
taxi-M,0.25,noisy_expert,50,0,Ours w/o stitching,-4.053333333333334,100.0,465,0,-4.94,-6.44386974424819,0.01,1.0,0.8497172963248523,0.14989719866358261,0.00038550501156515033,100.0,12.247778415679932
taxi-M,0.25,noisy_expert,50,0,Ours w/o execution rule,-4.053333333333334,100.0,465,0,-63.13166666666667,-29.675995795016387,0.01,1.0,0.19148297452611715,0.8083883694999571,0.00012865597392572263,69.5,12.247778415679932
taxi-M,0.25,noisy_expert,50,0,Factored Batch RL,-4.053333333333334,100.0,465,0,-4.663333333333333,-6.2091119425424335,0.115,7.5,0.8654370697493181,0.13008182880893623,0.004481101441745681,100.0,12.247778415679932
taxi-M,0.25,noisy_expert,50,1,Imitation,-3.638333333333333,100.0,476,0,-11.731111111111112,-12.36422226905496,3.1733333333333333,73.5,0.8824086464230572,0.0,0.11759135357694288,100.0,9.933992862701416
taxi-M,0.25,noisy_expert,50,1,BC,-3.638333333333333,100.0,476,0,-107.37916666666666,-48.63189390230434,3.1733333333333333,73.5,0.9316447970704913,0.0,0.0683552029295087,87.41666666666667,9.933992862701416
taxi-M,0.25,noisy_expert,50,1,RECO,-3.638333333333333,100.0,476,0,-13.580833333333333,-13.963211454601824,0.01,1.0,0.9070117452635307,0.09263412618780617,0.00035412854866316475,100.0,9.933992862701416
taxi-M,0.25,noisy_expert,50,1,RECO-greedy,-3.638333333333333,100.0,476,0,-4.711666666666667,-6.232640018660202,0.01,1.0,0.8978738575225255,0.10173721397549751,0.0003889285019770532,100.0,9.933992862701416
taxi-M,0.25,noisy_expert,50,1,In-data planning (POR-style),-3.638333333333333,100.0,476,0,-3.638333333333333,-5.243045684210933,3.1733333333333333,73.5,0.871203409321518,0.0,0.12879659067848204,100.0,9.933992862701416
taxi-M,0.25,noisy_expert,50,1,Ours,-3.638333333333333,100.0,476,0,-4.128333333333333,-5.705642936608662,0.01,1.0,0.8601180606221397,0.1394839822245805,0.0003979571532798302,100.0,9.933992862701416
taxi-M,0.25,noisy_expert,50,1,Ours w/o stitching,-3.638333333333333,100.0,476,0,-4.128333333333333,-5.705642936608662,0.01,1.0,0.8627711083106718,0.13683093453604828,0.0003979571532798302,100.0,9.933992862701416
taxi-M,0.25,noisy_expert,50,1,Ours w/o execution rule,-3.638333333333333,100.0,476,0,-4.128333333333333,-5.705642936608662,0.01,1.0,0.8601180606221397,0.1394839822245805,0.0003979571532798302,100.0,9.933992862701416
taxi-M,0.25,noisy_expert,50,1,Factored Batch RL,-3.638333333333333,100.0,476,0,-4.303333333333334,-5.871200991876443,0.205,10.75,0.8582861283098406,0.13361217230931366,0.008101699380845739,100.0,9.933992862701416
taxi-M,0.25,noisy_expert,50,2,Imitation,-4.053333333333334,100.0,435,0,-13.716666666666667,-13.897376283475586,3.904166666666667,76.16666666666667,0.8563280076052624,0.0,0.14367199239473766,100.0,16.36616826057434
taxi-M,0.25,noisy_expert,50,2,BC,-4.053333333333334,100.0,435,0,-46.678333333333335,-23.549185141540036,3.904166666666667,76.16666666666667,0.8804907912861589,0.0,0.11950920871384113,95.5,16.36616826057434
taxi-M,0.25,noisy_expert,50,2,RECO,-4.053333333333334,100.0,435,0,-16.798333333333332,-16.483557607095232,0.01,1.0,0.8461988630030097,0.15346672611748968,0.00033441087950061306,100.0,16.36616826057434
taxi-M,0.25,noisy_expert,50,2,RECO-greedy,-4.053333333333334,100.0,435,0,-6.650833333333333,-7.977586894641812,0.01,1.0,0.8336698713118954,0.16596847593502306,0.00036165275308158284,100.0,16.36616826057434
taxi-M,0.25,noisy_expert,50,2,In-data planning (POR-style),-4.053333333333334,100.0,435,0,-4.053333333333334,-5.636022223218934,3.904166666666667,76.16666666666667,0.8441657796700373,0.0,0.15583422032996275,100.0,16.36616826057434
taxi-M,0.25,noisy_expert,50,2,Ours,-4.053333333333334,100.0,435,0,-7.420833333333333,-8.596228066193001,0.01,1.0,0.7574255974197331,0.24222254801348775,0.0003518545667790647,100.0,16.36616826057434
taxi-M,0.25,noisy_expert,50,2,Ours w/o stitching,-4.053333333333334,100.0,435,0,-6.631666666666667,-7.923556325000212,0.01,1.0,0.777399119367875,0.22223897701912057,0.00036190361300440316,100.0,16.36616826057434
taxi-M,0.25,noisy_expert,50,2,Ours w/o execution rule,-4.053333333333334,100.0,435,0,-78.08833333333334,-35.73336019578659,0.01,1.0,0.14232110335233877,0.8575690739198477,0.000109822727813521,61.75000000000001,16.36616826057434
taxi-M,0.25,noisy_expert,50,2,Factored Batch RL,-4.053333333333334,100.0,435,0,-5.843333333333334,-7.254486059056363,0.1725,8.25,0.8144790761207004,0.17909474729914318,0.006426176580156463,100.0,16.36616826057434
taxi-M,0.25,noisy_expert,50,3,Imitation,-4.053333333333334,100.0,448,1,-13.815277777777778,-14.17122427906341,3.0116666666666667,75.0,0.8923358026652897,0.0,0.10766419733471033,100.0,11.205837726593018
taxi-M,0.25,noisy_expert,50,3,BC,-4.053333333333334,100.0,448,1,-205.8925,-90.2739805867139,3.0116666666666667,75.0,0.9470778602703217,0.0,0.052922139729678276,81.58333333333333,11.205837726593018
taxi-M,0.25,noisy_expert,50,3,RECO,-4.053333333333334,100.0,448,1,-15.324722222222222,-15.456845545291598,0.06,4.0,0.8979963221209103,0.09993487089111945,0.0020688069879702706,100.0,11.205837726593018
taxi-M,0.25,noisy_expert,50,3,RECO-greedy,-4.053333333333334,100.0,448,1,-5.0725,-6.568499935519057,0.06,4.0,0.8865343433374884,0.11116438137245502,0.002301275290056573,100.0,11.205837726593018
taxi-M,0.25,noisy_expert,50,3,In-data planning (POR-style),-4.053333333333334,100.0,448,1,-4.111666666666666,-5.687646854829686,3.0116666666666667,75.0,0.8800690250215704,0.0,0.11993097497842968,100.0,11.205837726593018
taxi-M,0.25,noisy_expert,50,3,Ours,-4.053333333333334,100.0,448,1,-4.800833333333333,-6.318105715065766,0.06,4.0,0.8580472206970059,0.13962727302089725,0.0023255062820968313,100.0,11.205837726593018
taxi-M,0.25,noisy_expert,50,3,Ours w/o stitching,-4.053333333333334,100.0,448,1,-4.764166666666667,-6.2828289638318395,0.06,4.0,0.8660930879451435,0.13157809619303296,0.0023288158618235922,100.0,11.205837726593018
taxi-M,0.25,noisy_expert,50,3,Ours w/o execution rule,-4.053333333333334,100.0,448,1,-36.645,-18.97122983022744,0.06,4.0,0.33787507890320695,0.66101642726279,0.0011084938340030484,83.25,11.205837726593018
taxi-M,0.25,noisy_expert,50,3,Factored Batch RL,-4.053333333333334,100.0,448,1,-4.933333333333334,-6.452244147843067,0.1925,12.5,0.8640745501285347,0.1285025706940874,0.007422879177377892,100.0,11.205837726593018
taxi-M,0.25,noisy_expert,50,4,Imitation,-4.053333333333334,100.0,434,1,-13.706388888888888,-14.086058602975767,3.2483333333333335,76.16666666666667,0.8822380213892973,0.0,0.1177619786107027,100.0,12.561301708221436
taxi-M,0.25,noisy_expert,50,4,BC,-4.053333333333334,100.0,434,1,-213.24583333333334,-93.27020180469742,3.2483333333333335,76.16666666666667,0.9457443106688009,0.0,0.05425568933119911,80.0,12.561301708221436
taxi-M,0.25,noisy_expert,50,4,RECO,-4.053333333333334,100.0,434,1,-15.625,-15.745077048485943,0.02,2.0,0.8969393048590697,0.10236901262320595,0.0006916825177243646,100.0,12.561301708221436
taxi-M,0.25,noisy_expert,50,4,RECO-greedy,-4.053333333333334,100.0,434,1,-5.2683333333333335,-6.757196463328032,0.02,2.0,0.8865554216103039,0.11268320538036927,0.0007613730093268193,100.0,12.561301708221436
taxi-M,0.25,noisy_expert,50,4,In-data planning (POR-style),-4.053333333333334,100.0,434,1,-4.123333333333333,-5.698377730800783,3.2483333333333335,76.16666666666667,0.870704524346557,0.0,0.12929547565344301,100.0,12.561301708221436
taxi-M,0.25,noisy_expert,50,4,Ours,-4.053333333333334,100.0,434,1,-5.450833333333334,-6.89110233134385,0.02,2.0,0.8219652814971173,0.17727859865788728,0.0007561198449954318,100.0,12.561301708221436
taxi-M,0.25,noisy_expert,50,4,Ours w/o stitching,-4.053333333333334,100.0,434,1,-4.8758333333333335,-6.386330078280136,0.02,2.0,0.8490225757624553,0.15020450227045828,0.0007729219670864063,100.0,12.561301708221436
taxi-M,0.25,noisy_expert,50,4,Ours w/o execution rule,-4.053333333333334,100.0,434,1,-49.11083333333333,-23.98372838745466,0.02,2.0,0.24844776043130543,0.7512456243452488,0.00030661522344584407,76.75,12.561301708221436
taxi-M,0.25,noisy_expert,50,4,Factored Batch RL,-4.053333333333334,100.0,434,1,-4.648333333333333,-6.191616221641203,0.4825,24.0,0.8585028266943922,0.12268503476509195,0.018812138540515954,100.0,12.561301708221436
taxi-M,0.25,noisy_expert,50,5,Imitation,-3.638333333333333,100.0,465,0,-13.153888888888888,-13.599032498735685,2.98,73.08333333333333,0.8928207484964134,0.0,0.10717925150358663,100.0,13.30333137512207
taxi-M,0.25,noisy_expert,50,5,BC,-3.638333333333333,100.0,465,0,-253.97666666666666,-109.52738615588945,2.98,73.08333333333333,0.952635761589404,0.0,0.047364238410596025,77.83333333333333,13.30333137512207
taxi-M,0.25,noisy_expert,50,5,RECO,-3.638333333333333,100.0,465,0,-15.903333333333334,-15.982844102000332,0.01,1.0,0.914898996993791,0.08476385806197848,0.00033714494423060716,100.0,13.30333137512207
taxi-M,0.25,noisy_expert,50,5,RECO-greedy,-3.638333333333333,100.0,465,0,-5.445,-6.889977918420903,0.01,1.0,0.9045503245730132,0.09507153211066995,0.0003781433163168841,100.0,13.30333137512207
taxi-M,0.25,noisy_expert,50,5,In-data planning (POR-style),-3.638333333333333,100.0,465,0,-3.855,-5.441467170267289,2.98,73.08333333333333,0.8801046067189701,0.0,0.11989539328102998,100.0,13.30333137512207
taxi-M,0.25,noisy_expert,50,5,Ours,-3.638333333333333,100.0,465,0,-4.213333333333333,-5.779943503787204,0.01,1.0,0.8577472236911687,0.14185616076150184,0.0003966155473294553,100.0,13.30333137512207
taxi-M,0.25,noisy_expert,50,5,Ours w/o stitching,-3.638333333333333,100.0,465,0,-4.4366666666666665,-5.983333794950544,0.01,1.0,0.8673175206394967,0.13228934608832393,0.00039313327217926875,100.0,13.30333137512207
taxi-M,0.25,noisy_expert,50,5,Ours w/o execution rule,-3.638333333333333,100.0,465,0,-4.213333333333333,-5.779943503787204,0.01,1.0,0.8577472236911687,0.14185616076150184,0.0003966155473294553,100.0,13.30333137512207
taxi-M,0.25,noisy_expert,50,5,Factored Batch RL,-3.638333333333333,100.0,465,0,-4.368333333333333,-5.922655108212682,0.075,6.5,0.8586163852572104,0.1384271729846922,0.0029564417580973655,100.0,13.30333137512207
taxi-M,0.25,noisy_expert,50,6,Imitation,-3.638333333333333,100.0,473,0,-11.185277777777777,-11.871661882907162,3.3183333333333334,72.5,0.8758237874472464,0.0,0.12417621255275359,100.0,9.770471572875977
taxi-M,0.25,noisy_expert,50,6,BC,-3.638333333333333,100.0,473,0,-66.2425,-31.694763414068948,3.3183333333333334,72.5,0.919089708422229,0.0,0.080910291577771,90.75,9.770471572875977
taxi-M,0.25,noisy_expert,50,6,RECO,-3.638333333333333,100.0,473,0,-12.6075,-13.107429746768874,0.02,2.0,0.9139823324707772,0.08530382796466494,0.0007138395645578656,100.0,9.770471572875977
taxi-M,0.25,noisy_expert,50,6,RECO-greedy,-3.638333333333333,100.0,473,0,-4.921666666666667,-6.411472294965746,0.02,2.0,0.9070275831029383,0.09220086157011509,0.0007715553269465698,100.0,9.770471572875977
taxi-M,0.25,noisy_expert,50,6,In-data planning (POR-style),-3.638333333333333,100.0,473,0,-3.638333333333333,-5.243045684210933,3.3183333333333334,72.5,0.8653182709869445,0.0,0.13468172901305553,100.0,9.770471572875977
taxi-M,0.25,noisy_expert,50,6,Ours,-3.638333333333333,100.0,473,0,-3.993333333333333,-5.5765572086218675,0.02,2.0,0.8601293678314217,0.1390704187783409,0.0008002133902373967,100.0,9.770471572875977
taxi-M,0.25,noisy_expert,50,6,Ours w/o stitching,-3.638333333333333,100.0,473,0,-3.993333333333333,-5.5765572086218675,0.02,2.0,0.8631301680448119,0.13606961856495065,0.0008002133902373967,100.0,9.770471572875977
taxi-M,0.25,noisy_expert,50,6,Ours w/o execution rule,-3.638333333333333,100.0,473,0,-3.993333333333333,-5.5765572086218675,0.02,2.0,0.8601293678314217,0.1390704187783409,0.0008002133902373967,100.0,9.770471572875977
taxi-M,0.25,noisy_expert,50,6,Factored Batch RL,-3.638333333333333,100.0,473,0,-4.293333333333333,-5.854248332458053,0.0275,2.75,0.8537822878228782,0.14513046916183447,0.0010872430152872956,100.0,9.770471572875977
taxi-M,0.25,noisy_expert,50,7,Imitation,-3.8233333333333333,100.0,424,0,-11.833333333333334,-12.371888191294662,3.87,76.83333333333333,0.8585310872147927,0.0,0.1414689127852073,100.0,12.613077640533447
taxi-M,0.25,noisy_expert,50,7,BC,-3.8233333333333333,100.0,424,0,-77.69833333333334,-36.40767351638196,3.87,76.83333333333333,0.8953087310354156,0.0,0.10469126896458442,93.0,12.613077640533447
taxi-M,0.25,noisy_expert,50,7,RECO,-3.8233333333333333,100.0,424,0,-13.052222222222222,-13.394376686417615,0.0675,4.0,0.871963249516441,0.12568665377176017,0.0023500967117988394,100.0,12.613077640533447
taxi-M,0.25,noisy_expert,50,7,RECO-greedy,-3.8233333333333333,100.0,424,0,-5.145,-6.627283059199073,0.0675,4.0,0.8593421304264678,0.13807611397972844,0.0025817555938037868,100.0,12.613077640533447
taxi-M,0.25,noisy_expert,50,7,In-data planning (POR-style),-3.8233333333333333,100.0,424,0,-3.881666666666667,-5.47354762586029,3.87,76.83333333333333,0.8444637952977426,0.0,0.15553620470225735,100.0,12.613077640533447
taxi-M,0.25,noisy_expert,50,7,Ours,-3.8233333333333333,100.0,424,0,-4.690833333333333,-6.216085602529191,0.0675,4.0,0.8151091504752019,0.18226345324207727,0.002627396282720815,100.0,12.613077640533447
taxi-M,0.25,noisy_expert,50,7,Ours w/o stitching,-3.8233333333333333,100.0,424,0,-4.689166666666667,-6.218452604660735,0.0675,4.0,0.8277808414701399,0.169591591786421,0.002627566743439193,100.0,12.613077640533447
taxi-M,0.25,noisy_expert,50,7,Ours w/o execution rule,-3.8233333333333333,100.0,424,0,-31.69333333333333,-16.90276974818687,0.0675,4.0,0.3542529467983434,0.6443889270803642,0.0013581261212923996,85.75,12.613077640533447
taxi-M,0.25,noisy_expert,50,7,Factored Batch RL,-3.8233333333333333,100.0,424,0,-5.723333333333334,-7.160890624602946,0.3,14.499999999999998,0.8043220656105775,0.18445178994636396,0.0112261444430585,100.0,12.613077640533447
taxi-M,0.25,noisy_expert,50,8,Imitation,-4.053333333333334,100.0,428,0,-10.940833333333334,-11.67810415754088,4.593333333333334,74.91666666666667,0.8310083698684735,0.0,0.16899163013152652,100.0,9.978597402572632
taxi-M,0.25,noisy_expert,50,8,BC,-4.053333333333334,100.0,428,0,-174.935,-75.81450984131862,4.593333333333334,74.91666666666667,0.9112056189187447,0.0,0.08879438108125523,84.66666666666667,9.978597402572632
taxi-M,0.25,noisy_expert,50,8,RECO,-4.053333333333334,100.0,428,0,-12.431944444444444,-12.972360333512704,0.9716666666666667,11.083333333333334,0.84654296875,0.119296875,0.03416015625,100.0,9.978597402572632
taxi-M,0.25,noisy_expert,50,8,RECO-greedy,-4.053333333333334,100.0,428,0,-5.2491666666666665,-6.73758065322474,0.9716666666666667,11.083333333333334,0.8337090066351313,0.12927394520460966,0.03701704816025905,100.0,9.978597402572632
taxi-M,0.25,noisy_expert,50,8,In-data planning (POR-style),-4.053333333333334,100.0,428,0,-4.085,-5.666370048418913,4.593333333333334,74.91666666666667,0.8168892432396518,0.0,0.18311075676034816,100.0,9.978597402572632
taxi-M,0.25,noisy_expert,50,8,Ours,-4.053333333333334,100.0,428,0,-6.2091666666666665,-7.572479806845111,0.9716666666666667,11.083333333333334,0.7710330464610579,0.1932559492817984,0.035711004257143734,100.0,9.978597402572632
taxi-M,0.25,noisy_expert,50,8,Ours w/o stitching,-4.053333333333334,100.0,428,0,-4.926666666666667,-6.444751982099789,0.9716666666666667,11.083333333333334,0.8057341218822319,0.1567883774749293,0.03747750064283878,100.0,9.978597402572632
taxi-M,0.25,noisy_expert,50,8,Ours w/o execution rule,-4.053333333333334,100.0,428,0,-56.51416666666667,-27.14950271338182,0.9716666666666667,11.083333333333334,0.20050096249739083,0.7859776886146995,0.01352134888790964,73.08333333333333,9.978597402572632
taxi-M,0.25,noisy_expert,50,8,Factored Batch RL,-4.053333333333334,100.0,428,0,-5.053333333333334,-6.561613941550515,0.235,11.25,0.8050473387922211,0.18593270214943705,0.009019959058341864,100.0,9.978597402572632
taxi-M,0.25,noisy_expert,50,9,Imitation,-3.8233333333333333,100.0,471,0,-11.261111111111111,-11.933016976983337,2.7641666666666667,72.0,0.8973615809885304,0.0,0.1026384190114696,100.0,11.917215824127197
taxi-M,0.25,noisy_expert,50,9,BC,-3.8233333333333333,100.0,471,0,-44.27916666666667,-22.413156289768295,2.7641666666666667,72.0,0.9281645912290201,0.0,0.07183540877097996,92.16666666666666,11.917215824127197
taxi-M,0.25,noisy_expert,50,9,RECO,-3.8233333333333333,100.0,471,0,-13.352777777777778,-13.732410793039422,0.02,2.0,0.9106265536612578,0.08866879367378497,0.0007046526649572315,100.0,11.917215824127197
taxi-M,0.25,noisy_expert,50,9,RECO-greedy,-3.8233333333333333,100.0,471,0,-5.115833333333334,-6.609281288912544,0.02,2.0,0.9028686301413574,0.09636555091100546,0.0007658189476371295,100.0,11.917215824127197
taxi-M,0.25,noisy_expert,50,9,In-data planning (POR-style),-3.8233333333333333,100.0,471,0,-3.8233333333333333,-5.419133208030716,2.7641666666666667,72.0,0.8886464348059622,0.0,0.11135356519403787,100.0,11.917215824127197
taxi-M,0.25,noisy_expert,50,9,Ours,-3.8233333333333333,100.0,471,0,-6.298333333333333,-7.600952773608457,0.02,2.0,0.8116490628243482,0.1876182917150009,0.0007326454606508334,100.0,11.917215824127197
taxi-M,0.25,noisy_expert,50,9,Ours w/o stitching,-3.8233333333333333,100.0,471,0,-4.9025,-6.39145980357289,0.02,2.0,0.864813563684329,0.13441431007303029,0.0007721262426406717,100.0,11.917215824127197
taxi-M,0.25,noisy_expert,50,9,Ours w/o execution rule,-3.8233333333333333,100.0,471,0,-52.405,-25.2721115606934,0.02,2.0,0.23588389210867386,0.7638226591348153,0.00029344875651089427,75.0,11.917215824127197
taxi-M,0.25,noisy_expert,50,9,Factored Batch RL,-3.8233333333333333,100.0,471,0,-4.828333333333333,-6.353995679160513,0.08,6.0,0.8731367361424792,0.1237658901722914,0.0030973736852293993,100.0,11.917215824127197
taxi-M,0.25,noisy_expert,50,10,Imitation,-4.053333333333334,100.0,476,0,-14.615833333333333,-14.706251305891358,2.9316666666666666,72.75,0.8949631266234735,0.0,0.10503687337652644,100.0,14.850585699081421
taxi-M,0.25,noisy_expert,50,10,BC,-4.053333333333334,100.0,476,0,-61.11666666666667,-29.30303591978284,2.9316666666666666,72.75,0.9450758758508712,0.0,0.05492412414912883,83.5,14.850585699081421
taxi-M,0.25,noisy_expert,50,10,RECO,-4.053333333333334,100.0,476,0,-16.310555555555556,-16.160709465797076,0.0,0.0,0.914395181274065,0.08560481872593496,0.0,100.0,14.850585699081421
taxi-M,0.25,noisy_expert,50,10,RECO-greedy,-4.053333333333334,100.0,476,0,-5.37,-6.846938991140583,0.0,0.0,0.9053849070913917,0.09461509290860827,0.0,100.0,14.850585699081421
taxi-M,0.25,noisy_expert,50,10,In-data planning (POR-style),-4.053333333333334,100.0,476,0,-4.24,-5.802449498458879,2.9316666666666666,72.75,0.8838483888008453,0.0,0.11615161119915478,100.0,14.850585699081421
taxi-M,0.25,noisy_expert,50,10,Ours,-4.053333333333334,100.0,476,0,-5.430833333333333,-6.8867691345445925,0.0,0.0,0.8243528707002554,0.1756471292997446,0.0,100.0,14.850585699081421
taxi-M,0.25,noisy_expert,50,10,Ours w/o stitching,-4.053333333333334,100.0,476,0,-5.005833333333333,-6.499602192778904,0.0,0.0,0.8590380363380011,0.14096196366199892,0.0,100.0,14.850585699081421
taxi-M,0.25,noisy_expert,50,10,Ours w/o execution rule,-4.053333333333334,100.0,476,0,-63.159166666666664,-29.704026397542208,0.0,0.0,0.19162960184341676,0.8083703981565833,0.0,69.5,14.850585699081421
taxi-M,0.25,noisy_expert,50,10,Factored Batch RL,-4.053333333333334,100.0,476,0,-4.648333333333333,-6.18883805111407,0.225,12.0,0.856293456364936,0.1349340437975177,0.0087724998375463,100.0,14.850585699081421
taxi-M,0.25,noisy_expert,50,11,Imitation,-4.633333333333334,100.0,424,0,-13.690833333333334,-13.950851332025215,3.23,76.41666666666667,0.8879671647830737,0.0,0.11203283521692632,100.0,15.075340509414673
taxi-M,0.25,noisy_expert,50,11,BC,-4.633333333333334,100.0,424,0,-133.18333333333334,-59.034492902728935,3.23,76.41666666666667,0.9551004332414337,0.0,0.044899566758566364,73.25,15.075340509414673
taxi-M,0.25,noisy_expert,50,11,RECO,-4.633333333333334,100.0,424,0,-14.877777777777778,-14.99869959611706,0.06,6.0,0.8946321882868904,0.10336080577571709,0.0020070059373925647,100.0,15.075340509414673
taxi-M,0.25,noisy_expert,50,11,RECO-greedy,-4.633333333333334,100.0,424,0,-5.745,-7.171533817080047,0.06,6.0,0.8822209758833427,0.1155356141334829,0.002243409983174425,100.0,15.075340509414673
taxi-M,0.25,noisy_expert,50,11,In-data planning (POR-style),-4.633333333333334,100.0,424,0,-4.725,-6.238741227818684,3.23,76.41666666666667,0.8744412050534499,0.0,0.12555879494655006,100.0,15.075340509414673
taxi-M,0.25,noisy_expert,50,11,Ours,-4.633333333333334,100.0,424,0,-5.8758333333333335,-7.240699819500517,0.06,6.0,0.8386716690955319,0.15909584198939566,0.002232488915072401,100.0,15.075340509414673
taxi-M,0.25,noisy_expert,50,11,Ours w/o stitching,-4.633333333333334,100.0,424,0,-5.835,-7.219855951920554,0.06,6.0,0.844636979069623,0.15312713496056146,0.0022358859698155395,100.0,15.075340509414673
taxi-M,0.25,noisy_expert,50,11,Ours w/o execution rule,-4.633333333333334,100.0,424,0,-30.026666666666667,-16.362695827999303,0.06,6.0,0.39281087523534797,0.6059454510908054,0.001243673673846579,86.75,15.075340509414673
taxi-M,0.25,noisy_expert,50,11,Factored Batch RL,-4.633333333333334,100.0,424,0,-5.408333333333333,-6.8831054985561275,0.1675,15.75,0.8587251498895551,0.13493215525402336,0.006342694856421584,100.0,15.075340509414673
taxi-M,0.25,noisy_expert,50,12,Imitation,-3.8233333333333333,100.0,426,0,-13.975555555555555,-14.215876520231253,3.5975,76.75,0.8686950614905762,0.0,0.13130493850942382,100.0,11.71023964881897
taxi-M,0.25,noisy_expert,50,12,BC,-3.8233333333333333,100.0,426,0,-72.56083333333333,-34.05297934527829,3.5975,76.75,0.8947971244059949,0.0,0.10520287559400512,94.66666666666667,11.71023964881897
taxi-M,0.25,noisy_expert,50,12,RECO,-3.8233333333333333,100.0,426,0,-15.950555555555555,-15.912611490917492,0.01,1.0,0.8772915575448789,0.12236560163801724,0.00034284081710394746,100.0,11.71023964881897
taxi-M,0.25,noisy_expert,50,12,RECO-greedy,-3.8233333333333333,100.0,426,0,-5.4425,-6.889383621640023,0.01,1.0,0.8646434086539977,0.13497841227821372,0.0003781790677885979,100.0,11.71023964881897
taxi-M,0.25,noisy_expert,50,12,In-data planning (POR-style),-3.8233333333333333,100.0,426,0,-3.8233333333333333,-5.419133208030716,3.5975,76.75,0.855075869477642,0.0,0.144924130522358,100.0,11.71023964881897
taxi-M,0.25,noisy_expert,50,12,Ours,-3.8233333333333333,100.0,426,0,-5.7283333333333335,-7.133750677755782,0.01,1.0,0.7929787366714472,0.20664712851530834,0.0003741348132443724,100.0,11.71023964881897
taxi-M,0.25,noisy_expert,50,12,Ours w/o stitching,-3.8233333333333333,100.0,426,0,-4.898333333333333,-6.404467943718417,0.01,1.0,0.8242164875474612,0.17539738721925477,0.0003861252332839951,100.0,11.71023964881897
taxi-M,0.25,noisy_expert,50,12,Ours w/o execution rule,-3.8233333333333333,100.0,426,0,-42.123333333333335,-21.2791632113201,0.01,1.0,0.28130558771211567,0.7185250021176272,0.0001694101702572211,80.5,11.71023964881897
taxi-M,0.25,noisy_expert,50,12,Factored Batch RL,-3.8233333333333333,100.0,426,0,-5.473333333333334,-6.91549133451463,0.0725,6.25,0.8156320825988416,0.1816293125157391,0.00273860488541929,100.0,11.71023964881897
taxi-M,0.25,noisy_expert,50,13,Imitation,-4.633333333333334,100.0,480,0,-16.83,-16.642330006706615,2.8983333333333334,72.75,0.8982594705280094,0.0,0.10174052947199064,100.0,18.541018962860107
taxi-M,0.25,noisy_expert,50,13,BC,-4.633333333333334,100.0,480,0,-282.00333333333333,-121.02599355026844,2.8983333333333334,72.75,0.9583727304281218,0.0,0.041627269571878255,74.5,18.541018962860107
taxi-M,0.25,noisy_expert,50,13,RECO,-4.633333333333334,100.0,480,0,-19.5975,-18.949183670929475,0.01,1.0,0.9115296330097624,0.08813849940540391,0.00033186758483365135,100.0,18.541018962860107
taxi-M,0.25,noisy_expert,50,13,RECO-greedy,-4.633333333333334,100.0,480,0,-6.0125,-7.396701801603598,0.01,1.0,0.9013111213944162,0.09831867962363104,0.00037019898195279964,100.0,18.541018962860107
taxi-M,0.25,noisy_expert,50,13,In-data planning (POR-style),-4.633333333333334,100.0,480,0,-4.668333333333333,-6.183941160274056,2.8983333333333334,72.75,0.8870852542042724,0.0,0.11291474579572755,100.0,18.541018962860107
taxi-M,0.25,noisy_expert,50,13,Ours,-4.633333333333334,100.0,480,0,-6.588333333333333,-7.83812880301818,0.01,1.0,0.8171328460097868,0.18250468193076783,0.00036247205944541774,100.0,18.541018962860107
taxi-M,0.25,noisy_expert,50,13,Ours w/o stitching,-4.633333333333334,100.0,480,0,-5.4425,-6.874726303776276,0.01,1.0,0.8549998424253884,0.14462197850682298,0.0003781790677885979,100.0,18.541018962860107
taxi-M,0.25,noisy_expert,50,13,Ours w/o execution rule,-4.633333333333334,100.0,480,0,-44.71083333333333,-22.164702960931628,0.01,1.0,0.26970813338589744,0.7301287366947159,0.0001631299193866315,79.0,18.541018962860107
taxi-M,0.25,noisy_expert,50,13,Factored Batch RL,-4.633333333333334,100.0,480,0,-5.7683333333333335,-7.188470899097915,0.075,5.5,0.8591619450843658,0.13803623684702074,0.0028018180686134116,100.0,18.541018962860107
taxi-M,0.25,noisy_expert,50,14,Imitation,-3.638333333333333,100.0,448,0,-12.563333333333333,-13.043880113208703,3.1041666666666665,75.5,0.8860995596868885,0.0,0.11390044031311154,100.0,16.940098762512207
taxi-M,0.25,noisy_expert,50,14,BC,-3.638333333333333,100.0,448,0,-153.73,-68.2497929089066,3.1041666666666665,75.5,0.9340696295509655,0.0,0.06593037044903449,87.08333333333333,16.940098762512207
taxi-M,0.25,noisy_expert,50,14,RECO,-3.638333333333333,100.0,448,0,-14.258611111111112,-14.526086539526533,0.0375,3.0,0.8972938771537039,0.10139199844251923,0.001314124403776891,100.0,16.940098762512207
taxi-M,0.25,noisy_expert,50,14,RECO-greedy,-3.638333333333333,100.0,448,0,-4.87,-6.370205211627275,0.0375,3.0,0.8867091869604432,0.11184125756990079,0.0014495554696559723,100.0,16.940098762512207
taxi-M,0.25,noisy_expert,50,14,In-data planning (POR-style),-3.638333333333333,100.0,448,0,-3.64,-5.244723141165767,3.1041666666666665,75.5,0.87401920995671,0.0,0.12598079004329005,100.0,16.940098762512207
taxi-M,0.25,noisy_expert,50,14,Ours,-3.638333333333333,100.0,448,0,-4.1883333333333335,-5.757191768024161,0.0375,3.0,0.8539667835638193,0.14454443194600675,0.0014887844901740224,100.0,16.940098762512207
taxi-M,0.25,noisy_expert,50,14,Ours w/o stitching,-3.638333333333333,100.0,448,0,-4.19,-5.758869224978996,0.0375,3.0,0.8573508005822417,0.1411605134312558,0.0014886859865025804,100.0,16.940098762512207
taxi-M,0.25,noisy_expert,50,14,Ours w/o execution rule,-3.638333333333333,100.0,448,0,-4.1883333333333335,-5.757191768024161,0.0375,3.0,0.8539667835638193,0.14454443194600675,0.0014887844901740224,100.0,16.940098762512207
taxi-M,0.25,noisy_expert,50,14,Factored Batch RL,-3.638333333333333,100.0,448,0,-4.583333333333333,-6.110602447479682,0.405,20.25,0.8604560260586319,0.12371335504885994,0.015830618892508145,100.0,16.940098762512207
taxi-M,0.25,noisy_expert,50,15,Imitation,-3.8233333333333333,100.0,448,0,-12.478055555555555,-12.963635551558465,3.4275,75.58333333333334,0.8752981363948741,0.0,0.12470186360512593,100.0,10.72700834274292
taxi-M,0.25,noisy_expert,50,15,BC,-3.8233333333333333,100.0,448,0,-193.55166666666668,-81.2091872821744,3.4275,75.58333333333334,0.936308592842653,0.0,0.06369140715734704,83.08333333333333,10.72700834274292
taxi-M,0.25,noisy_expert,50,15,RECO,-3.8233333333333333,100.0,448,0,-14.1575,-14.429473342226458,0.01,1.0,0.8912924345995212,0.10836145481814773,0.00034611058233105475,100.0,10.72700834274292
taxi-M,0.25,noisy_expert,50,15,RECO-greedy,-3.8233333333333333,100.0,448,0,-5.081666666666667,-6.571502079328145,0.01,1.0,0.8795769697744265,0.1200396191449933,0.00038341108058022875,100.0,10.72700834274292
taxi-M,0.25,noisy_expert,50,15,In-data planning (POR-style),-3.8233333333333333,100.0,448,0,-3.8266666666666667,-5.422121971879972,3.4275,75.58333333333334,0.8619428034371643,0.0,0.13805719656283566,100.0,10.72700834274292
taxi-M,0.25,noisy_expert,50,15,Ours,-3.8233333333333333,100.0,448,0,-4.638333333333334,-6.161005976653751,0.01,1.0,0.8407332769940844,0.15887668205161543,0.0003900409543002015,100.0,10.72700834274292
taxi-M,0.25,noisy_expert,50,15,Ours w/o stitching,-3.8233333333333333,100.0,448,0,-4.541666666666667,-6.072893611449385,0.01,1.0,0.8428058727569331,0.1568026101141925,0.00039151712887438824,100.0,10.72700834274292
taxi-M,0.25,noisy_expert,50,15,Ours w/o execution rule,-3.8233333333333333,100.0,448,0,-36.854166666666664,-18.912008170075296,0.01,1.0,0.322623232679879,0.6771925515420396,0.00018421577808139266,83.0,10.72700834274292
taxi-M,0.25,noisy_expert,50,15,Factored Batch RL,-3.8233333333333333,100.0,448,0,-5.003333333333333,-6.491823204956889,0.2125,11.5,0.8393795667222151,0.1524484040507627,0.008172029227022176,100.0,10.72700834274292
taxi-M,0.25,noisy_expert,50,16,Imitation,-3.638333333333333,100.0,472,0,-13.716111111111111,-14.010670824859572,3.111666666666667,73.0,0.8858045771955757,0.0,0.11419542280442428,100.0,13.420104265213013
taxi-M,0.25,noisy_expert,50,16,BC,-3.638333333333333,100.0,472,0,-282.2158333333333,-119.91266157275462,3.111666666666667,73.0,0.9485277900308778,0.0,0.05147220996912219,79.66666666666666,13.420104265213013
taxi-M,0.25,noisy_expert,50,16,RECO,-3.638333333333333,100.0,472,0,-15.974444444444444,-15.992454717673027,0.01,1.0,0.902470589380066,0.0971791104321342,0.0003503001877998229,100.0,13.420104265213013
taxi-M,0.25,noisy_expert,50,16,RECO-greedy,-3.638333333333333,100.0,472,0,-4.751666666666667,-6.270038913210785,0.01,1.0,0.8918840204517507,0.1077276551679503,0.0003883243802990098,100.0,13.420104265213013
taxi-M,0.25,noisy_expert,50,16,In-data planning (POR-style),-3.638333333333333,100.0,472,0,-3.6966666666666668,-5.298810964619104,3.111666666666667,73.0,0.8740045890133621,0.0,0.12599541098663788,100.0,13.420104265213013
taxi-M,0.25,noisy_expert,50,16,Ours,-3.638333333333333,100.0,472,0,-4.158333333333333,-5.730154438626123,0.01,1.0,0.8586949320967208,0.14090758529314343,0.00039748261013580657,100.0,13.420104265213013
taxi-M,0.25,noisy_expert,50,16,Ours w/o stitching,-3.638333333333333,100.0,472,0,-4.215,-5.784287331401318,0.01,1.0,0.8626809438826095,0.13692246678564346,0.000396589331746976,100.0,13.420104265213013
taxi-M,0.25,noisy_expert,50,16,Ours w/o execution rule,-3.638333333333333,100.0,472,0,-4.158333333333333,-5.730154438626123,0.01,1.0,0.8586949320967208,0.14090758529314343,0.00039748261013580657,100.0,13.420104265213013
taxi-M,0.25,noisy_expert,50,16,Factored Batch RL,-3.638333333333333,100.0,472,0,-4.303333333333334,-5.863364444495582,0.045,4.5,0.8556184955868792,0.1426030825978132,0.001778421815307601,100.0,13.420104265213013
taxi-M,0.25,noisy_expert,50,17,Imitation,-3.8233333333333333,100.0,486,0,-10.759444444444444,-11.495894557232116,2.9166666666666665,71.83333333333334,0.89224248519617,0.0,0.10775751480383002,100.0,10.210977554321289
taxi-M,0.25,noisy_expert,50,17,BC,-3.8233333333333333,100.0,486,0,-26.136666666666667,-14.767692660929152,2.9166666666666665,71.83333333333334,0.9206924680503943,0.0,0.07930753194960573,93.16666666666666,10.210977554321289
taxi-M,0.25,noisy_expert,50,17,RECO,-3.8233333333333333,100.0,486,0,-12.546111111111111,-13.052298453384502,0.01,1.0,0.9131379469684308,0.08650811597337607,0.00035393705819315133,100.0,10.210977554321289
taxi-M,0.25,noisy_expert,50,17,RECO-greedy,-3.8233333333333333,100.0,486,0,-4.900833333333333,-6.401314266821694,0.01,1.0,0.9052475789067276,0.09436633312956469,0.0003860879637077314,100.0,10.210977554321289
taxi-M,0.25,noisy_expert,50,17,In-data planning (POR-style),-3.8233333333333333,100.0,486,0,-3.868333333333333,-5.458415582653491,2.9166666666666665,71.83333333333334,0.8827156356812547,0.0,0.1172843643187454,100.0,10.210977554321289
taxi-M,0.25,noisy_expert,50,17,Ours,-3.8233333333333333,100.0,486,0,-4.485833333333333,-6.028758727195532,0.01,1.0,0.8638132295719845,0.13579439557924336,0.0003923748487721937,100.0,10.210977554321289
taxi-M,0.25,noisy_expert,50,17,Ours w/o stitching,-3.8233333333333333,100.0,486,0,-4.433333333333334,-5.980775235909554,0.01,1.0,0.87021625163827,0.1293905635648755,0.00039318479685452164,100.0,10.210977554321289
taxi-M,0.25,noisy_expert,50,17,Ours w/o execution rule,-3.8233333333333333,100.0,486,0,-28.715833333333332,-15.652970678100507,0.01,1.0,0.3989299507493888,0.6008574566842646,0.00021259256634659674,87.25,10.210977554321289
taxi-M,0.25,noisy_expert,50,17,Factored Batch RL,-3.8233333333333333,100.0,486,0,-4.928333333333334,-6.420633399220355,0.105,8.25,0.8564954682779456,0.13945490775856528,0.004049623963489105,100.0,10.210977554321289
taxi-M,0.25,noisy_expert,50,18,Imitation,-3.5933333333333333,100.0,472,0,-12.520833333333334,-13.012871058555397,3.0191666666666666,72.83333333333334,0.8888616215221326,0.0,0.11113837847786742,100.0,14.392510652542114
taxi-M,0.25,noisy_expert,50,18,BC,-3.5933333333333333,100.0,472,0,-54.54666666666667,-26.57727813501733,3.0191666666666666,72.83333333333334,0.9188050469509872,0.0,0.0811949530490128,92.75,14.392510652542114
taxi-M,0.25,noisy_expert,50,18,RECO,-3.5933333333333333,100.0,472,0,-14.3725,-14.612873478912036,0.07,4.0,0.909181636726547,0.08835270635200188,0.0024656569214512153,100.0,14.392510652542114
taxi-M,0.25,noisy_expert,50,18,RECO-greedy,-3.5933333333333333,100.0,472,0,-4.625,-6.140564028889861,0.07,4.0,0.8993821138211382,0.09788617886178862,0.0027317073170731706,100.0,14.392510652542114
taxi-M,0.25,noisy_expert,50,18,In-data planning (POR-style),-3.5933333333333333,100.0,472,0,-3.6083333333333334,-5.215644081585085,3.0191666666666666,72.83333333333334,0.877311208940061,0.0,0.12268879105993905,100.0,14.392510652542114
taxi-M,0.25,noisy_expert,50,18,Ours,-3.5933333333333333,100.0,472,0,-4.013333333333334,-5.59218622484475,0.07,4.0,0.868969882729211,0.12823160980810236,0.002798507462686567,100.0,14.392510652542114
taxi-M,0.25,noisy_expert,50,18,Ours w/o stitching,-3.5933333333333333,100.0,472,0,-4.023333333333333,-5.601033563591315,0.07,4.0,0.8721526575196483,0.12504995337684827,0.0027973891035033968,100.0,14.392510652542114
taxi-M,0.25,noisy_expert,50,18,Ours w/o execution rule,-3.5933333333333333,100.0,472,0,-4.013333333333334,-5.59218622484475,0.07,4.0,0.868969882729211,0.12823160980810236,0.002798507462686567,100.0,14.392510652542114
taxi-M,0.25,noisy_expert,50,18,Factored Batch RL,-3.5933333333333333,100.0,472,0,-4.288333333333333,-5.850027204495779,0.1925,11.25,0.8691755091280564,0.1232122849798985,0.00761220589204508,100.0,14.392510652542114
taxi-M,0.25,noisy_expert,50,19,Imitation,-3.638333333333333,100.0,446,0,-12.116944444444444,-12.608655360152778,3.3866666666666667,75.25,0.873981891098524,0.0,0.126018108901476,100.0,15.425255060195923
taxi-M,0.25,noisy_expert,50,19,BC,-3.638333333333333,100.0,446,0,-94.625,-42.91852834676768,3.3866666666666667,75.25,0.9284040660289273,0.0,0.07159593397107271,86.83333333333333,15.425255060195923
taxi-M,0.25,noisy_expert,50,19,RECO,-3.638333333333333,100.0,446,0,-13.769166666666667,-14.033321686080178,0.03,2.0,0.9025016983194022,0.09643500605487787,0.0010632956257199397,100.0,15.425255060195923
taxi-M,0.25,noisy_expert,50,19,RECO-greedy,-3.638333333333333,100.0,446,0,-4.861666666666666,-6.369794912706985,0.03,2.0,0.8936327898433976,0.10520719211187729,0.0011600180447251401,100.0,15.425255060195923
taxi-M,0.25,noisy_expert,50,19,In-data planning (POR-style),-3.638333333333333,100.0,446,0,-3.645,-5.248963735508842,3.3866666666666667,75.25,0.862581997700683,0.0,0.13741800229931697,100.0,15.425255060195923
taxi-M,0.25,noisy_expert,50,19,Ours,-3.638333333333333,100.0,446,0,-4.1883333333333335,-5.755171298788379,0.03,2.0,0.8478793092039966,0.15092966320386422,0.001191027592139218,100.0,15.425255060195923
taxi-M,0.25,noisy_expert,50,19,Ours w/o stitching,-3.638333333333333,100.0,446,0,-4.1883333333333335,-5.755171298788379,0.03,2.0,0.8535697743664394,0.1452391980414213,0.001191027592139218,100.0,15.425255060195923
taxi-M,0.25,noisy_expert,50,19,Ours w/o execution rule,-3.638333333333333,100.0,446,0,-4.1883333333333335,-5.755171298788379,0.03,2.0,0.8478793092039966,0.15092966320386422,0.001191027592139218,100.0,15.425255060195923
taxi-M,0.25,noisy_expert,50,19,Factored Batch RL,-3.638333333333333,100.0,446,0,-4.588333333333333,-6.127217400263799,0.1725,9.25,0.8474890900801146,0.14576955643848108,0.006741353481404286,100.0,15.425255060195923
taxi-M,0.25,noisy_expert,50,20,Imitation,-3.8233333333333333,100.0,441,0,-15.546666666666667,-15.649177332971767,3.9158333333333335,76.0,0.8599946369514048,0.0,0.14000536304859518,100.0,10.908219575881958
taxi-M,0.25,noisy_expert,50,20,BC,-3.8233333333333333,100.0,441,0,-193.44666666666666,-84.77458621973162,3.9158333333333335,76.0,0.9460697111246285,0.0,0.05393028887537157,72.83333333333334,10.908219575881958
taxi-M,0.25,noisy_expert,50,20,RECO,-3.8233333333333333,100.0,441,0,-17.89,-17.638588234189896,0.01,1.0,0.8810959214287736,0.1185644335003255,0.00033964507090090854,100.0,10.908219575881958
taxi-M,0.25,noisy_expert,50,20,RECO-greedy,-3.8233333333333333,100.0,441,0,-5.1375,-6.621869165680838,0.01,1.0,0.8660608959030767,0.1335565120357086,0.0003825920612147298,100.0,10.908219575881958
taxi-M,0.25,noisy_expert,50,20,In-data planning (POR-style),-3.8233333333333333,100.0,441,0,-3.828333333333333,-5.423745844256225,3.9158333333333335,76.0,0.8422836812781097,0.0,0.15771631872189032,100.0,10.908219575881958
taxi-M,0.25,noisy_expert,50,20,Ours,-3.8233333333333333,100.0,441,0,-5.475833333333333,-6.91594750421305,0.01,1.0,0.7879198010764533,0.2117024959869063,0.0003777029366403324,100.0,10.908219575881958
taxi-M,0.25,noisy_expert,50,20,Ours w/o stitching,-3.8233333333333333,100.0,441,0,-4.8966666666666665,-6.401146675565949,0.01,1.0,0.8155811558759171,0.18403269404041706,0.00038615008366585146,100.0,10.908219575881958
taxi-M,0.25,noisy_expert,50,20,Ours w/o execution rule,-3.8233333333333333,100.0,441,0,-51.17,-24.878125879932075,0.01,1.0,0.22956033443901955,0.770290584274409,0.00014908128657150312,75.75,10.908219575881958
taxi-M,0.25,noisy_expert,50,20,Factored Batch RL,-3.8233333333333333,100.0,441,0,-5.4383333333333335,-6.911322837312497,0.1,6.75,0.820179032969804,0.1760385803441972,0.0037823866859988653,100.0,10.908219575881958
taxi-M,0.25,noisy_expert,50,21,Imitation,-3.8233333333333333,100.0,466,0,-12.648055555555555,-13.21112531645814,3.1775,74.83333333333333,0.8849172015533512,0.0,0.11508279844664883,100.0,10.881951808929443
taxi-M,0.25,noisy_expert,50,21,BC,-3.8233333333333333,100.0,466,0,-98.0825,-45.2867094967434,3.1775,74.83333333333333,0.9390553824023016,0.0,0.06094461759769839,84.5,10.881951808929443
taxi-M,0.25,noisy_expert,50,21,RECO,-3.8233333333333333,100.0,466,0,-14.285833333333333,-14.60148910870744,0.05,4.0,0.8950992769424997,0.10317915758062665,0.0017215654768736371,100.0,10.881951808929443
taxi-M,0.25,noisy_expert,50,21,RECO-greedy,-3.8233333333333333,100.0,466,0,-5.189166666666667,-6.662410223732757,0.05,4.0,0.8836669106182582,0.11442390301333248,0.0019091863684093295,100.0,10.881951808929443
taxi-M,0.25,noisy_expert,50,21,In-data planning (POR-style),-3.8233333333333333,100.0,466,0,-3.8866666666666667,-5.479468331108198,3.1775,74.83333333333333,0.87232118939191,0.0,0.12767881060809,100.0,10.881951808929443
taxi-M,0.25,noisy_expert,50,21,Ours,-3.8233333333333333,100.0,466,0,-5.653333333333333,-7.068557717483427,0.05,4.0,0.8123436718359179,0.18578039019509754,0.0018759379689844923,100.0,10.881951808929443
taxi-M,0.25,noisy_expert,50,21,Ours w/o stitching,-3.8233333333333333,100.0,466,0,-4.73,-6.2485813448973495,0.05,4.0,0.84764865915274,0.150408083948698,0.00194325689856199,100.0,10.881951808929443
taxi-M,0.25,noisy_expert,50,21,Ours w/o execution rule,-3.8233333333333333,100.0,466,0,-55.3475,-26.487478616244807,0.05,4.0,0.2159667526106971,0.7833268580981646,0.0007063892911383464,73.5,10.881951808929443
taxi-M,0.25,noisy_expert,50,21,Factored Batch RL,-3.8233333333333333,100.0,466,0,-4.653333333333333,-6.1882029514200205,0.1875,10.25,0.8566463097713097,0.13604469854469856,0.007308991683991684,100.0,10.881951808929443
taxi-M,0.25,noisy_expert,50,22,Imitation,-4.053333333333334,100.0,458,0,-14.633888888888889,-14.823663144231325,3.075833333333333,74.16666666666667,0.8907395530119887,0.0,0.10926044698801125,100.0,14.532209396362305
taxi-M,0.25,noisy_expert,50,22,BC,-4.053333333333334,100.0,458,0,-154.59,-67.77563346488355,3.075833333333333,74.16666666666667,0.9475203321389979,0.0,0.052479667861002104,80.66666666666666,14.532209396362305
taxi-M,0.25,noisy_expert,50,22,RECO,-4.053333333333334,100.0,458,0,-15.961666666666666,-15.987509943453956,0.01,1.0,0.912587811982409,0.08706950711062882,0.00034268090696213375,100.0,14.532209396362305
taxi-M,0.25,noisy_expert,50,22,RECO-greedy,-4.053333333333334,100.0,458,0,-4.910833333333334,-6.43912358597312,0.01,1.0,0.9015534043032194,0.09806065673945905,0.00038593895732158366,100.0,14.532209396362305
taxi-M,0.25,noisy_expert,50,22,In-data planning (POR-style),-4.053333333333334,100.0,458,0,-4.075,-5.656528428345622,3.075833333333333,74.16666666666667,0.8773346626786308,0.0,0.12266533732136922,100.0,14.532209396362305
taxi-M,0.25,noisy_expert,50,22,Ours,-4.053333333333334,100.0,458,0,-5.533333333333333,-6.970529419128229,0.01,1.0,0.8304962311557789,0.16912688442211055,0.00037688442211055275,100.0,14.532209396362305
taxi-M,0.25,noisy_expert,50,22,Ours w/o stitching,-4.053333333333334,100.0,458,0,-4.593333333333334,-6.134922737820523,0.01,1.0,0.8637991664495962,0.13581010679864547,0.00039072675175827037,100.0,14.532209396362305
taxi-M,0.25,noisy_expert,50,22,Ours w/o execution rule,-4.053333333333334,100.0,458,0,-64.52166666666666,-30.209634292028724,0.01,1.0,0.18412470580785428,0.8157486464522802,0.0001266477398655423,68.75,14.532209396362305
taxi-M,0.25,noisy_expert,50,22,Factored Batch RL,-4.053333333333334,100.0,458,0,-4.828333333333333,-6.358056231326124,0.1475,10.5,0.8649416016003098,0.12934761566754857,0.005710782732141705,100.0,14.532209396362305
taxi-M,0.25,noisy_expert,50,23,Imitation,-4.053333333333334,100.0,401,0,-13.210555555555555,-13.681787502620624,3.7808333333333333,77.75,0.8626178412096009,0.0,0.13738215879039908,100.0,15.037770986557007
taxi-M,0.25,noisy_expert,50,23,BC,-4.053333333333334,100.0,401,0,-49.58166666666666,-24.97712656163997,3.7808333333333333,77.75,0.896271062438556,0.0,0.10372893756144402,93.5,15.037770986557007
taxi-M,0.25,noisy_expert,50,23,RECO,-4.053333333333334,100.0,401,0,-14.463611111111112,-14.781562651003942,0.02,2.0,0.8780961443232904,0.12120476546494353,0.0006990902117660767,100.0,15.037770986557007
taxi-M,0.25,noisy_expert,50,23,RECO-greedy,-4.053333333333334,100.0,401,0,-5.151666666666666,-6.637476656312998,0.02,2.0,0.8666432987062648,0.13259193168058123,0.0007647696131540373,100.0,15.037770986557007
taxi-M,0.25,noisy_expert,50,23,In-data planning (POR-style),-4.053333333333334,100.0,401,0,-4.0633333333333335,-5.645450916446634,3.7808333333333333,77.75,0.8491488229817795,0.0,0.1508511770182205,100.0,15.037770986557007
taxi-M,0.25,noisy_expert,50,23,Ours,-4.053333333333334,100.0,401,0,-4.980833333333333,-6.472678390693753,0.02,2.0,0.8251595727619719,0.17407062898931905,0.0007697982487089842,100.0,15.037770986557007
taxi-M,0.25,noisy_expert,50,23,Ours w/o stitching,-4.053333333333334,100.0,401,0,-4.899166666666667,-6.400440061882085,0.02,2.0,0.8279545673927733,0.17127320698864185,0.0007722256185848966,100.0,15.037770986557007
taxi-M,0.25,noisy_expert,50,23,Ours w/o execution rule,-4.053333333333334,100.0,401,0,-38.454166666666666,-19.645832927284935,0.02,2.0,0.311595286517526,0.6880458188778562,0.00035889460461777724,82.25,15.037770986557007
taxi-M,0.25,noisy_expert,50,23,Factored Batch RL,-4.053333333333334,100.0,401,0,-4.9383333333333335,-6.452095666815891,0.445,19.25,0.8305596607337917,0.15228426395939088,0.017156075306817453,100.0,15.037770986557007
taxi-M,0.25,noisy_expert,50,24,Imitation,-4.053333333333334,100.0,423,0,-12.285555555555556,-12.865613053210058,3.6966666666666668,77.0,0.8662351238340302,0.0,0.13376487616596977,100.0,17.124608755111694
taxi-M,0.25,noisy_expert,50,24,BC,-4.053333333333334,100.0,423,0,-96.06166666666667,-44.19231225548671,3.6966666666666668,77.0,0.9204789903915102,0.0,0.07952100960848989,87.5,17.124608755111694
taxi-M,0.25,noisy_expert,50,24,RECO,-4.053333333333334,100.0,423,0,-15.612222222222222,-15.714615173233186,0.03,3.0,0.8578129607785314,0.1411917575936302,0.0009952816278383958,100.0,17.124608755111694
taxi-M,0.25,noisy_expert,50,24,RECO-greedy,-4.053333333333334,100.0,423,0,-6.366666666666666,-7.715353281467783,0.03,3.0,0.8433922046285018,0.1555115712545676,0.0010962241169305725,100.0,17.124608755111694
taxi-M,0.25,noisy_expert,50,24,In-data planning (POR-style),-4.053333333333334,100.0,423,0,-4.056666666666667,-5.639196760516567,3.6966666666666668,77.0,0.8524677397898097,0.0,0.14753226021019022,100.0,17.124608755111694
taxi-M,0.25,noisy_expert,50,24,Ours,-4.053333333333334,100.0,423,0,-8.163333333333334,-9.267590079603421,0.03,3.0,0.7244256486455595,0.27454566236141276,0.0010286889930277746,100.0,17.124608755111694
taxi-M,0.25,noisy_expert,50,24,Ours w/o stitching,-4.053333333333334,100.0,423,0,-6.291666666666667,-7.620876912148178,0.03,3.0,0.7882748091603053,0.21062595419847327,0.0010992366412213741,100.0,17.124608755111694
taxi-M,0.25,noisy_expert,50,24,Ours w/o execution rule,-4.053333333333334,100.0,423,0,-93.38,-42.09900158595699,0.03,3.0,0.10065730837789662,0.8990562133944486,0.00028647822765469827,54.0,17.124608755111694
taxi-M,0.25,noisy_expert,50,24,Factored Batch RL,-4.053333333333334,100.0,423,0,-5.678333333333334,-7.124019666039561,0.1925,11.5,0.8198600612232149,0.17292434559880052,0.0072155931779846316,100.0,17.124608755111694
taxi-M,0.25,noisy_expert,50,25,Imitation,-3.638333333333333,100.0,442,0,-12.894722222222223,-13.326818055392952,3.1233333333333335,74.91666666666667,0.8845229536818322,0.0,0.11547704631816781,100.0,10.975802183151245
taxi-M,0.25,noisy_expert,50,25,BC,-3.638333333333333,100.0,442,0,-148.56583333333333,-65.80921646019455,3.1233333333333335,74.91666666666667,0.9484605547228449,0.0,0.051539445277155156,79.08333333333334,10.975802183151245
taxi-M,0.25,noisy_expert,50,25,RECO,-3.638333333333333,100.0,442,0,-15.181111111111111,-15.328083880287696,0.06,3.0,0.9088322132007304,0.08906996620177926,0.002097820597490385,100.0,10.975802183151245
taxi-M,0.25,noisy_expert,50,25,RECO-greedy,-3.638333333333333,100.0,442,0,-5.025,-6.519703128849352,0.06,3.0,0.8998078770413064,0.0978866474543708,0.0023054755043227667,100.0,10.975802183151245
taxi-M,0.25,noisy_expert,50,25,In-data planning (POR-style),-3.638333333333333,100.0,442,0,-3.6433333333333335,-5.247642996577841,3.1233333333333335,74.91666666666667,0.8732584877586906,0.0,0.12674151224130933,100.0,10.975802183151245
taxi-M,0.25,noisy_expert,50,25,Ours,-3.638333333333333,100.0,442,0,-4.3308333333333335,-5.890106385601396,0.06,3.0,0.8577491199789453,0.13988222521959404,0.0023686548014606704,100.0,10.975802183151245
taxi-M,0.25,noisy_expert,50,25,Ours w/o stitching,-3.638333333333333,100.0,442,0,-4.29,-5.853840268944167,0.06,3.0,0.8596942137867405,0.13793330697245287,0.002372479240806643,100.0,10.975802183151245
taxi-M,0.25,noisy_expert,50,25,Ours w/o execution rule,-3.638333333333333,100.0,442,0,-15.316666666666666,-10.28423351262551,0.06,3.0,0.5797868552847072,0.4185041893142816,0.001708955401011132,94.25,10.975802183151245
taxi-M,0.25,noisy_expert,50,25,Factored Batch RL,-3.638333333333333,100.0,442,0,-4.413333333333333,-5.966554356604401,0.25,11.75,0.8565385624344176,0.13362408184679958,0.009837355718782791,100.0,10.975802183151245
taxi-M,0.25,noisy_expert,50,26,Imitation,-3.5933333333333333,100.0,465,0,-11.871666666666666,-12.383134633009549,3.638333333333333,73.33333333333333,0.8675364077669903,0.0,0.1324635922330097,100.0,11.46984601020813
taxi-M,0.25,noisy_expert,50,26,BC,-3.5933333333333333,100.0,465,0,-130.30916666666667,-57.14820848792775,3.638333333333333,73.33333333333333,0.9451369690877105,0.0,0.05486303091228952,76.16666666666667,11.46984601020813
taxi-M,0.25,noisy_expert,50,26,RECO,-3.5933333333333333,100.0,465,0,-13.359722222222222,-13.663686501179164,0.9066666666666666,11.083333333333334,0.8892295075565275,0.07890420588120436,0.03186628656226813,100.0,11.46984601020813
taxi-M,0.25,noisy_expert,50,26,RECO-greedy,-3.5933333333333333,100.0,465,0,-4.498333333333333,-6.026021008147215,0.9066666666666666,11.083333333333334,0.8763971501405321,0.08804497025949408,0.035557879599973856,100.0,11.46984601020813
taxi-M,0.25,noisy_expert,50,26,In-data planning (POR-style),-3.5933333333333333,100.0,465,0,-3.598333333333333,-5.206529188393197,3.638333333333333,73.33333333333333,0.8520902500169388,0.0,0.1479097499830612,100.0,11.46984601020813
taxi-M,0.25,noisy_expert,50,26,Ours,-3.5933333333333333,100.0,465,0,-3.955,-5.542555317641158,0.9066666666666666,11.083333333333334,0.8427836772857811,0.12088425833166366,0.03633206438255527,100.0,11.46984601020813
taxi-M,0.25,noisy_expert,50,26,Ours w/o stitching,-3.5933333333333333,100.0,465,0,-3.9566666666666666,-5.5439836014010275,0.9066666666666666,11.083333333333334,0.8470348604247362,0.11663550153599572,0.036329638039268065,100.0,11.46984601020813
taxi-M,0.25,noisy_expert,50,26,Ours w/o execution rule,-3.5933333333333333,100.0,465,0,-3.955,-5.542555317641158,0.9066666666666666,11.083333333333334,0.8427836772857811,0.12088425833166366,0.03633206438255527,100.0,11.46984601020813
taxi-M,0.25,noisy_expert,50,26,Factored Batch RL,-3.5933333333333333,100.0,465,0,-6.553333333333334,-7.83577990360501,0.135,8.0,0.7825429470118558,0.21255746431163802,0.0048995886765061695,100.0,11.46984601020813
taxi-M,0.25,noisy_expert,50,27,Imitation,-4.053333333333334,100.0,439,0,-13.266388888888889,-13.669561638953915,2.785,75.25,0.8984554615891022,0.0,0.10154453841089786,100.0,15.455022811889648
taxi-M,0.25,noisy_expert,50,27,BC,-4.053333333333334,100.0,439,0,-263.7658333333333,-114.16188538987005,2.785,75.25,0.9618026584983942,0.0,0.03819734150160584,72.66666666666667,15.455022811889648
taxi-M,0.25,noisy_expert,50,27,RECO,-4.053333333333334,100.0,439,0,-14.803888888888888,-15.008049424712857,0.03,2.0,0.9055049512617732,0.09344962103245666,0.0010454277057701802,100.0,15.455022811889648
taxi-M,0.25,noisy_expert,50,27,RECO-greedy,-4.053333333333334,100.0,439,0,-5.22,-6.714711075816438,0.03,2.0,0.8965802186625985,0.10227561657767607,0.0011441647597254005,100.0,15.455022811889648
taxi-M,0.25,noisy_expert,50,27,In-data planning (POR-style),-4.053333333333334,100.0,439,0,-4.115,-5.6941436002470125,2.785,75.25,0.8891100935695799,0.0,0.11088990643042007,100.0,15.455022811889648
taxi-M,0.25,noisy_expert,50,27,Ours,-4.053333333333334,100.0,439,0,-5.043333333333333,-6.542859244787939,0.03,2.0,0.8589210290541406,0.1399270446691412,0.00115192627671829,100.0,15.455022811889648
taxi-M,0.25,noisy_expert,50,27,Ours w/o stitching,-4.053333333333334,100.0,439,0,-4.9975,-6.501677561323566,0.03,2.0,0.8678398563964483,0.13100618649229093,0.001153957111260698,100.0,15.455022811889648
taxi-M,0.25,noisy_expert,50,27,Ours w/o execution rule,-4.053333333333334,100.0,439,0,-51.531666666666666,-24.97155458963749,0.03,2.0,0.24490502572220024,0.7546497823506134,0.000445191927186387,75.5,15.455022811889648
taxi-M,0.25,noisy_expert,50,27,Factored Batch RL,-4.053333333333334,100.0,439,0,-4.723333333333334,-6.268496509236168,0.2925,18.25,0.8775106906829079,0.11111831022418038,0.011370999092911753,100.0,15.455022811889648
taxi-M,0.25,noisy_expert,50,28,Imitation,-3.638333333333333,100.0,475,0,-12.618055555555555,-13.096240924674545,2.7975,71.83333333333334,0.8972850032637075,0.0,0.10271499673629243,100.0,18.668185234069824
taxi-M,0.25,noisy_expert,50,28,BC,-3.638333333333333,100.0,475,0,-57.68083333333333,-28.22339084121942,2.7975,71.83333333333334,0.9319935984441788,0.0,0.06800640155582116,90.75,18.668185234069824
taxi-M,0.25,noisy_expert,50,28,RECO,-3.638333333333333,100.0,475,0,-14.615,-14.831946535382745,0.0,0.0,0.9175898247464979,0.08241017525350214,0.0,100.0,18.668185234069824
taxi-M,0.25,noisy_expert,50,28,RECO-greedy,-3.638333333333333,100.0,475,0,-4.788333333333333,-6.305843504080458,0.0,0.0,0.9091320364505914,0.09086796354940865,0.0,100.0,18.668185234069824
taxi-M,0.25,noisy_expert,50,28,In-data planning (POR-style),-3.638333333333333,100.0,475,0,-3.7266666666666666,-5.328839288905836,2.7975,71.83333333333334,0.8868630358587221,0.0,0.11313696414127797,100.0,18.668185234069824
taxi-M,0.25,noisy_expert,50,28,Ours,-3.638333333333333,100.0,475,0,-4.113333333333333,-5.691623220805861,0.0,0.0,0.8766923281125564,0.12330767188744358,0.0,100.0,18.668185234069824
taxi-M,0.25,noisy_expert,50,28,Ours w/o stitching,-3.638333333333333,100.0,475,0,-4.203333333333333,-5.779290394788551,0.0,0.0,0.8829850548869197,0.11701494511308028,0.0,100.0,18.668185234069824
taxi-M,0.25,noisy_expert,50,28,Ours w/o execution rule,-3.638333333333333,100.0,475,0,-4.113333333333333,-5.691623220805861,0.0,0.0,0.8766923281125564,0.12330767188744358,0.0,100.0,18.668185234069824
taxi-M,0.25,noisy_expert,50,28,Factored Batch RL,-3.638333333333333,100.0,475,0,-4.283333333333333,-5.847552276479081,0.1475,6.5,0.8715886618325642,0.12257745550428477,0.0058338826631509555,100.0,18.668185234069824
taxi-M,0.25,noisy_expert,50,29,Imitation,-3.8233333333333333,100.0,467,0,-12.948888888888888,-13.36481472446004,2.7758333333333334,72.83333333333334,0.8992762972221102,0.0,0.10072370277788976,100.0,17.89235210418701
taxi-M,0.25,noisy_expert,50,29,BC,-3.8233333333333333,100.0,467,0,-94.6775,-43.71511882091672,2.7758333333333334,72.83333333333334,0.9420161192055285,0.0,0.05798388079447143,86.83333333333333,17.89235210418701
taxi-M,0.25,noisy_expert,50,29,RECO,-3.8233333333333333,100.0,467,0,-14.825833333333334,-14.945225697552317,0.04,3.0,0.9063745591145012,0.09224901786482378,0.0013764230206750208,100.0,17.89235210418701
taxi-M,0.25,noisy_expert,50,29,RECO-greedy,-3.8233333333333333,100.0,467,0,-5.0525,-6.531892019561979,0.04,3.0,0.8955634456066276,0.10290119310366887,0.0015353612897034833,100.0,17.89235210418701
taxi-M,0.25,noisy_expert,50,29,In-data planning (POR-style),-3.8233333333333333,100.0,467,0,-3.8466666666666667,-5.440269476517087,2.7758333333333334,72.83333333333334,0.8882814596189965,0.0,0.11171854038100348,100.0,17.89235210418701
taxi-M,0.25,noisy_expert,50,29,Ours,-3.8233333333333333,100.0,467,0,-4.558333333333334,-6.09263599629577,0.04,3.0,0.8656667753505054,0.1327681773720248,0.0015650472774698403,100.0,17.89235210418701
taxi-M,0.25,noisy_expert,50,29,Ours w/o stitching,-3.8233333333333333,100.0,467,0,-4.489166666666667,-6.029679821361834,0.04,3.0,0.8714159610291954,0.12701474482623337,0.001569294144571223,100.0,17.89235210418701
taxi-M,0.25,noisy_expert,50,29,Ours w/o execution rule,-3.8233333333333333,100.0,467,0,-25.49416666666667,-14.422678145122727,0.04,3.0,0.43844891646706025,0.5606457818600177,0.0009053016729220497,89.0,17.89235210418701
taxi-M,0.25,noisy_expert,50,29,Factored Batch RL,-3.8233333333333333,100.0,467,0,-4.588333333333333,-6.122733889026771,0.37,18.0,0.8675828828242037,0.11795740246205953,0.01445971471373673,100.0,17.89235210418701
taxi-M,0.25,noisy_expert,150,0,Imitation,-4.053333333333334,100.0,666,0,-14.839444444444444,-15.10154416019292,1.735,59.0,0.9378290947096004,0.0,0.06217090529039964,100.0,15.268242120742798
taxi-M,0.25,noisy_expert,150,0,BC,-4.053333333333334,100.0,666,0,-42.1375,-21.928348255426187,1.735,59.0,0.9441852983754222,0.0,0.05581470162457777,96.58333333333333,15.268242120742798
taxi-M,0.25,noisy_expert,150,0,RECO,-4.053333333333334,100.0,666,0,-15.800833333333333,-15.934516328573645,0.0,0.0,0.9543584206379315,0.04564157936206846,0.0,100.0,15.268242120742798
taxi-M,0.25,noisy_expert,150,0,RECO-greedy,-4.053333333333334,100.0,666,0,-4.588333333333333,-6.133000884394929,0.0,0.0,0.949065329251612,0.050934670748387936,0.0,100.0,15.268242120742798
taxi-M,0.25,noisy_expert,150,0,In-data planning (POR-style),-4.053333333333334,100.0,666,0,-4.07,-5.651881849776851,1.735,59.0,0.930793777423215,0.0,0.069206222576785,100.0,15.268242120742798
taxi-M,0.25,noisy_expert,150,0,Ours,-4.053333333333334,100.0,666,0,-5.190833333333333,-6.657377773893376,0.0,0.0,0.8785198383658405,0.12148016163415953,0.0,100.0,15.268242120742798
taxi-M,0.25,noisy_expert,150,0,Ours w/o stitching,-4.053333333333334,100.0,666,0,-4.2775,-5.843084189623502,0.0,0.0,0.9247684040483961,0.07523159595160386,0.0,100.0,15.268242120742798
taxi-M,0.25,noisy_expert,150,0,Ours w/o execution rule,-4.053333333333334,100.0,666,0,-67.22416666666666,-31.199185940020804,0.0,0.0,0.1851233404359941,0.8148766595640059,0.0,67.25,15.268242120742798
taxi-M,0.25,noisy_expert,150,0,Factored Batch RL,-4.053333333333334,100.0,666,0,-4.283333333333333,-5.8517295003630805,0.0075,0.75,0.9291364535266974,0.07056690837178642,0.0002966381015161503,100.0,15.268242120742798
taxi-M,0.25,noisy_expert,150,1,Imitation,-3.638333333333333,100.0,778,0,-13.480555555555556,-13.884509555162488,1.175,51.083333333333336,0.9571801672301743,0.0,0.042819832769825684,100.0,16.814268827438354
taxi-M,0.25,noisy_expert,150,1,BC,-3.638333333333333,100.0,778,0,-61.29083333333333,-29.516127218611157,1.175,51.083333333333336,0.9698357008386103,0.0,0.0301642991613897,91.66666666666666,16.814268827438354
taxi-M,0.25,noisy_expert,150,1,RECO,-3.638333333333333,100.0,778,0,-13.864444444444445,-14.201802129230312,0.0,0.0,0.9707669928063288,0.029233007193671164,0.0,100.0,16.814268827438354
taxi-M,0.25,noisy_expert,150,1,RECO-greedy,-3.638333333333333,100.0,778,0,-4.0008333333333335,-5.584391422577328,0.0,0.0,0.9674010866304457,0.032598913369554346,0.0,100.0,16.814268827438354
taxi-M,0.25,noisy_expert,150,1,In-data planning (POR-style),-3.638333333333333,100.0,778,0,-3.675,-5.277640862671604,1.175,51.083333333333336,0.9523809523809523,0.0,0.047619047619047616,100.0,16.814268827438354
taxi-M,0.25,noisy_expert,150,1,Ours,-3.638333333333333,100.0,778,0,-3.7508333333333335,-5.34526661237748,0.0,0.0,0.9460960910407057,0.0539039089592943,0.0,100.0,16.814268827438354
taxi-M,0.25,noisy_expert,150,1,Ours w/o stitching,-3.638333333333333,100.0,778,0,-3.7283333333333335,-5.325393365988378,0.0,0.0,0.9488441059513378,0.05115589404866213,0.0,100.0,16.814268827438354
taxi-M,0.25,noisy_expert,150,1,Ours w/o execution rule,-3.638333333333333,100.0,778,0,-15.7325,-10.15672374633852,0.0,0.0,0.6175889328063241,0.3824110671936759,0.0,93.75,16.814268827438354
taxi-M,0.25,noisy_expert,150,1,Factored Batch RL,-3.638333333333333,100.0,778,0,-3.6933333333333334,-5.294941085163101,0.0075,0.75,0.9496152807775378,0.05008099352051836,0.0003037257019438445,100.0,16.814268827438354
taxi-M,0.25,noisy_expert,150,2,Imitation,-4.053333333333334,100.0,701,1,-14.305277777777778,-14.566892871956107,1.715,57.25,0.9384483480549518,0.0,0.06155165194504815,100.0,12.776923179626465
taxi-M,0.25,noisy_expert,150,2,BC,-4.053333333333334,100.0,701,1,-42.0075,-21.828902797550636,1.715,57.25,0.9395914054244452,0.0,0.06040859457555477,98.08333333333333,12.776923179626465
taxi-M,0.25,noisy_expert,150,2,RECO,-4.053333333333334,100.0,701,1,-15.219722222222222,-15.364560105797073,0.0,0.0,0.9595530573875094,0.04044694261249062,0.0,100.0,12.776923179626465
taxi-M,0.25,noisy_expert,150,2,RECO-greedy,-4.053333333333334,100.0,701,1,-4.635833333333333,-6.177455150991619,0.0,0.0,0.9550108897051653,0.044989110294834704,0.0,100.0,12.776923179626465
taxi-M,0.25,noisy_expert,150,2,In-data planning (POR-style),-4.053333333333334,100.0,701,1,-4.056666666666667,-5.6391650151435915,1.715,57.25,0.9315551416788612,0.0,0.06844485832113875,100.0,12.776923179626465
taxi-M,0.25,noisy_expert,150,2,Ours,-4.053333333333334,100.0,701,1,-5.273333333333333,-6.727789331156682,0.0,0.0,0.8801700076122811,0.11982999238771885,0.0,100.0,12.776923179626465
taxi-M,0.25,noisy_expert,150,2,Ours w/o stitching,-4.053333333333334,100.0,701,1,-4.33,-5.890186398729474,0.0,0.0,0.9221279115673114,0.07787208843268852,0.0,100.0,12.776923179626465
taxi-M,0.25,noisy_expert,150,2,Ours w/o execution rule,-4.053333333333334,100.0,701,1,-58.998333333333335,-27.85716964406319,0.0,0.0,0.2182940010808863,0.7817059989191136,0.0,71.5,12.776923179626465
taxi-M,0.25,noisy_expert,150,2,Factored Batch RL,-4.053333333333334,100.0,701,1,-4.238333333333333,-5.810584494510881,0.0,0.0,0.9301987717097009,0.06980122829029915,0.0,100.0,12.776923179626465
taxi-M,0.25,noisy_expert,150,3,Imitation,-4.053333333333334,100.0,714,2,-16.36861111111111,-16.46546442306162,1.4166666666666667,55.58333333333333,0.9503770372172221,0.0,0.04962296278277791,100.0,16.012946605682373
taxi-M,0.25,noisy_expert,150,3,BC,-4.053333333333334,100.0,714,2,-118.51416666666667,-53.904680721481405,1.4166666666666667,55.58333333333333,0.9678207045372806,0.0,0.03217929546271934,89.0,16.012946605682373
taxi-M,0.25,noisy_expert,150,3,RECO,-4.053333333333334,100.0,714,2,-17.40972222222222,-17.380770109898613,0.0,0.0,0.9615645511087333,0.03843544889126675,0.0,100.0,16.012946605682373
taxi-M,0.25,noisy_expert,150,3,RECO-greedy,-4.053333333333334,100.0,714,2,-4.504166666666666,-6.054665931145822,0.0,0.0,0.9561836301257964,0.043816369874203565,0.0,100.0,16.012946605682373
taxi-M,0.25,noisy_expert,150,3,In-data planning (POR-style),-4.053333333333334,100.0,714,2,-4.0633333333333335,-5.645266991584088,1.4166666666666667,55.58333333333333,0.9434765261337944,0.0,0.05652347386620561,100.0,16.012946605682373
taxi-M,0.25,noisy_expert,150,3,Ours,-4.053333333333334,100.0,714,2,-4.278333333333333,-5.839955701569144,0.0,0.0,0.9365068899584624,0.06349311004153754,0.0,100.0,16.012946605682373
taxi-M,0.25,noisy_expert,150,3,Ours w/o stitching,-4.053333333333334,100.0,714,2,-4.159166666666667,-5.731520308443943,0.0,0.0,0.9416382365605644,0.058361763439435596,0.0,100.0,16.012946605682373
taxi-M,0.25,noisy_expert,150,3,Ours w/o execution rule,-4.053333333333334,100.0,714,2,-26.185,-14.565796331173338,0.0,0.0,0.46128359764723403,0.538716402352766,0.0,88.5,16.012946605682373
taxi-M,0.25,noisy_expert,150,3,Factored Batch RL,-4.053333333333334,100.0,714,2,-4.173333333333333,-5.747034046954588,0.0,0.0,0.9407110699152542,0.05928893008474576,0.0,100.0,16.012946605682373
taxi-M,0.25,noisy_expert,150,4,Imitation,-4.053333333333334,100.0,722,2,-15.02111111111111,-15.279953374405716,1.51,54.166666666666664,0.946198459985352,0.0,0.05380154001464795,100.0,23.33296799659729
taxi-M,0.25,noisy_expert,150,4,BC,-4.053333333333334,100.0,722,2,-60.916666666666664,-29.912044846612886,1.51,54.166666666666664,0.9546296759977966,0.0,0.045370324002203415,95.33333333333334,23.33296799659729
taxi-M,0.25,noisy_expert,150,4,RECO,-4.053333333333334,100.0,722,2,-16.162777777777777,-16.325228494641475,0.0,0.0,0.9628082351116626,0.03719176488833747,0.0,100.0,23.33296799659729
taxi-M,0.25,noisy_expert,150,4,RECO-greedy,-4.053333333333334,100.0,722,2,-4.615833333333334,-6.1621102132653425,0.0,0.0,0.9583916197664205,0.04160838023357949,0.0,100.0,23.33296799659729
taxi-M,0.25,noisy_expert,150,4,In-data planning (POR-style),-4.053333333333334,100.0,722,2,-4.118333333333333,-5.695782319220227,1.51,54.166666666666664,0.9398845464799946,0.0,0.06011545352000531,100.0,23.33296799659729
taxi-M,0.25,noisy_expert,150,4,Ours,-4.053333333333334,100.0,722,2,-4.265833333333333,-5.831951208205545,0.0,0.0,0.9275701705201359,0.07242982947986411,0.0,100.0,23.33296799659729
taxi-M,0.25,noisy_expert,150,4,Ours w/o stitching,-4.053333333333334,100.0,722,2,-4.175,-5.749805658591555,0.0,0.0,0.9368090036411785,0.06319099635882158,0.0,100.0,23.33296799659729
taxi-M,0.25,noisy_expert,150,4,Ours w/o execution rule,-4.053333333333334,100.0,722,2,-25.72833333333333,-14.396599713904859,0.0,0.0,0.46276226074869925,0.5372377392513007,0.0,88.75,23.33296799659729
taxi-M,0.25,noisy_expert,150,4,Factored Batch RL,-4.053333333333334,100.0,722,2,-4.278333333333333,-5.8469768641055,0.0075,0.75,0.9309026175248896,0.06880068569921541,0.0002966967758950353,100.0,23.33296799659729
taxi-M,0.25,noisy_expert,150,5,Imitation,-3.638333333333333,100.0,735,1,-14.5375,-14.84554435569359,1.5125,54.41666666666667,0.9455935251798561,0.0,0.05440647482014389,100.0,20.59674096107483
taxi-M,0.25,noisy_expert,150,5,BC,-3.638333333333333,100.0,735,1,-92.45333333333333,-42.9051466686137,1.5125,54.41666666666667,0.961433853214908,0.0,0.03856614678509201,91.75,20.59674096107483
taxi-M,0.25,noisy_expert,150,5,RECO,-3.638333333333333,100.0,735,1,-15.071388888888889,-15.296739242157392,0.0,0.0,0.9654794520547946,0.03452054794520548,0.0,100.0,20.59674096107483
taxi-M,0.25,noisy_expert,150,5,RECO-greedy,-3.638333333333333,100.0,735,1,-4.215,-5.778187631947918,0.0,0.0,0.9611342454887963,0.03886575451120365,0.0,100.0,20.59674096107483
taxi-M,0.25,noisy_expert,150,5,In-data planning (POR-style),-3.638333333333333,100.0,735,1,-3.6616666666666666,-5.264738015685901,1.5125,54.41666666666667,0.9386700006758126,0.0,0.06132999932418733,100.0,20.59674096107483
taxi-M,0.25,noisy_expert,150,5,Ours,-3.638333333333333,100.0,735,1,-3.703333333333333,-5.30321008519685,0.0,0.0,0.935838618270139,0.06416138172986102,0.0,100.0,20.59674096107483
taxi-M,0.25,noisy_expert,150,5,Ours w/o stitching,-3.638333333333333,100.0,735,1,-3.7183333333333333,-5.317294094226515,0.0,0.0,0.9368889488234105,0.06311105117658958,0.0,100.0,20.59674096107483
taxi-M,0.25,noisy_expert,150,5,Ours w/o execution rule,-3.638333333333333,100.0,735,1,-3.703333333333333,-5.30321008519685,0.0,0.0,0.935838618270139,0.06416138172986102,0.0,100.0,20.59674096107483
taxi-M,0.25,noisy_expert,150,5,Factored Batch RL,-3.638333333333333,100.0,735,1,-3.7783333333333333,-5.373777356101897,0.0075,0.75,0.9344857738615726,0.06521154234209996,0.0003026837963274366,100.0,20.59674096107483
taxi-M,0.25,noisy_expert,150,6,Imitation,-3.638333333333333,100.0,751,0,-13.375,-13.860938082540006,1.465,53.083333333333336,0.9464937910883857,0.0,0.05350620891161432,100.0,12.371148109436035
taxi-M,0.25,noisy_expert,150,6,BC,-3.638333333333333,100.0,751,0,-64.38166666666666,-31.057421141924067,1.465,53.083333333333336,0.9548385439412234,0.0,0.04516145605877669,95.5,12.371148109436035
taxi-M,0.25,noisy_expert,150,6,RECO,-3.638333333333333,100.0,751,0,-14.605555555555556,-14.922354417222948,0.0,0.0,0.9673395732529547,0.03266042674704529,0.0,100.0,12.371148109436035
taxi-M,0.25,noisy_expert,150,6,RECO-greedy,-3.638333333333333,100.0,751,0,-4.13,-5.697710658564193,0.0,0.0,0.9635893354556307,0.03641066454436928,0.0,100.0,12.371148109436035
taxi-M,0.25,noisy_expert,150,6,In-data planning (POR-style),-3.638333333333333,100.0,751,0,-3.6466666666666665,-5.2504279042152975,1.465,53.083333333333336,0.9405599134433325,0.0,0.05944008655666757,100.0,12.371148109436035
taxi-M,0.25,noisy_expert,150,6,Ours,-3.638333333333333,100.0,751,0,-3.6733333333333333,-5.275947936393056,0.0,0.0,0.9390029721696839,0.06099702783031613,0.0,100.0,12.371148109436035
taxi-M,0.25,noisy_expert,150,6,Ours w/o stitching,-3.638333333333333,100.0,751,0,-3.6816666666666666,-5.283493794984579,0.0,0.0,0.9399014113039368,0.0600985886960632,0.0,100.0,12.371148109436035
taxi-M,0.25,noisy_expert,150,6,Ours w/o execution rule,-3.638333333333333,100.0,751,0,-3.6733333333333333,-5.275947936393056,0.0,0.0,0.9390029721696839,0.06099702783031613,0.0,100.0,12.371148109436035
taxi-M,0.25,noisy_expert,150,6,Factored Batch RL,-3.638333333333333,100.0,751,0,-3.7483333333333335,-5.345905863486772,0.0,0.0,0.9384470334702674,0.06155296652973264,0.0,100.0,12.371148109436035
taxi-M,0.25,noisy_expert,150,7,Imitation,-3.8233333333333333,100.0,726,0,-12.369722222222222,-12.918079911741682,1.5766666666666667,54.333333333333336,0.9429461727898678,0.0,0.057053827210132184,100.0,17.67373538017273
taxi-M,0.25,noisy_expert,150,7,BC,-3.8233333333333333,100.0,726,0,-70.31083333333333,-33.60096455760209,1.5766666666666667,54.333333333333336,0.959651105755902,0.0,0.040348894244098016,91.83333333333333,17.67373538017273
taxi-M,0.25,noisy_expert,150,7,RECO,-3.8233333333333333,100.0,726,0,-13.548333333333334,-13.951273737970608,0.01,1.0,0.9602893372770668,0.03935924092892494,0.00035142179400825843,100.0,17.67373538017273
taxi-M,0.25,noisy_expert,150,7,RECO-greedy,-3.8233333333333333,100.0,726,0,-4.449166666666667,-6.001008246091882,0.01,1.0,0.9555977602410033,0.044009299584138316,0.0003929401748583778,100.0,17.67373538017273
taxi-M,0.25,noisy_expert,150,7,In-data planning (POR-style),-3.8233333333333333,100.0,726,0,-3.875,-5.467891442643279,1.5766666666666667,54.333333333333336,0.9366164154103852,0.0,0.06338358458961474,100.0,17.67373538017273
taxi-M,0.25,noisy_expert,150,7,Ours,-3.8233333333333333,100.0,726,0,-4.050833333333333,-5.627587942140782,0.01,1.0,0.9294434649545923,0.07015734672831908,0.00039918831708858654,100.0,17.67373538017273
taxi-M,0.25,noisy_expert,150,7,Ours w/o stitching,-3.8233333333333333,100.0,726,0,-3.9883333333333333,-5.57407682841028,0.01,1.0,0.9358700727005936,0.06372974054558794,0.0004001867538184486,100.0,17.67373538017273
taxi-M,0.25,noisy_expert,150,7,Ours w/o execution rule,-3.8233333333333333,100.0,726,0,-25.485833333333332,-14.167556014904033,0.01,1.0,0.4621515449119891,0.537621817632394,0.0002266374556168316,88.75,17.67373538017273
taxi-M,0.25,noisy_expert,150,7,Factored Batch RL,-3.8233333333333333,100.0,726,0,-4.073333333333333,-5.6541834979996475,0.01,1.0,0.9321656474341931,0.06743552246742887,0.0003988300983780909,100.0,17.67373538017273
taxi-M,0.25,noisy_expert,150,8,Imitation,-4.053333333333334,100.0,696,0,-12.368333333333334,-12.924725932136992,1.4916666666666667,55.666666666666664,0.9461119306379263,0.0,0.05388806936207364,100.0,13.650252103805542
taxi-M,0.25,noisy_expert,150,8,BC,-4.053333333333334,100.0,696,0,-46.385,-23.60897421596951,1.4916666666666667,55.666666666666664,0.9555257404094614,0.0,0.04447425959053866,95.08333333333333,13.650252103805542
taxi-M,0.25,noisy_expert,150,8,RECO,-4.053333333333334,100.0,696,0,-13.653611111111111,-14.044378762624014,0.0,0.0,0.9604620125218347,0.039537987478165296,0.0,100.0,13.650252103805542
taxi-M,0.25,noisy_expert,150,8,RECO-greedy,-4.053333333333334,100.0,696,0,-4.488333333333333,-6.035226529574846,0.0,0.0,0.9560910220362258,0.04390897796377428,0.0,100.0,13.650252103805542
taxi-M,0.25,noisy_expert,150,8,In-data planning (POR-style),-4.053333333333334,100.0,696,0,-4.065,-5.646724284438353,1.4916666666666667,55.666666666666664,0.9404880643659818,0.0,0.05951193563401822,100.0,13.650252103805542
taxi-M,0.25,noisy_expert,150,8,Ours,-4.053333333333334,100.0,696,0,-5.240833333333334,-6.70411738193203,0.0,0.0,0.8873892470386484,0.11261075296135158,0.0,100.0,13.650252103805542
taxi-M,0.25,noisy_expert,150,8,Ours w/o stitching,-4.053333333333334,100.0,696,0,-4.239166666666667,-5.80757830037986,0.0,0.0,0.9353187836365437,0.06468121636345626,0.0,100.0,13.650252103805542
taxi-M,0.25,noisy_expert,150,8,Ours w/o execution rule,-4.053333333333334,100.0,696,0,-67.26666666666667,-31.23914654440052,0.0,0.0,0.18818024511861733,0.8118197548813827,0.0,67.25,13.650252103805542
taxi-M,0.25,noisy_expert,150,8,Factored Batch RL,-4.053333333333334,100.0,696,0,-4.308333333333334,-5.871578084730962,0.0,0.0,0.9373394797497531,0.06266052025024696,0.0,100.0,13.650252103805542
taxi-M,0.25,noisy_expert,150,9,Imitation,-3.8233333333333333,100.0,739,0,-13.126666666666667,-13.619583503149691,1.535,52.916666666666664,0.9439098660170524,0.0,0.056090133982947626,100.0,13.592199325561523
taxi-M,0.25,noisy_expert,150,9,BC,-3.8233333333333333,100.0,739,0,-84.24583333333334,-39.26064819548862,1.535,52.916666666666664,0.960218560352461,0.0,0.03978143964753904,92.0,13.592199325561523
taxi-M,0.25,noisy_expert,150,9,RECO,-3.8233333333333333,100.0,739,0,-13.78111111111111,-14.181782225777509,0.0,0.0,0.9625279031698001,0.03747209683019991,0.0,100.0,13.592199325561523
taxi-M,0.25,noisy_expert,150,9,RECO-greedy,-3.8233333333333333,100.0,739,0,-4.309166666666667,-5.8740023176061325,0.0,0.0,0.958545981363801,0.041454018636199005,0.0,100.0,13.592199325561523
taxi-M,0.25,noisy_expert,150,9,In-data planning (POR-style),-3.8233333333333333,100.0,739,0,-3.83,-5.425171419741674,1.535,52.916666666666664,0.9381796214256948,0.0,0.06182037857430528,100.0,13.592199325561523
taxi-M,0.25,noisy_expert,150,9,Ours,-3.8233333333333333,100.0,739,0,-4.805833333333333,-6.303231905300114,0.0,0.0,0.8886879581489974,0.11131204185100269,0.0,100.0,13.592199325561523
taxi-M,0.25,noisy_expert,150,9,Ours w/o stitching,-3.8233333333333333,100.0,739,0,-3.9575,-5.545139535912171,0.0,0.0,0.9316838625663628,0.06831613743363718,0.0,100.0,13.592199325561523
taxi-M,0.25,noisy_expert,150,9,Ours w/o execution rule,-3.8233333333333333,100.0,739,0,-49.674166666666665,-23.99609378026374,0.0,0.0,0.2635491728407592,0.7364508271592408,0.0,76.25,13.592199325561523
taxi-M,0.25,noisy_expert,150,9,Factored Batch RL,-3.8233333333333333,100.0,739,0,-3.908333333333333,-5.4993925041838745,0.0,0.0,0.9364335898293744,0.06356641017062563,0.0,100.0,13.592199325561523
taxi-M,0.25,noisy_expert,150,10,Imitation,-4.053333333333334,100.0,695,1,-13.942222222222222,-14.298490430685275,1.59,56.833333333333336,0.9427433955847195,0.0,0.05725660441528043,100.0,25.059419870376587
taxi-M,0.25,noisy_expert,150,10,BC,-4.053333333333334,100.0,695,1,-36.315,-19.312065812183892,1.59,56.833333333333336,0.9511257972796434,0.0,0.048874202720356565,95.66666666666667,25.059419870376587
taxi-M,0.25,noisy_expert,150,10,RECO,-4.053333333333334,100.0,695,1,-15.018055555555556,-15.230160797021643,0.0,0.0,0.9605239952185927,0.03947600478140738,0.0,100.0,25.059419870376587
taxi-M,0.25,noisy_expert,150,10,RECO-greedy,-4.053333333333334,100.0,695,1,-4.5625,-6.113985414535898,0.0,0.0,0.9562184189079055,0.04378158109209454,0.0,100.0,25.059419870376587
taxi-M,0.25,noisy_expert,150,10,In-data planning (POR-style),-4.053333333333334,100.0,695,1,-4.068333333333333,-5.6495480522264145,1.59,56.833333333333336,0.936573366132571,0.0,0.06342663386742903,100.0,25.059419870376587
taxi-M,0.25,noisy_expert,150,10,Ours,-4.053333333333334,100.0,695,1,-4.708333333333333,-6.228504207278851,0.0,0.0,0.9116369529983792,0.08836304700162075,0.0,100.0,25.059419870376587
taxi-M,0.25,noisy_expert,150,10,Ours w/o stitching,-4.053333333333334,100.0,695,1,-4.2425,-5.814290262387309,0.0,0.0,0.9297150968934667,0.07028490310653329,0.0,100.0,25.059419870376587
taxi-M,0.25,noisy_expert,150,10,Ours w/o execution rule,-4.053333333333334,100.0,695,1,-44.58583333333333,-22.054118548776373,0.0,0.0,0.2967947582787321,0.703205241721268,0.0,79.0,25.059419870376587
taxi-M,0.25,noisy_expert,150,10,Factored Batch RL,-4.053333333333334,100.0,695,1,-4.2683333333333335,-5.837982485937888,0.0,0.0,0.9330848888595739,0.06691511114042609,0.0,100.0,25.059419870376587
taxi-M,0.25,noisy_expert,150,11,Imitation,-4.633333333333334,100.0,718,0,-14.803333333333333,-15.026615634982463,1.3033333333333332,56.41666666666667,0.9546955564567522,0.0,0.04530444354324779,100.0,19.059679985046387
taxi-M,0.25,noisy_expert,150,11,BC,-4.633333333333334,100.0,718,0,-35.62083333333333,-19.323105516951376,1.3033333333333332,56.41666666666667,0.9592623463221505,0.0,0.04073765367784955,96.33333333333334,19.059679985046387
taxi-M,0.25,noisy_expert,150,11,RECO,-4.633333333333334,100.0,718,0,-15.1925,-15.38613761017815,0.0,0.0,0.9631505164077475,0.03684948359225245,0.0,100.0,19.059679985046387
taxi-M,0.25,noisy_expert,150,11,RECO-greedy,-4.633333333333334,100.0,718,0,-4.958333333333333,-6.454662125330931,0.0,0.0,0.9586516853932584,0.04134831460674157,0.0,100.0,19.059679985046387
taxi-M,0.25,noisy_expert,150,11,In-data planning (POR-style),-4.633333333333334,100.0,718,0,-4.681666666666667,-6.198970862385843,1.3033333333333332,56.41666666666667,0.9492504380556818,0.0,0.050749561944318254,100.0,19.059679985046387
taxi-M,0.25,noisy_expert,150,11,Ours,-4.633333333333334,100.0,718,0,-5.818333333333333,-7.154100090395962,0.0,0.0,0.9005344602572867,0.09946553974271331,0.0,100.0,19.059679985046387
taxi-M,0.25,noisy_expert,150,11,Ours w/o stitching,-4.633333333333334,100.0,718,0,-5.2025,-6.639857274420015,0.0,0.0,0.9285055497248991,0.07149445027510097,0.0,100.0,19.059679985046387
taxi-M,0.25,noisy_expert,150,11,Ours w/o execution rule,-4.633333333333334,100.0,718,0,-41.04666666666667,-20.530617604812527,0.0,0.0,0.32014941455355217,0.6798505854464478,0.0,80.75,19.059679985046387
taxi-M,0.25,noisy_expert,150,11,Factored Batch RL,-4.633333333333334,100.0,718,0,-4.703333333333333,-6.218968584547699,0.0175,1.7500000000000002,0.9459214109713396,0.053397743483335494,0.0006808455453248606,100.0,19.059679985046387
taxi-M,0.25,noisy_expert,150,12,Imitation,-3.8233333333333333,100.0,686,0,-14.314444444444444,-14.64697954696872,1.6791666666666667,57.25,0.9393078382747161,0.0,0.06069216172528388,100.0,14.882724046707153
taxi-M,0.25,noisy_expert,150,12,BC,-3.8233333333333333,100.0,686,0,-65.705,-31.69931835921287,1.6791666666666667,57.25,0.9499726898058494,0.0,0.05002731019415065,94.91666666666667,14.882724046707153
taxi-M,0.25,noisy_expert,150,12,RECO,-3.8233333333333333,100.0,686,0,-15.149166666666666,-15.379895505193677,0.0,0.0,0.9536271944011527,0.046372805598847294,0.0,100.0,14.882724046707153
taxi-M,0.25,noisy_expert,150,12,RECO-greedy,-3.8233333333333333,100.0,686,0,-4.418333333333333,-5.957180738691542,0.0,0.0,0.9482984722313291,0.05170152776867091,0.0,100.0,14.882724046707153
taxi-M,0.25,noisy_expert,150,12,In-data planning (POR-style),-3.8233333333333333,100.0,686,0,-3.828333333333333,-5.423730520397624,1.6791666666666667,57.25,0.9323689333422837,0.0,0.06763106665771632,100.0,14.882724046707153
taxi-M,0.25,noisy_expert,150,12,Ours,-3.8233333333333333,100.0,686,0,-4.690833333333333,-6.20665775584738,0.0,0.0,0.8884167504622271,0.11158324953777288,0.0,100.0,14.882724046707153
taxi-M,0.25,noisy_expert,150,12,Ours w/o stitching,-3.8233333333333333,100.0,686,0,-4.0275,-5.611174948920334,0.0,0.0,0.9254486731262278,0.07455132687377218,0.0,100.0,14.882724046707153
taxi-M,0.25,noisy_expert,150,12,Ours w/o execution rule,-3.8233333333333333,100.0,686,0,-41.14666666666667,-20.62590628883271,0.0,0.0,0.315037647902474,0.684962352097526,0.0,80.75,14.882724046707153
taxi-M,0.25,noisy_expert,150,12,Factored Batch RL,-3.8233333333333333,100.0,686,0,-4.088333333333333,-5.665192184421854,0.0,0.0,0.9300139507075001,0.06998604929249984,0.0,100.0,14.882724046707153
taxi-M,0.25,noisy_expert,150,13,Imitation,-4.633333333333334,100.0,748,0,-16.341944444444444,-16.335867024318457,1.4366666666666668,54.333333333333336,0.950222803961387,0.0,0.049777196038612935,100.0,16.24895405769348
taxi-M,0.25,noisy_expert,150,13,BC,-4.633333333333334,100.0,748,0,-142.0725,-64.21026901766348,1.4366666666666668,54.333333333333336,0.9653000020127609,0.0,0.0346999979872391,90.83333333333333,16.24895405769348
taxi-M,0.25,noisy_expert,150,13,RECO,-4.633333333333334,100.0,748,0,-17.0875,-16.976005479292663,0.0,0.0,0.9591911973228971,0.04080880267710283,0.0,100.0,16.24895405769348
taxi-M,0.25,noisy_expert,150,13,RECO-greedy,-4.633333333333334,100.0,748,0,-5.136666666666667,-6.604431750822152,0.0,0.0,0.9541193725290141,0.04588062747098584,0.0,100.0,16.24895405769348
taxi-M,0.25,noisy_expert,150,13,In-data planning (POR-style),-4.633333333333334,100.0,748,0,-4.66,-6.17744748863311,1.4366666666666668,54.333333333333336,0.9440114315406599,0.0,0.05598856845934009,100.0,16.24895405769348
taxi-M,0.25,noisy_expert,150,13,Ours,-4.633333333333334,100.0,748,0,-6.335833333333333,-7.59960303026605,0.0,0.0,0.8821754107855989,0.11782458921440112,0.0,100.0,16.24895405769348
taxi-M,0.25,noisy_expert,150,13,Ours w/o stitching,-4.633333333333334,100.0,748,0,-5.008333333333334,-6.478963447501302,0.0,0.0,0.9301505927587311,0.06984940724126883,0.0,100.0,16.24895405769348
taxi-M,0.25,noisy_expert,150,13,Ours w/o execution rule,-4.633333333333334,100.0,748,0,-45.83583333333333,-22.45124291757349,0.0,0.0,0.28592650089665694,0.7140734991033431,0.0,78.25,16.24895405769348
taxi-M,0.25,noisy_expert,150,13,Factored Batch RL,-4.633333333333334,100.0,748,0,-4.818333333333333,-6.32344486539364,0.015,1.5,0.9388677296494738,0.0605512878445549,0.0005809825059712091,100.0,16.24895405769348
taxi-M,0.25,noisy_expert,150,14,Imitation,-3.638333333333333,100.0,726,0,-14.138333333333334,-14.461306372367757,1.3666666666666667,55.00000000000001,0.9504621518757929,0.0,0.04953784812420709,100.0,18.812870264053345
taxi-M,0.25,noisy_expert,150,14,BC,-3.638333333333333,100.0,726,0,-118.17,-53.52439431454868,1.3666666666666667,55.00000000000001,0.9657197801049309,0.0,0.03428021989506908,91.16666666666666,18.812870264053345
taxi-M,0.25,noisy_expert,150,14,RECO,-3.638333333333333,100.0,726,0,-15.53888888888889,-15.662529384107248,0.0,0.0,0.9639617553321893,0.03603824466781074,0.0,100.0,18.812870264053345
taxi-M,0.25,noisy_expert,150,14,RECO-greedy,-3.638333333333333,100.0,726,0,-4.111666666666666,-5.684806583644494,0.0,0.0,0.9593482445078648,0.04065175549213513,0.0,100.0,18.812870264053345
taxi-M,0.25,noisy_expert,150,14,In-data planning (POR-style),-3.638333333333333,100.0,726,0,-3.6483333333333334,-5.2525280285943134,1.3666666666666667,55.00000000000001,0.9445533842720941,0.0,0.05544661572790588,100.0,18.812870264053345
taxi-M,0.25,noisy_expert,150,14,Ours,-3.638333333333333,100.0,726,0,-3.908333333333333,-5.488957014219604,0.0,0.0,0.9348277015724322,0.06517229842756775,0.0,100.0,18.812870264053345
taxi-M,0.25,noisy_expert,150,14,Ours w/o stitching,-3.638333333333333,100.0,726,0,-3.796666666666667,-5.387908790722294,0.0,0.0,0.9411547250974593,0.05884527490254066,0.0,100.0,18.812870264053345
taxi-M,0.25,noisy_expert,150,14,Ours w/o execution rule,-3.638333333333333,100.0,726,0,-26.863333333333333,-14.683144184258593,0.0,0.0,0.44697860766007497,0.553021392339925,0.0,88.0,18.812870264053345
taxi-M,0.25,noisy_expert,150,14,Factored Batch RL,-3.638333333333333,100.0,726,0,-3.8183333333333334,-5.414441534260197,0.0,0.0,0.9409039016855819,0.0590960983144181,0.0,100.0,18.812870264053345
taxi-M,0.25,noisy_expert,150,15,Imitation,-3.8233333333333333,100.0,741,0,-13.758055555555556,-14.14444835567932,1.3958333333333333,54.166666666666664,0.9495643969808897,0.0,0.05043560301911033,100.0,16.749731302261353
taxi-M,0.25,noisy_expert,150,15,BC,-3.8233333333333333,100.0,741,0,-89.75166666666667,-41.787343548267366,1.3958333333333333,54.166666666666664,0.9665722040392751,0.0,0.033427795960724836,90.16666666666666,16.749731302261353
taxi-M,0.25,noisy_expert,150,15,RECO,-3.8233333333333333,100.0,741,0,-14.598888888888888,-14.921857793846076,0.0,0.0,0.9635144685696336,0.03648553143036633,0.0,100.0,16.749731302261353
taxi-M,0.25,noisy_expert,150,15,RECO-greedy,-3.8233333333333333,100.0,741,0,-4.365,-5.921551653026897,0.0,0.0,0.9592943031736645,0.0407056968263355,0.0,100.0,16.749731302261353
taxi-M,0.25,noisy_expert,150,15,In-data planning (POR-style),-3.8233333333333333,100.0,741,0,-3.89,-5.479733474190076,1.3958333333333333,54.166666666666664,0.9439199142895407,0.0,0.05608008571045935,100.0,16.749731302261353
taxi-M,0.25,noisy_expert,150,15,Ours,-3.8233333333333333,100.0,741,0,-4.060833333333333,-5.636540032652048,0.0,0.0,0.933362152096565,0.06663784790343498,0.0,100.0,16.749731302261353
taxi-M,0.25,noisy_expert,150,15,Ours w/o stitching,-3.8233333333333333,100.0,741,0,-3.96,-5.545449470604858,0.0,0.0,0.9417735042735043,0.05822649572649573,0.0,100.0,16.749731302261353
taxi-M,0.25,noisy_expert,150,15,Ours w/o execution rule,-3.8233333333333333,100.0,741,0,-29.331666666666667,-15.717421547044063,0.0,0.0,0.41851416954380555,0.5814858304561945,0.0,86.75,16.749731302261353
taxi-M,0.25,noisy_expert,150,15,Factored Batch RL,-3.8233333333333333,100.0,741,0,-3.9483333333333333,-5.537797963507044,0.0,0.0,0.9385730509720088,0.06142694902799118,0.0,100.0,16.749731302261353
taxi-M,0.25,noisy_expert,150,16,Imitation,-3.638333333333333,100.0,758,0,-13.155277777777778,-13.557411481169535,1.3366666666666667,51.74999999999999,0.9511144523233842,0.0,0.048885547676615806,100.0,20.026591777801514
taxi-M,0.25,noisy_expert,150,16,BC,-3.638333333333333,100.0,758,0,-43.08833333333333,-22.04665777895987,1.3366666666666667,51.74999999999999,0.9580894648829431,0.0,0.041910535117056856,95.83333333333334,20.026591777801514
taxi-M,0.25,noisy_expert,150,16,RECO,-3.638333333333333,100.0,758,0,-14.038333333333334,-14.325083191065332,0.0,0.0,0.9656728011472275,0.03432719885277247,0.0,100.0,20.026591777801514
taxi-M,0.25,noisy_expert,150,16,RECO-greedy,-3.638333333333333,100.0,758,0,-4.07,-5.643154429388095,0.0,0.0,0.961806940566414,0.03819305943358596,0.0,100.0,20.026591777801514
taxi-M,0.25,noisy_expert,150,16,In-data planning (POR-style),-3.638333333333333,100.0,758,0,-3.638333333333333,-5.243045684210933,1.3366666666666667,51.74999999999999,0.9457484948927822,0.0,0.05425150510721775,100.0,20.026591777801514
taxi-M,0.25,noisy_expert,150,16,Ours,-3.638333333333333,100.0,758,0,-3.7083333333333335,-5.309109144158846,0.0,0.0,0.9452951096121417,0.05470489038785835,0.0,100.0,20.026591777801514
taxi-M,0.25,noisy_expert,150,16,Ours w/o stitching,-3.638333333333333,100.0,758,0,-3.7083333333333335,-5.309109144158846,0.0,0.0,0.9459696458684654,0.05403035413153457,0.0,100.0,20.026591777801514
taxi-M,0.25,noisy_expert,150,16,Ours w/o execution rule,-3.638333333333333,100.0,758,0,-3.7083333333333335,-5.309109144158846,0.0,0.0,0.9452951096121417,0.05470489038785835,0.0,100.0,20.026591777801514
taxi-M,0.25,noisy_expert,150,16,Factored Batch RL,-3.638333333333333,100.0,758,0,-3.7733333333333334,-5.371103072912441,0.0075,0.75,0.9444294940796556,0.055267761033369216,0.0003027448869752422,100.0,20.026591777801514
taxi-M,0.25,noisy_expert,150,17,Imitation,-3.8233333333333333,100.0,734,0,-14.248055555555556,-14.55781376486083,1.4083333333333334,52.83333333333333,0.9488540069405214,0.0,0.05114599305947865,100.0,23.21885633468628
taxi-M,0.25,noisy_expert,150,17,BC,-3.8233333333333333,100.0,734,0,-67.2825,-32.117123124981326,1.4083333333333334,52.83333333333333,0.9627990930903167,0.0,0.037200906909683244,92.41666666666667,23.21885633468628
taxi-M,0.25,noisy_expert,150,17,RECO,-3.8233333333333333,100.0,734,0,-15.266111111111112,-15.426737885867311,0.01,1.0,0.9661584378098707,0.03348812550929244,0.00035343668083685954,100.0,23.21885633468628
taxi-M,0.25,noisy_expert,150,17,RECO-greedy,-3.8233333333333333,100.0,734,0,-4.3325,-5.883850843727899,0.01,1.0,0.962202704036317,0.037402546136386064,0.0003947498272969506,100.0,23.21885633468628
taxi-M,0.25,noisy_expert,150,17,In-data planning (POR-style),-3.8233333333333333,100.0,734,0,-3.8316666666666666,-5.426467651443118,1.4083333333333334,52.83333333333333,0.9432847842137057,0.0,0.05671521578629438,100.0,23.21885633468628
taxi-M,0.25,noisy_expert,150,17,Ours,-3.8233333333333333,100.0,734,0,-4.025833333333333,-5.603697803197104,0.01,1.0,0.9335353468082981,0.06606506609836502,0.0003995870933368852,100.0,23.21885633468628
taxi-M,0.25,noisy_expert,150,17,Ours w/o stitching,-3.8233333333333333,100.0,734,0,-3.9075,-5.496766746191571,0.01,1.0,0.940713975040985,0.058884539462678576,0.00040148549633644485,100.0,23.21885633468628
taxi-M,0.25,noisy_expert,150,17,Ours w/o execution rule,-3.8233333333333333,100.0,734,0,-26.429166666666667,-14.537494239716489,0.01,1.0,0.4505690032249694,0.5492085850910035,0.00022241168402713422,88.25,23.21885633468628
taxi-M,0.25,noisy_expert,150,17,Factored Batch RL,-3.8233333333333333,100.0,734,0,-3.933333333333333,-5.520985912817573,0.01,1.0,0.9377673796791444,0.061831550802139035,0.00040106951871657755,100.0,23.21885633468628
taxi-M,0.25,noisy_expert,150,18,Imitation,-3.5933333333333333,100.0,707,0,-12.323888888888888,-12.879675213370833,1.6908333333333334,54.75,0.9378173237033783,0.0,0.062182676296621685,100.0,18.329989194869995
taxi-M,0.25,noisy_expert,150,18,BC,-3.5933333333333333,100.0,707,0,-16.4725,-10.649819862729254,1.6908333333333334,54.75,0.9450180202151587,0.0,0.05498197978484134,96.5,18.329989194869995
taxi-M,0.25,noisy_expert,150,18,RECO,-3.5933333333333333,100.0,707,0,-13.123333333333333,-13.595185383792455,0.0,0.0,0.9622664075347586,0.03773359246524144,0.0,100.0,18.329989194869995
taxi-M,0.25,noisy_expert,150,18,RECO-greedy,-3.5933333333333333,100.0,707,0,-4.185,-5.750501186243835,0.0,0.0,0.958242340017206,0.041757659982793995,0.0,100.0,18.329989194869995
taxi-M,0.25,noisy_expert,150,18,In-data planning (POR-style),-3.5933333333333333,100.0,707,0,-3.6166666666666667,-5.223947673649266,1.6908333333333334,54.75,0.9313134732566012,0.0,0.06868652674339878,100.0,18.329989194869995
taxi-M,0.25,noisy_expert,150,18,Ours,-3.5933333333333333,100.0,707,0,-3.6733333333333333,-5.277766777937597,0.0,0.0,0.9286679275871386,0.0713320724128614,0.0,100.0,18.329989194869995
taxi-M,0.25,noisy_expert,150,18,Ours w/o stitching,-3.5933333333333333,100.0,707,0,-3.6883333333333335,-5.2917301544528,0.0,0.0,0.932491730236954,0.06750826976304597,0.0,100.0,18.329989194869995
taxi-M,0.25,noisy_expert,150,18,Ours w/o execution rule,-3.5933333333333333,100.0,707,0,-3.6733333333333333,-5.277766777937597,0.0,0.0,0.9286679275871386,0.0713320724128614,0.0,100.0,18.329989194869995
taxi-M,0.25,noisy_expert,150,18,Factored Batch RL,-3.5933333333333333,100.0,707,0,-3.703333333333333,-5.30609516235374,0.0,0.0,0.928450951288625,0.07154904871137498,0.0,100.0,18.329989194869995
taxi-M,0.25,noisy_expert,150,19,Imitation,-3.638333333333333,100.0,731,0,-14.730555555555556,-15.009340724577433,1.4758333333333333,54.166666666666664,0.9466448412299906,0.0,0.05335515877000944,100.0,21.841103553771973
taxi-M,0.25,noisy_expert,150,19,BC,-3.638333333333333,100.0,731,0,-73.19416666666666,-34.45802117834863,1.4758333333333333,54.166666666666664,0.9610897506316599,0.0,0.03891024936834011,92.25,21.841103553771973
taxi-M,0.25,noisy_expert,150,19,RECO,-3.638333333333333,100.0,731,0,-15.227777777777778,-15.425264259067221,0.0,0.0,0.9620388100361253,0.03796118996387469,0.0,100.0,21.841103553771973
taxi-M,0.25,noisy_expert,150,19,RECO-greedy,-3.638333333333333,100.0,731,0,-4.1075,-5.67731788324018,0.0,0.0,0.9574496332437187,0.04255036675628132,0.0,100.0,21.841103553771973
taxi-M,0.25,noisy_expert,150,19,In-data planning (POR-style),-3.638333333333333,100.0,731,0,-3.6816666666666666,-5.280903568258146,1.4758333333333333,54.166666666666664,0.9402052805726248,0.0,0.05979471942737524,100.0,21.841103553771973
taxi-M,0.25,noisy_expert,150,19,Ours,-3.638333333333333,100.0,731,0,-3.8508333333333336,-5.437924730736451,0.0,0.0,0.9306528956104758,0.06934710438952416,0.0,100.0,21.841103553771973
taxi-M,0.25,noisy_expert,150,19,Ours w/o stitching,-3.638333333333333,100.0,731,0,-3.8233333333333333,-5.411976411998686,0.0,0.0,0.9365180609641466,0.06348193903585336,0.0,100.0,21.841103553771973
taxi-M,0.25,noisy_expert,150,19,Ours w/o execution rule,-3.638333333333333,100.0,731,0,-17.729166666666668,-11.001069723144482,0.0,0.0,0.5734411395807203,0.4265588604192797,0.0,92.75,21.841103553771973
taxi-M,0.25,noisy_expert,150,19,Factored Batch RL,-3.638333333333333,100.0,731,0,-3.8033333333333332,-5.396685708882685,0.0,0.0,0.9343166241096627,0.06568337589033732,0.0,100.0,21.841103553771973
taxi-M,0.25,noisy_expert,150,20,Imitation,-3.8233333333333333,100.0,699,0,-15.86,-15.93616603286483,1.7441666666666666,57.166666666666664,0.9377916480903552,0.0,0.06220835190964482,100.0,19.40582275390625
taxi-M,0.25,noisy_expert,150,20,BC,-3.8233333333333333,100.0,699,0,-167.87416666666667,-74.30477709353408,1.7441666666666666,57.166666666666664,0.9603275394734349,0.0,0.039672460526565194,88.91666666666667,19.40582275390625
taxi-M,0.25,noisy_expert,150,20,RECO,-3.8233333333333333,100.0,699,0,-17.41861111111111,-17.262292848594715,0.0,0.0,0.9586649004573451,0.04133509954265492,0.0,100.0,19.40582275390625
taxi-M,0.25,noisy_expert,150,20,RECO-greedy,-3.8233333333333333,100.0,699,0,-4.343333333333334,-5.895044259553772,0.0,0.0,0.9531434959884256,0.04685650401157438,0.0,100.0,19.40582275390625
taxi-M,0.25,noisy_expert,150,20,In-data planning (POR-style),-3.8233333333333333,100.0,699,0,-3.828333333333333,-5.423745844256225,1.7441666666666666,57.166666666666664,0.9297509565684366,0.0,0.07024904343156341,100.0,19.40582275390625
taxi-M,0.25,noisy_expert,150,20,Ours,-3.8233333333333333,100.0,699,0,-4.793333333333333,-6.29030996690959,0.0,0.0,0.8876001550788317,0.11239984492116827,0.0,100.0,19.40582275390625
taxi-M,0.25,noisy_expert,150,20,Ours w/o stitching,-3.8233333333333333,100.0,699,0,-4.006666666666667,-5.587878281270083,0.0,0.0,0.9237203412423354,0.07627965875766463,0.0,100.0,19.40582275390625
taxi-M,0.25,noisy_expert,150,20,Ours w/o execution rule,-3.8233333333333333,100.0,699,0,-49.185,-23.793275008749468,0.0,0.0,0.2632311621966794,0.7367688378033206,0.0,76.5,19.40582275390625
taxi-M,0.25,noisy_expert,150,20,Factored Batch RL,-3.8233333333333333,100.0,699,0,-3.973333333333333,-5.562225326277345,0.0,0.0,0.9271890016017085,0.07281099839829151,0.0,100.0,19.40582275390625
taxi-M,0.25,noisy_expert,150,21,Imitation,-3.8233333333333333,100.0,742,0,-15.0075,-15.262146162307285,1.5675,53.91666666666667,0.9437011762593158,0.0,0.056298823740684206,100.0,15.974507570266724
taxi-M,0.25,noisy_expert,150,21,BC,-3.8233333333333333,100.0,742,0,-124.72666666666667,-56.764749153917144,1.5675,53.91666666666667,0.9583102462377269,0.0,0.0416897537622731,92.75,15.974507570266724
taxi-M,0.25,noisy_expert,150,21,RECO,-3.8233333333333333,100.0,742,0,-15.711388888888889,-15.879345650186306,0.0,0.0,0.9627718537556774,0.03722814624432259,0.0,100.0,15.974507570266724
taxi-M,0.25,noisy_expert,150,21,RECO-greedy,-3.8233333333333333,100.0,742,0,-4.320833333333334,-5.87476925431929,0.0,0.0,0.9583676155998025,0.04163238440019747,0.0,100.0,15.974507570266724
taxi-M,0.25,noisy_expert,150,21,In-data planning (POR-style),-3.8233333333333333,100.0,742,0,-3.8533333333333335,-5.4466302397473685,1.5675,53.91666666666667,0.9369299892703863,0.0,0.06307001072961374,100.0,15.974507570266724
taxi-M,0.25,noisy_expert,150,21,Ours,-3.8233333333333333,100.0,742,0,-4.763333333333334,-6.262488118855978,0.0,0.0,0.8901539655841635,0.10984603441583646,0.0,100.0,15.974507570266724
taxi-M,0.25,noisy_expert,150,21,Ours w/o stitching,-3.8233333333333333,100.0,742,0,-3.8825,-5.47416501432457,0.0,0.0,0.9351619277269835,0.06483807227301651,0.0,100.0,15.974507570266724
taxi-M,0.25,noisy_expert,150,21,Ours w/o execution rule,-3.8233333333333333,100.0,742,0,-49.165,-23.773908574677296,0.0,0.0,0.2645127497572691,0.7354872502427309,0.0,76.5,15.974507570266724
taxi-M,0.25,noisy_expert,150,21,Factored Batch RL,-3.8233333333333333,100.0,742,0,-3.8833333333333333,-5.477378090715896,0.0,0.0,0.9337910247823175,0.06620897521768251,0.0,100.0,15.974507570266724
taxi-M,0.25,noisy_expert,150,22,Imitation,-4.053333333333334,100.0,728,1,-14.66638888888889,-14.931244935541113,1.3825,54.166666666666664,0.9509123187691094,0.0,0.04908768123089062,100.0,20.72976589202881
taxi-M,0.25,noisy_expert,150,22,BC,-4.053333333333334,100.0,728,1,-60.64083333333333,-29.63691900644088,1.3825,54.166666666666664,0.9598732585139319,0.0,0.04012674148606811,94.58333333333333,20.72976589202881
taxi-M,0.25,noisy_expert,150,22,RECO,-4.053333333333334,100.0,728,1,-15.370277777777778,-15.497285677096617,0.0,0.0,0.9642016610584871,0.035798338941512846,0.0,100.0,20.72976589202881
taxi-M,0.25,noisy_expert,150,22,RECO-greedy,-4.053333333333334,100.0,728,1,-4.430833333333333,-5.989098069858467,0.0,0.0,0.9597929023167415,0.04020709768325851,0.0,100.0,20.72976589202881
taxi-M,0.25,noisy_expert,150,22,In-data planning (POR-style),-4.053333333333334,100.0,728,1,-4.085,-5.6660263865833,1.3825,54.166666666666664,0.9448873828981463,0.0,0.055112617101853695,100.0,20.72976589202881
taxi-M,0.25,noisy_expert,150,22,Ours,-4.053333333333334,100.0,728,1,-4.713333333333333,-6.232613850999218,0.0,0.0,0.9219276639875551,0.07807233601244491,0.0,100.0,20.72976589202881
taxi-M,0.25,noisy_expert,150,22,Ours w/o stitching,-4.053333333333334,100.0,728,1,-4.22,-5.790890098915341,0.0,0.0,0.9417129262490087,0.05828707375099128,0.0,100.0,20.72976589202881
taxi-M,0.25,noisy_expert,150,22,Ours w/o execution rule,-4.053333333333334,100.0,728,1,-44.600833333333334,-22.066857968076,0.0,0.0,0.30049435509131267,0.6995056449086873,0.0,79.0,20.72976589202881
taxi-M,0.25,noisy_expert,150,22,Factored Batch RL,-4.053333333333334,100.0,728,1,-4.138333333333334,-5.717732835604141,0.0,0.0,0.9454684081416164,0.05453159185838361,0.0,100.0,20.72976589202881
taxi-M,0.25,noisy_expert,150,23,Imitation,-4.053333333333334,100.0,683,1,-15.527777777777779,-15.698502195589047,1.6966666666666668,57.166666666666664,0.9394378067522681,0.0,0.06056219324773189,100.0,18.282666206359863
taxi-M,0.25,noisy_expert,150,23,BC,-4.053333333333334,100.0,683,1,-91.76583333333333,-42.90866673909144,1.6966666666666668,57.166666666666664,0.96103050951269,0.0,0.038969490487310035,89.41666666666667,18.282666206359863
taxi-M,0.25,noisy_expert,150,23,RECO,-4.053333333333334,100.0,683,1,-16.313333333333333,-16.344559695196526,0.0,0.0,0.9548764439245504,0.04512355607544963,0.0,100.0,18.282666206359863
taxi-M,0.25,noisy_expert,150,23,RECO-greedy,-4.053333333333334,100.0,683,1,-4.531666666666666,-6.083569053106227,0.0,0.0,0.949637704811019,0.050362295188981006,0.0,100.0,18.282666206359863
taxi-M,0.25,noisy_expert,150,23,In-data planning (POR-style),-4.053333333333334,100.0,683,1,-4.0633333333333335,-5.645450916446634,1.6966666666666668,57.166666666666664,0.9323048277696502,0.0,0.06769517223034978,100.0,18.282666206359863
taxi-M,0.25,noisy_expert,150,23,Ours,-4.053333333333334,100.0,683,1,-4.335833333333333,-5.892334145787467,0.0,0.0,0.9223431898167944,0.07765681018320561,0.0,100.0,18.282666206359863
taxi-M,0.25,noisy_expert,150,23,Ours w/o stitching,-4.053333333333334,100.0,683,1,-4.145,-5.719650963638871,0.0,0.0,0.9295088486776695,0.07049115132233048,0.0,100.0,18.282666206359863
taxi-M,0.25,noisy_expert,150,23,Ours w/o execution rule,-4.053333333333334,100.0,683,1,-38.159166666666664,-19.369667514706805,0.0,0.0,0.33819417300580296,0.6618058269941971,0.0,82.25,18.282666206359863
taxi-M,0.25,noisy_expert,150,23,Factored Batch RL,-4.053333333333334,100.0,683,1,-4.148333333333333,-5.726247508618335,0.0075,0.75,0.9297170123931341,0.0699847571078269,0.00029823049903903505,100.0,18.282666206359863
taxi-M,0.25,noisy_expert,150,24,Imitation,-4.053333333333334,100.0,715,0,-13.221388888888889,-13.630508216263006,1.6116666666666666,56.25,0.9420605358551614,0.0,0.05793946414483867,100.0,24.915253162384033
taxi-M,0.25,noisy_expert,150,24,BC,-4.053333333333334,100.0,715,0,-70.22583333333333,-33.71667405841475,1.6116666666666666,56.25,0.9571289235680085,0.0,0.042871076431991485,92.75,24.915253162384033
taxi-M,0.25,noisy_expert,150,24,RECO,-4.053333333333334,100.0,715,0,-14.18388888888889,-14.476083350049027,0.0,0.0,0.9599937520745065,0.04000624792549349,0.0,100.0,24.915253162384033
taxi-M,0.25,noisy_expert,150,24,RECO-greedy,-4.053333333333334,100.0,715,0,-4.5575,-6.103018026003357,0.0,0.0,0.9554599106589716,0.0445400893410284,0.0,100.0,24.915253162384033
taxi-M,0.25,noisy_expert,150,24,In-data planning (POR-style),-4.053333333333334,100.0,715,0,-4.075,-5.656439796250158,1.6116666666666666,56.25,0.9357261548687271,0.0,0.06427384513127285,100.0,24.915253162384033
taxi-M,0.25,noisy_expert,150,24,Ours,-4.053333333333334,100.0,715,0,-5.823333333333333,-7.223929587232572,0.0,0.0,0.8483907046104138,0.15160929538958617,0.0,100.0,24.915253162384033
taxi-M,0.25,noisy_expert,150,24,Ours w/o stitching,-4.053333333333334,100.0,715,0,-4.2125,-5.783625436363141,0.0,0.0,0.9269211700545364,0.07307882994546357,0.0,100.0,24.915253162384033
taxi-M,0.25,noisy_expert,150,24,Ours w/o execution rule,-4.053333333333334,100.0,715,0,-90.86333333333333,-40.77110981289265,0.0,0.0,0.11674912120817602,0.883250878791824,0.0,55.00000000000001,24.915253162384033
taxi-M,0.25,noisy_expert,150,24,Factored Batch RL,-4.053333333333334,100.0,715,0,-4.098333333333334,-5.678798681559094,0.0075,0.75,0.933229298094163,0.0664718772826881,0.0002988246231489475,100.0,24.915253162384033
taxi-M,0.25,noisy_expert,150,25,Imitation,-3.638333333333333,100.0,752,0,-13.925,-14.280637845428771,1.2191666666666667,52.33333333333333,0.9556545724591555,0.0,0.04434542754084447,100.0,15.192997694015503
taxi-M,0.25,noisy_expert,150,25,BC,-3.638333333333333,100.0,752,0,-49.60166666666667,-24.89414634567067,1.2191666666666667,52.33333333333333,0.9589079571946184,0.0,0.04109204280538157,97.08333333333333,15.192997694015503
taxi-M,0.25,noisy_expert,150,25,RECO,-3.638333333333333,100.0,752,0,-15.003055555555555,-15.255099222270445,0.0,0.0,0.9690467467398085,0.030953253260191504,0.0,100.0,15.192997694015503
taxi-M,0.25,noisy_expert,150,25,RECO-greedy,-3.638333333333333,100.0,752,0,-4.065833333333333,-5.640668286757668,0.0,0.0,0.96535789088733,0.03464210911266997,0.0,100.0,15.192997694015503
taxi-M,0.25,noisy_expert,150,25,In-data planning (POR-style),-3.638333333333333,100.0,752,0,-3.6683333333333334,-5.270342847764958,1.2191666666666667,52.33333333333333,0.9505776636713735,0.0,0.04942233632862644,100.0,15.192997694015503
taxi-M,0.25,noisy_expert,150,25,Ours,-3.638333333333333,100.0,752,0,-3.7808333333333333,-5.373673947207198,0.0,0.0,0.9463294885159902,0.05367051148400982,0.0,100.0,15.192997694015503
taxi-M,0.25,noisy_expert,150,25,Ours w/o stitching,-3.638333333333333,100.0,752,0,-3.7533333333333334,-5.349227341782794,0.0,0.0,0.949434419606787,0.05056558039321304,0.0,100.0,15.192997694015503
taxi-M,0.25,noisy_expert,150,25,Ours w/o execution rule,-3.638333333333333,100.0,752,0,-15.7675,-10.189669521047202,0.0,0.0,0.6177078926338552,0.3822921073661449,0.0,93.75,15.192997694015503
taxi-M,0.25,noisy_expert,150,25,Factored Batch RL,-3.638333333333333,100.0,752,0,-3.7583333333333333,-5.356794174068013,0.0,0.0,0.9502524402558061,0.04974755974419388,0.0,100.0,15.192997694015503
taxi-M,0.25,noisy_expert,150,26,Imitation,-3.5933333333333333,100.0,728,0,-12.308055555555555,-12.878704726989975,1.7091666666666667,55.58333333333333,0.9375431402005766,0.0,0.06245685979942344,100.0,18.526222467422485
taxi-M,0.25,noisy_expert,150,26,BC,-3.5933333333333333,100.0,728,0,-73.62833333333333,-34.991340307607196,1.7091666666666667,55.58333333333333,0.9498863830722994,0.0,0.05011361692770054,94.58333333333333,18.526222467422485
taxi-M,0.25,noisy_expert,150,26,RECO,-3.5933333333333333,100.0,728,0,-13.596111111111112,-14.004921961930089,0.01,1.0,0.9603770222371835,0.039266549177244016,0.00035642858557256293,100.0,18.526222467422485
taxi-M,0.25,noisy_expert,150,26,RECO-greedy,-3.5933333333333333,100.0,728,0,-4.2,-5.7625154931164495,0.01,1.0,0.9558862433862434,0.04371693121693122,0.0003968253968253968,100.0,18.526222467422485
taxi-M,0.25,noisy_expert,150,26,In-data planning (POR-style),-3.5933333333333333,100.0,728,0,-3.6283333333333334,-5.235782889447099,1.7091666666666667,55.58333333333333,0.9306016106110848,0.0,0.06939838938891521,100.0,18.526222467422485
taxi-M,0.25,noisy_expert,150,26,Ours,-3.5933333333333333,100.0,728,0,-3.6333333333333333,-5.239811892616077,0.01,1.0,0.9263870094722598,0.07320703653585926,0.00040595399188092014,100.0,18.526222467422485
taxi-M,0.25,noisy_expert,150,26,Ours w/o stitching,-3.5933333333333333,100.0,728,0,-3.6683333333333334,-5.273318523187368,0.01,1.0,0.9320654009864199,0.06752922099858118,0.00040537801499898656,100.0,18.526222467422485
taxi-M,0.25,noisy_expert,150,26,Ours w/o execution rule,-3.5933333333333333,100.0,728,0,-3.6333333333333333,-5.239811892616077,0.01,1.0,0.9263870094722598,0.07320703653585926,0.00040595399188092014,100.0,18.526222467422485
taxi-M,0.25,noisy_expert,150,26,Factored Batch RL,-3.5933333333333333,100.0,728,0,-3.7883333333333336,-5.383151645418177,0.02,2.0,0.9270490149936126,0.07214415383580985,0.0008068311705775567,100.0,18.526222467422485
taxi-M,0.25,noisy_expert,150,27,Imitation,-4.053333333333334,100.0,705,0,-14.865277777777777,-15.066688855619832,1.37,56.333333333333336,0.9507995570763046,0.0,0.04920044292369542,100.0,15.63019609451294
taxi-M,0.25,noisy_expert,150,27,BC,-4.053333333333334,100.0,705,0,-67.1875,-32.49100934088772,1.37,56.333333333333336,0.9607983403676944,0.0,0.039201659632305604,94.33333333333334,15.63019609451294
taxi-M,0.25,noisy_expert,150,27,RECO,-4.053333333333334,100.0,705,0,-15.831666666666667,-15.917738155017158,0.0,0.0,0.9630141823103631,0.03698581768963691,0.0,100.0,15.63019609451294
taxi-M,0.25,noisy_expert,150,27,RECO-greedy,-4.053333333333334,100.0,705,0,-4.498333333333333,-6.05517092748132,0.0,0.0,0.9589188835871626,0.04108111641283744,0.0,100.0,15.63019609451294
taxi-M,0.25,noisy_expert,150,27,In-data planning (POR-style),-4.053333333333334,100.0,705,0,-4.068333333333333,-5.650290310498767,1.37,56.333333333333336,0.9453493783658001,0.0,0.054650621634199856,100.0,15.63019609451294
taxi-M,0.25,noisy_expert,150,27,Ours,-4.053333333333334,100.0,705,0,-4.445833333333334,-5.994792756921148,0.0,0.0,0.9313902079580809,0.06860979204191911,0.0,100.0,15.63019609451294
taxi-M,0.25,noisy_expert,150,27,Ours w/o stitching,-4.053333333333334,100.0,705,0,-4.223333333333334,-5.792783374443898,0.0,0.0,0.9409277124355755,0.059072287564424474,0.0,100.0,15.63019609451294
taxi-M,0.25,noisy_expert,150,27,Ours w/o execution rule,-4.053333333333334,100.0,705,0,-51.663333333333334,-24.83705855976226,0.0,0.0,0.25598142269543844,0.7440185773045616,0.0,75.25,15.63019609451294
taxi-M,0.25,noisy_expert,150,27,Factored Batch RL,-4.053333333333334,100.0,705,0,-4.398333333333333,-5.966380832957349,0.0575,3.75,0.9376599514403833,0.06007612048034648,0.002263928079270293,100.0,15.63019609451294
taxi-M,0.25,noisy_expert,150,28,Imitation,-3.638333333333333,100.0,729,0,-14.60388888888889,-14.879804990224596,1.3266666666666667,54.58333333333333,0.952,0.0,0.048,100.0,17.99237322807312
taxi-M,0.25,noisy_expert,150,28,BC,-3.638333333333333,100.0,729,0,-121.81,-55.243090502578404,1.3266666666666667,54.58333333333333,0.9682330639529083,0.0,0.03176693604709169,90.25,17.99237322807312
taxi-M,0.25,noisy_expert,150,28,RECO,-3.638333333333333,100.0,729,0,-15.965,-16.06569663579147,0.0,0.0,0.9663565204548811,0.03364347954511889,0.0,100.0,17.99237322807312
taxi-M,0.25,noisy_expert,150,28,RECO-greedy,-3.638333333333333,100.0,729,0,-4.104166666666667,-5.679933977127278,0.0,0.0,0.9621908713692946,0.037809128630705395,0.0,100.0,17.99237322807312
taxi-M,0.25,noisy_expert,150,28,In-data planning (POR-style),-3.638333333333333,100.0,729,0,-3.7083333333333335,-5.3091671768803685,1.3266666666666667,54.58333333333333,0.9463069139966274,0.0,0.05369308600337268,100.0,17.99237322807312
taxi-M,0.25,noisy_expert,150,28,Ours,-3.638333333333333,100.0,729,0,-3.9608333333333334,-5.538969302114521,0.0,0.0,0.9363335892898875,0.0636664107101125,0.0,100.0,17.99237322807312
taxi-M,0.25,noisy_expert,150,28,Ours w/o stitching,-3.638333333333333,100.0,729,0,-3.89,-5.476263069582821,0.0,0.0,0.943953394937726,0.056046605062274005,0.0,100.0,17.99237322807312
taxi-M,0.25,noisy_expert,150,28,Ours w/o execution rule,-3.638333333333333,100.0,729,0,-28.330833333333334,-15.290162729579963,0.0,0.0,0.43162332094884254,0.5683766790511575,0.0,87.25,17.99237322807312
taxi-M,0.25,noisy_expert,150,28,Factored Batch RL,-3.638333333333333,100.0,729,0,-3.8183333333333334,-5.413871308296732,0.085,4.25,0.9436572426297763,0.052917869854274394,0.003424887515949231,100.0,17.99237322807312
taxi-M,0.25,noisy_expert,150,29,Imitation,-3.8233333333333333,100.0,715,0,-13.788333333333334,-14.136841980142199,1.4916666666666667,54.75,0.9465559967754457,0.0,0.053444003224554386,100.0,13.898831367492676
taxi-M,0.25,noisy_expert,150,29,BC,-3.8233333333333333,100.0,715,0,-27.5875,-15.360475010070392,1.4916666666666667,54.75,0.9607868909919383,0.0,0.039213109008061686,92.41666666666667,13.898831367492676
taxi-M,0.25,noisy_expert,150,29,RECO,-3.8233333333333333,100.0,715,0,-14.659166666666666,-14.895785857571283,0.0,0.0,0.9649619278233218,0.03503807217667824,0.0,100.0,13.898831367492676
taxi-M,0.25,noisy_expert,150,29,RECO-greedy,-3.8233333333333333,100.0,715,0,-4.385833333333333,-5.9461716575286525,0.0,0.0,0.960575123920822,0.039424876079178016,0.0,100.0,13.898831367492676
taxi-M,0.25,noisy_expert,150,29,In-data planning (POR-style),-3.8233333333333333,100.0,715,0,-3.8466666666666667,-5.441395760088508,1.4916666666666667,54.75,0.9399651193989804,0.0,0.06003488060101959,100.0,13.898831367492676
taxi-M,0.25,noisy_expert,150,29,Ours,-3.8233333333333333,100.0,715,0,-4.023333333333333,-5.603526140760018,0.0,0.0,0.9329292660183829,0.06707073398161716,0.0,100.0,13.898831367492676
taxi-M,0.25,noisy_expert,150,29,Ours w/o stitching,-3.8233333333333333,100.0,715,0,-3.9208333333333334,-5.510938166170083,0.0,0.0,0.9383380705567631,0.06166192944323692,0.0,100.0,13.898831367492676
taxi-M,0.25,noisy_expert,150,29,Ours w/o execution rule,-3.8233333333333333,100.0,715,0,-25.96,-14.356057766489581,0.0,0.0,0.4558685972986119,0.5441314027013882,0.0,88.5,13.898831367492676
taxi-M,0.25,noisy_expert,150,29,Factored Batch RL,-3.8233333333333333,100.0,715,0,-3.9283333333333332,-5.5206304833482776,0.0075,0.75,0.938089189008491,0.061609948519088055,0.00030086247242094003,100.0,13.898831367492676
taxi-M,0.25,random_mix,50,0,Imitation,-4.053333333333334,40.0,926,4,-512.0722222222222,-240.7820042061499,1.8433333333333333,39.916666666666664,0.9872495936240282,0.0,0.012750406375971747,46.69444444444444,87.24622082710266
taxi-M,0.25,random_mix,50,0,BC,-4.053333333333334,40.0,926,4,-1007.8325,-430.0972567514675,1.8433333333333333,39.916666666666664,0.9893427379334933,0.0,0.01065726206650671,15.083333333333334,87.24622082710266
taxi-M,0.25,random_mix,50,0,RECO,-4.053333333333334,40.0,926,4,-550.8461111111111,-257.03417446900914,0.0,0.0,0.9932518826269483,0.006748117373051721,0.0,40.91666666666667,87.24622082710266
taxi-M,0.25,random_mix,50,0,RECO-greedy,-4.053333333333334,40.0,926,4,-182.45583333333335,-83.47294367243249,0.0,0.0,0.9808300791801078,0.019169920819892265,0.0,85.33333333333334,87.24622082710266
taxi-M,0.25,random_mix,50,0,In-data planning (POR-style),-4.053333333333334,40.0,926,4,-150.21916666666667,-69.35264048170406,1.8433333333333333,39.916666666666664,0.9613306994388406,0.0,0.03866930056115938,88.41666666666667,87.24622082710266
taxi-M,0.25,random_mix,50,0,Ours,-4.053333333333334,40.0,926,4,-67.50083333333333,-33.53362886770779,0.0,0.0,0.895970068140964,0.10402993185903599,0.0,91.66666666666666,87.24622082710266
taxi-M,0.25,random_mix,50,0,Ours w/o stitching,-4.053333333333334,40.0,926,4,-109.15666666666667,-52.61065264082531,0.0,0.0,0.9651200998915651,0.03487990010843492,0.0,86.66666666666667,87.24622082710266
taxi-M,0.25,random_mix,50,0,Ours w/o execution rule,-4.053333333333334,40.0,926,4,-67.50083333333333,-33.53362886770779,0.0,0.0,0.895970068140964,0.10402993185903599,0.0,91.66666666666666,87.24622082710266
taxi-M,0.25,random_mix,50,0,Factored Batch RL,-4.053333333333334,40.0,926,4,-4.386666666666667,-5.954642529149451,0.0,0.0,0.7721901260504201,0.22780987394957983,0.0,100.0,87.24622082710266
taxi-M,0.25,random_mix,50,1,Imitation,-3.638333333333333,32.0,920,0,-522.8591666666666,-232.4752119580292,1.5694444444444444,34.08333333333333,0.9887022595480904,0.0,0.011297740451909618,40.5,75.77803373336792
taxi-M,0.25,random_mix,50,1,BC,-3.638333333333333,32.0,920,0,-977.915,-420.9132015560064,1.2566666666666666,33.08333333333333,0.9916742581090408,0.0,0.008325741890959281,27.583333333333332,75.77803373336792
taxi-M,0.25,random_mix,50,1,RECO,-3.638333333333333,32.0,920,0,-554.7063888888889,-246.36624224610455,0.0,0.0,0.9940856597739094,0.00591434022609057,0.0,36.80555555555556,75.77803373336792
taxi-M,0.25,random_mix,50,1,RECO-greedy,-3.638333333333333,32.0,920,0,-464.1483333333333,-201.8706118377581,0.0,0.0,0.9927832067316811,0.007216793268318976,0.0,66.5,75.77803373336792
taxi-M,0.25,random_mix,50,1,In-data planning (POR-style),-3.638333333333333,32.0,920,0,-402.1933333333333,-175.32666914894963,1.2566666666666666,33.08333333333333,0.9836999405501811,0.0,0.016300059449818948,69.91666666666667,75.77803373336792
taxi-M,0.25,random_mix,50,1,Ours,-3.638333333333333,32.0,920,0,-132.71833333333333,-60.40353945950886,0.0,0.0,0.954078305958332,0.04592169404166796,0.0,83.33333333333334,75.77803373336792
taxi-M,0.25,random_mix,50,1,Ours w/o stitching,-3.638333333333333,32.0,920,0,-259.1166666666667,-114.39401994953911,0.0,0.0,0.9834792993630573,0.016520700636942675,0.0,68.58333333333333,75.77803373336792
taxi-M,0.25,random_mix,50,1,Ours w/o execution rule,-3.638333333333333,32.0,920,0,-132.71833333333333,-60.40353945950886,0.0,0.0,0.954078305958332,0.04592169404166796,0.0,83.33333333333334,75.77803373336792
taxi-M,0.25,random_mix,50,1,Factored Batch RL,-3.638333333333333,32.0,920,0,-5.471666666666667,-6.877505340810931,0.0,0.0,0.8001007366366556,0.19989926336334446,0.0,100.0,75.77803373336792
taxi-M,0.25,random_mix,50,2,Imitation,-4.053333333333334,28.0,889,4,-609.4480555555556,-271.0537605217857,1.9883333333333333,35.16666666666667,0.9871678806207749,0.0,0.012832119379225161,31.38888888888889,107.29153847694397
taxi-M,0.25,random_mix,50,2,BC,-4.053333333333334,28.0,889,4,-1098.4983333333332,-472.03584427954763,1.9883333333333333,35.16666666666667,0.9885185791140154,0.0,0.011481420885984582,15.25,107.29153847694397
taxi-M,0.25,random_mix,50,2,RECO,-4.053333333333334,28.0,889,4,-642.6936111111111,-285.4181320009593,0.0,0.0,0.9942713552553979,0.005728644744602146,0.0,25.833333333333336,107.29153847694397
taxi-M,0.25,random_mix,50,2,RECO-greedy,-4.053333333333334,28.0,889,4,-598.35,-257.72443494884965,0.0,0.0,0.9901421966326441,0.00985780336735584,0.0,59.66666666666667,107.29153847694397
taxi-M,0.25,random_mix,50,2,In-data planning (POR-style),-4.053333333333334,28.0,889,4,-487.5758333333333,-211.4375592652955,1.9883333333333333,35.16666666666667,0.9759974247027342,0.0,0.02400257529726576,67.0,107.29153847694397
taxi-M,0.25,random_mix,50,2,Ours,-4.053333333333334,28.0,889,4,-204.16333333333333,-90.24515011319211,0.0,0.0,0.957813377616059,0.042186622383941,0.0,75.0,107.29153847694397
taxi-M,0.25,random_mix,50,2,Ours w/o stitching,-4.053333333333334,28.0,889,4,-297.64666666666665,-130.79589567822714,0.0,0.0,0.987697699167003,0.012302300832996955,0.0,62.33333333333333,107.29153847694397
taxi-M,0.25,random_mix,50,2,Ours w/o execution rule,-4.053333333333334,28.0,889,4,-204.16333333333333,-90.24515011319211,0.0,0.0,0.957813377616059,0.042186622383941,0.0,75.0,107.29153847694397
taxi-M,0.25,random_mix,50,2,Factored Batch RL,-4.053333333333334,28.0,889,4,-6.386666666666667,-7.741960061972644,0.0,0.0,0.7395021908471275,0.26049780915287246,0.0,100.0,107.29153847694397
taxi-M,0.25,random_mix,50,3,Imitation,-4.053333333333334,46.0,882,4,-448.6958333333333,-217.2166264796288,1.5258333333333334,42.05555555555556,0.9880989522398149,0.0,0.011901047760185112,56.80555555555556,74.62187480926514
taxi-M,0.25,random_mix,50,3,BC,-4.053333333333334,46.0,882,4,-972.1275,-416.15791868730923,1.3833333333333333,38.58333333333333,0.991690568795583,0.0,0.008309431204417014,18.75,74.62187480926514
taxi-M,0.25,random_mix,50,3,RECO,-4.053333333333334,46.0,882,4,-485.13388888888886,-231.11393074294605,0.0,0.0,0.9906789836272731,0.009321016372726885,0.0,50.888888888888886,74.62187480926514
taxi-M,0.25,random_mix,50,3,RECO-greedy,-4.053333333333334,46.0,882,4,-294.895,-129.38020996477948,0.0,0.0,0.9815908932188002,0.018409106781199804,0.0,80.41666666666667,74.62187480926514
taxi-M,0.25,random_mix,50,3,In-data planning (POR-style),-4.053333333333334,46.0,882,4,-264.6308333333333,-116.17541474316269,1.3833333333333333,38.58333333333333,0.9766460326392797,0.0,0.023353967360720315,80.41666666666667,74.62187480926514
taxi-M,0.25,random_mix,50,3,Ours,-4.053333333333334,46.0,882,4,-63.08833333333333,-30.76163729304469,0.0,0.0,0.940372037713412,0.059627962286587954,0.0,91.66666666666666,74.62187480926514
taxi-M,0.25,random_mix,50,3,Ours w/o stitching,-4.053333333333334,46.0,882,4,-125.70833333333333,-58.09487902312795,0.0,0.0,0.9740691282879413,0.025930871712058632,0.0,83.66666666666667,74.62187480926514
taxi-M,0.25,random_mix,50,3,Ours w/o execution rule,-4.053333333333334,46.0,882,4,-63.08833333333333,-30.76163729304469,0.0,0.0,0.940372037713412,0.059627962286587954,0.0,91.66666666666666,74.62187480926514
taxi-M,0.25,random_mix,50,3,Factored Batch RL,-4.053333333333334,46.0,882,4,-4.053333333333334,-5.636022223218934,0.0,0.0,0.8520156998403406,0.14798430015965938,0.0,100.0,74.62187480926514
taxi-M,0.25,random_mix,50,4,Imitation,-4.053333333333334,40.0,886,4,-502.3861111111111,-228.81328514561372,1.968888888888889,42.30555555555556,0.9857612641297557,0.0,0.014238735870244296,44.02777777777778,67.43645811080933
taxi-M,0.25,random_mix,50,4,BC,-4.053333333333334,40.0,886,4,-992.155,-425.92637755003466,1.3925,38.58333333333333,0.991438145597639,0.0,0.008561854402361043,21.0,67.43645811080933
taxi-M,0.25,random_mix,50,4,RECO,-4.053333333333334,40.0,886,4,-532.0825,-242.47535829156013,0.0,0.0,0.9901883279379716,0.009811672062028386,0.0,40.30555555555556,67.43645811080933
taxi-M,0.25,random_mix,50,4,RECO-greedy,-4.053333333333334,40.0,886,4,-357.42333333333335,-156.52330579451962,0.0,0.0,0.9883356524895638,0.011664347510436202,0.0,75.58333333333334,67.43645811080933
taxi-M,0.25,random_mix,50,4,In-data planning (POR-style),-4.053333333333334,40.0,886,4,-297.2391666666667,-131.07239673453384,1.3925,38.58333333333333,0.9776293241940666,0.0,0.022370675805933382,79.16666666666666,67.43645811080933
taxi-M,0.25,random_mix,50,4,Ours,-4.053333333333334,40.0,886,4,-71.81666666666666,-34.541538359469754,0.0,0.0,0.9249037495815199,0.07509625041848009,0.0,91.66666666666666,67.43645811080933
taxi-M,0.25,random_mix,50,4,Ours w/o stitching,-4.053333333333334,40.0,886,4,-160.8475,-73.28872683799781,0.0,0.0,0.9712378233120591,0.028762176687940882,0.0,80.83333333333333,67.43645811080933
taxi-M,0.25,random_mix,50,4,Ours w/o execution rule,-4.053333333333334,40.0,886,4,-71.81666666666666,-34.541538359469754,0.0,0.0,0.9249037495815199,0.07509625041848009,0.0,91.66666666666666,67.43645811080933
taxi-M,0.25,random_mix,50,4,Factored Batch RL,-4.053333333333334,40.0,886,4,-4.053333333333334,-5.636022223218934,0.0,0.0,0.8275013304949441,0.17249866950505588,0.0,100.0,67.43645811080933
taxi-M,0.25,random_mix,50,5,Imitation,-3.638333333333333,48.0,803,2,-373.31444444444446,-183.2675980367425,2.314722222222222,50.47222222222222,0.9778758947346063,0.0,0.022124105265393684,69.75,51.64194655418396
taxi-M,0.25,random_mix,50,5,BC,-3.638333333333333,48.0,803,2,-923.545,-395.3461606504423,2.1366666666666667,47.0,0.9843836600948918,0.0,0.0156163399051082,36.16666666666667,51.64194655418396
taxi-M,0.25,random_mix,50,5,RECO,-3.638333333333333,48.0,803,2,-408.4738888888889,-198.17028807788014,0.0,0.0,0.9749724562659247,0.025027543734075324,0.0,64.05555555555556,51.64194655418396
taxi-M,0.25,random_mix,50,5,RECO-greedy,-3.638333333333333,48.0,803,2,-41.25333333333333,-21.818125930802378,0.0,0.0,0.9540106042133318,0.04598939578666818,0.0,98.08333333333333,51.64194655418396
taxi-M,0.25,random_mix,50,5,In-data planning (POR-style),-3.638333333333333,48.0,803,2,-30.81833333333333,-17.116837597014705,2.1366666666666667,47.0,0.9231783317353787,0.0,0.07682166826462128,98.58333333333333,51.64194655418396
taxi-M,0.25,random_mix,50,5,Ours,-3.638333333333333,48.0,803,2,-3.638333333333333,-5.243045684210934,0.0,0.0,0.881248731651221,0.118751268348779,0.0,100.0,51.64194655418396
taxi-M,0.25,random_mix,50,5,Ours w/o stitching,-3.638333333333333,48.0,803,2,-7.571666666666666,-7.220502370213156,0.0,0.0,0.9131895736143282,0.08681042638567188,0.0,99.83333333333333,51.64194655418396
taxi-M,0.25,random_mix,50,5,Ours w/o execution rule,-3.638333333333333,48.0,803,2,-3.638333333333333,-5.243045684210934,0.0,0.0,0.881248731651221,0.118751268348779,0.0,100.0,51.64194655418396
taxi-M,0.25,random_mix,50,5,Factored Batch RL,-3.638333333333333,48.0,803,2,-3.638333333333333,-5.243045684210934,0.0,0.0,0.881248731651221,0.118751268348779,0.0,100.0,51.64194655418396
taxi-M,0.25,random_mix,50,6,Imitation,-3.638333333333333,44.0,919,0,-511.6975,-237.60529550490762,1.573888888888889,40.25,0.9885109213162355,0.0,0.011489078683764427,46.833333333333336,77.93393611907959
taxi-M,0.25,random_mix,50,6,BC,-3.638333333333333,44.0,919,0,-1165.1416666666667,-498.58155595959244,1.2191666666666667,37.0,0.9923924121721405,0.0,0.007607587827859475,22.333333333333332,77.93393611907959
taxi-M,0.25,random_mix,50,6,RECO,-3.638333333333333,44.0,919,0,-537.0686111111111,-250.81549277552412,0.0,0.0,0.9766859216116867,0.023314078388313363,0.0,42.30555555555556,77.93393611907959
taxi-M,0.25,random_mix,50,6,RECO-greedy,-3.638333333333333,44.0,919,0,-397.67,-174.22146306388086,0.0,0.0,0.9866652315346345,0.01333476846536548,0.0,75.25,77.93393611907959
taxi-M,0.25,random_mix,50,6,In-data planning (POR-style),-3.638333333333333,44.0,919,0,-389.21416666666664,-169.52284203606035,1.2191666666666667,37.0,0.9819219790675547,0.0,0.01807802093244529,76.16666666666667,77.93393611907959
taxi-M,0.25,random_mix,50,6,Ours,-3.638333333333333,44.0,919,0,-121.60166666666667,-56.64281725397884,0.0,0.0,0.9558620265995024,0.04413797340049759,0.0,83.33333333333334,77.93393611907959
taxi-M,0.25,random_mix,50,6,Ours w/o stitching,-3.638333333333333,44.0,919,0,-157.825,-72.79407045072436,0.0,0.0,0.9809030565815534,0.01909694341844655,0.0,79.33333333333333,77.93393611907959
taxi-M,0.25,random_mix,50,6,Ours w/o execution rule,-3.638333333333333,44.0,919,0,-121.60166666666667,-56.64281725397884,0.0,0.0,0.9558620265995024,0.04413797340049759,0.0,83.33333333333334,77.93393611907959
taxi-M,0.25,random_mix,50,6,Factored Batch RL,-3.638333333333333,44.0,919,0,-4.1433333333333335,-5.720873286922838,0.0,0.0,0.8183746519952274,0.18162534800477265,0.0,100.0,77.93393611907959
taxi-M,0.25,random_mix,50,7,Imitation,-3.8233333333333333,34.0,886,4,-490.81388888888887,-226.0314490747554,2.601111111111111,39.80555555555556,0.9802933272162115,0.0,0.019706672783788504,49.75,58.10915994644165
taxi-M,0.25,random_mix,50,7,BC,-3.8233333333333333,34.0,886,4,-1081.6233333333332,-463.21282848425375,2.535,38.0,0.9842439749519601,0.0,0.01575602504803982,22.166666666666668,58.10915994644165
taxi-M,0.25,random_mix,50,7,RECO,-3.8233333333333333,34.0,886,4,-504.06166666666667,-231.11519134583742,0.8516666666666667,8.333333333333332,0.9830561124497007,0.010678062049247835,0.006265825501051457,48.02777777777778,58.10915994644165
taxi-M,0.25,random_mix,50,7,RECO-greedy,-3.8233333333333333,34.0,886,4,-219.2425,-97.97621841840385,0.8516666666666667,8.333333333333332,0.9613324116478009,0.023949422506408594,0.01471816584579049,82.0,58.10915994644165
taxi-M,0.25,random_mix,50,7,In-data planning (POR-style),-3.8233333333333333,34.0,886,4,-219.7075,-97.91351237365205,2.535,38.0,0.9555633463341952,0.0,0.044436653665804814,82.25,58.10915994644165
taxi-M,0.25,random_mix,50,7,Ours,-3.8233333333333333,34.0,886,4,-3.8233333333333333,-5.419133208030717,0.8516666666666667,8.333333333333332,0.7938767288841144,0.17181415335034242,0.03430911776554317,100.0,58.10915994644165
taxi-M,0.25,random_mix,50,7,Ours w/o stitching,-3.8233333333333333,34.0,886,4,-147.4775,-66.0064690389291,0.8516666666666667,8.333333333333332,0.9539738279608619,0.030689116993817156,0.015337055045320848,83.08333333333333,58.10915994644165
taxi-M,0.25,random_mix,50,7,Ours w/o execution rule,-3.8233333333333333,34.0,886,4,-3.8233333333333333,-5.419133208030717,0.8516666666666667,8.333333333333332,0.7938767288841144,0.17181415335034242,0.03430911776554317,100.0,58.10915994644165
taxi-M,0.25,random_mix,50,7,Factored Batch RL,-3.8233333333333333,34.0,886,4,-5.656666666666666,-7.0542283790582045,0.0,0.0,0.8049268475678379,0.19507315243216206,0.0,100.0,58.10915994644165
taxi-M,0.25,random_mix,50,8,Imitation,-4.053333333333334,44.0,870,4,-464.56944444444446,-216.40970070583995,2.7605555555555554,45.77777777777778,0.978325540007677,0.0,0.02167445999232299,50.33333333333333,72.80727100372314
taxi-M,0.25,random_mix,50,8,BC,-4.053333333333334,44.0,870,4,-1023.8008333333333,-440.0197730633346,1.8441666666666667,40.833333333333336,0.9877401555609724,0.0,0.012259844439027633,27.916666666666668,72.80727100372314
taxi-M,0.25,random_mix,50,8,RECO,-4.053333333333334,44.0,870,4,-500.24694444444447,-231.7424759414091,0.0,0.0,0.9848711568022636,0.015128843197736492,0.0,45.33333333333333,72.80727100372314
taxi-M,0.25,random_mix,50,8,RECO-greedy,-4.053333333333334,44.0,870,4,-374.63666666666666,-163.4546785691169,0.0,0.0,0.9859967943164096,0.014003205683590366,0.0,70.25,72.80727100372314
taxi-M,0.25,random_mix,50,8,In-data planning (POR-style),-4.053333333333334,44.0,870,4,-312.38666666666666,-137.2541105146114,1.8441666666666667,40.833333333333336,0.9735903096843487,0.0,0.026409690315651293,74.25,72.80727100372314
taxi-M,0.25,random_mix,50,8,Ours,-4.053333333333334,44.0,870,4,-61.310833333333335,-30.292931509229934,0.0,0.0,0.9085194937569013,0.09148050624309861,0.0,91.66666666666666,72.80727100372314
taxi-M,0.25,random_mix,50,8,Ours w/o stitching,-4.053333333333334,44.0,870,4,-227.4675,-102.12816080683736,0.0,0.0,0.9778456580846564,0.02215434191534356,0.0,71.58333333333333,72.80727100372314
taxi-M,0.25,random_mix,50,8,Ours w/o execution rule,-4.053333333333334,44.0,870,4,-61.310833333333335,-30.292931509229934,0.0,0.0,0.9085194937569013,0.09148050624309861,0.0,91.66666666666666,72.80727100372314
taxi-M,0.25,random_mix,50,8,Factored Batch RL,-4.053333333333334,44.0,870,4,-4.053333333333334,-5.636022223218934,0.0,0.0,0.8067456093666844,0.1932543906333156,0.0,100.0,72.80727100372314
taxi-M,0.25,random_mix,50,9,Imitation,-3.8233333333333333,46.0,878,2,-386.5780555555556,-181.89053700793838,1.3675,39.25,0.9877856042317436,0.0,0.012214395768256465,60.25,66.88700127601624
taxi-M,0.25,random_mix,50,9,BC,-3.8233333333333333,46.0,878,2,-952.6325,-410.5672383697933,1.3675,39.25,0.9898778682457439,0.0,0.010122131754256107,36.916666666666664,66.88700127601624
taxi-M,0.25,random_mix,50,9,RECO,-3.8233333333333333,46.0,878,2,-405.79305555555555,-190.72185515627356,0.0,0.0,0.9918343491692411,0.008165650830758955,0.0,58.5,66.88700127601624
taxi-M,0.25,random_mix,50,9,RECO-greedy,-3.8233333333333333,46.0,878,2,-269.99083333333334,-119.69482255379208,0.0,0.0,0.981930477472484,0.018069522527516035,0.0,84.83333333333334,66.88700127601624
taxi-M,0.25,random_mix,50,9,In-data planning (POR-style),-3.8233333333333333,46.0,878,2,-261.37833333333333,-115.75457006848917,1.3675,39.25,0.9734521864332746,0.0,0.026547813566725448,85.16666666666667,66.88700127601624
taxi-M,0.25,random_mix,50,9,Ours,-3.8233333333333333,46.0,878,2,-3.8233333333333333,-5.419133208030716,0.0,0.0,0.8659191620786894,0.1340808379213106,0.0,100.0,66.88700127601624
taxi-M,0.25,random_mix,50,9,Ours w/o stitching,-3.8233333333333333,46.0,878,2,-122.5375,-55.73975357921495,0.0,0.0,0.972386977725056,0.02761302227494398,0.0,85.66666666666667,66.88700127601624
taxi-M,0.25,random_mix,50,9,Ours w/o execution rule,-3.8233333333333333,46.0,878,2,-3.8233333333333333,-5.419133208030716,0.0,0.0,0.8659191620786894,0.1340808379213106,0.0,100.0,66.88700127601624
taxi-M,0.25,random_mix,50,9,Factored Batch RL,-3.8233333333333333,46.0,878,2,-3.8233333333333333,-5.419133208030716,0.0,0.0,0.8659191620786894,0.1340808379213106,0.0,100.0,66.88700127601624
taxi-M,0.25,random_mix,50,10,Imitation,-4.053333333333334,36.0,897,4,-521.2372222222223,-242.28077839449423,3.5355555555555553,40.30555555555556,0.974213833929635,0.0,0.025786166070364953,49.77777777777778,73.15129470825195
taxi-M,0.25,random_mix,50,10,BC,-4.053333333333334,36.0,897,4,-974.0783333333334,-416.243356869657,2.3608333333333333,39.0,0.9866365403120814,0.0,0.01336345968791864,13.25,73.15129470825195
taxi-M,0.25,random_mix,50,10,RECO,-4.053333333333334,36.0,897,4,-583.9533333333334,-269.70502053540224,0.0,0.0,0.9842761709135994,0.015723829086400562,0.0,42.916666666666664,73.15129470825195
taxi-M,0.25,random_mix,50,10,RECO-greedy,-4.053333333333334,36.0,897,4,-286.95916666666665,-126.59540591642445,0.0,0.0,0.9779513607267192,0.022048639273280844,0.0,76.83333333333333,73.15129470825195
taxi-M,0.25,random_mix,50,10,In-data planning (POR-style),-4.053333333333334,36.0,897,4,-182.52833333333334,-82.19568328648839,2.3608333333333333,39.0,0.9580842753151447,0.0,0.0419157246848553,82.41666666666667,73.15129470825195
taxi-M,0.25,random_mix,50,10,Ours,-4.053333333333334,36.0,897,4,-147.78416666666666,-66.96677925802491,0.0,0.0,0.9472179761540813,0.05278202384591868,0.0,83.33333333333334,73.15129470825195
taxi-M,0.25,random_mix,50,10,Ours w/o stitching,-4.053333333333334,36.0,897,4,-191.205,-84.94792510916918,0.0,0.0,0.9719963163287806,0.028003683671219373,0.0,78.08333333333334,73.15129470825195
taxi-M,0.25,random_mix,50,10,Ours w/o execution rule,-4.053333333333334,36.0,897,4,-147.78416666666666,-66.96677925802491,0.0,0.0,0.9472179761540813,0.05278202384591868,0.0,83.33333333333334,73.15129470825195
taxi-M,0.25,random_mix,50,10,Factored Batch RL,-4.053333333333334,36.0,897,4,-4.553333333333334,-6.104516577228598,0.0,0.0,0.7862966344899557,0.21370336551004435,0.0,100.0,73.15129470825195
taxi-M,0.25,random_mix,50,11,Imitation,-4.633333333333334,40.0,879,2,-476.29583333333335,-219.79852332472507,2.545,38.916666666666664,0.9805784493284493,0.0,0.019421550671550672,50.38888888888889,69.32248115539551
taxi-M,0.25,random_mix,50,11,BC,-4.633333333333334,40.0,879,2,-1000.8333333333334,-427.768704977173,2.545,38.916666666666664,0.9840166637009745,0.0,0.01598333629902551,23.0,69.32248115539551
taxi-M,0.25,random_mix,50,11,RECO,-4.633333333333334,40.0,879,2,-485.8172222222222,-224.32979493532034,0.8583333333333333,8.333333333333332,0.9828263504534369,0.010727272347962507,0.006446377198600573,49.75,69.32248115539551
taxi-M,0.25,random_mix,50,11,RECO-greedy,-4.633333333333334,40.0,879,2,-164.26333333333332,-74.4750387150719,0.8583333333333333,8.333333333333332,0.9514233111457301,0.030342727658971818,0.018233961195298118,87.91666666666667,69.32248115539551
taxi-M,0.25,random_mix,50,11,In-data planning (POR-style),-4.633333333333334,40.0,879,2,-153.14,-69.62836037370798,2.545,38.916666666666664,0.9419380596589289,0.0,0.05806194034107112,89.66666666666666,69.32248115539551
taxi-M,0.25,random_mix,50,11,Ours,-4.633333333333334,40.0,879,2,-4.633333333333334,-6.151919045608568,0.8583333333333333,8.333333333333332,0.8483420026007802,0.11817295188556567,0.033485045513654096,100.0,69.32248115539551
taxi-M,0.25,random_mix,50,11,Ours w/o stitching,-4.633333333333334,40.0,879,2,-84.9975,-40.51795644624954,0.8583333333333333,8.333333333333332,0.9403103016286017,0.03983810349812084,0.01985159487327744,90.0,69.32248115539551
taxi-M,0.25,random_mix,50,11,Ours w/o execution rule,-4.633333333333334,40.0,879,2,-4.633333333333334,-6.151919045608568,0.8583333333333333,8.333333333333332,0.8483420026007802,0.11817295188556567,0.033485045513654096,100.0,69.32248115539551
taxi-M,0.25,random_mix,50,11,Factored Batch RL,-4.633333333333334,40.0,879,2,-4.633333333333334,-6.151919045608568,0.0,0.0,0.8483420026007802,0.15165799739921976,0.0,100.0,69.32248115539551
taxi-M,0.25,random_mix,50,12,Imitation,-3.8233333333333333,32.0,976,4,-693.7455555555556,-305.86423732815376,1.8822222222222222,38.361111111111114,0.988443565166968,0.0,0.01155643483303203,33.47222222222222,100.22610306739807
taxi-M,0.25,random_mix,50,12,BC,-3.8233333333333333,32.0,976,4,-1062.3333333333333,-455.117357680972,1.8233333333333333,37.0,0.9900106832729165,0.0,0.009989316727083466,9.666666666666666,100.22610306739807
taxi-M,0.25,random_mix,50,12,RECO,-3.8233333333333333,32.0,976,4,-698.6941666666667,-308.31761281280274,0.0,0.0,0.9859209093000841,0.014079090699915846,0.0,26.13888888888889,100.22610306739807
taxi-M,0.25,random_mix,50,12,RECO-greedy,-3.8233333333333333,32.0,976,4,-599.9333333333333,-259.78056471248505,0.0,0.0,0.988687510349084,0.011312489650915988,0.0,51.33333333333333,100.22610306739807
taxi-M,0.25,random_mix,50,12,In-data planning (POR-style),-3.8233333333333333,32.0,976,4,-533.83,-231.12195075120985,1.8233333333333333,37.0,0.9810543086727626,0.0,0.018945691327237463,59.416666666666664,100.22610306739807
taxi-M,0.25,random_mix,50,12,Ours,-3.8233333333333333,32.0,976,4,-281.7441666666667,-121.55905507608249,0.0,0.0,0.9469689343453663,0.053031065654633676,0.0,66.66666666666666,100.22610306739807
taxi-M,0.25,random_mix,50,12,Ours w/o stitching,-3.8233333333333333,32.0,976,4,-407.5783333333333,-174.58823075981908,0.0,0.0,0.9756907699081548,0.024309230091845168,0.0,52.83333333333333,100.22610306739807
taxi-M,0.25,random_mix,50,12,Ours w/o execution rule,-3.8233333333333333,32.0,976,4,-281.7441666666667,-121.55905507608249,0.0,0.0,0.9469689343453663,0.053031065654633676,0.0,66.66666666666666,100.22610306739807
taxi-M,0.25,random_mix,50,12,Factored Batch RL,-3.8233333333333333,32.0,976,4,-4.99,-6.506657839123375,0.0,0.0,0.6826984737719636,0.3173015262280364,0.0,100.0,100.22610306739807
taxi-M,0.25,random_mix,50,13,Imitation,-4.633333333333334,42.0,836,2,-356.3277777777778,-165.92863459128137,2.705,43.97222222222222,0.9743229382279188,0.0,0.02567706177208114,61.80555555555556,43.0625159740448
taxi-M,0.25,random_mix,50,13,BC,-4.633333333333334,42.0,836,2,-781.7266666666667,-335.9926809370475,2.6708333333333334,42.916666666666664,0.9795231219412464,0.0,0.020476878058753627,39.166666666666664,43.0625159740448
taxi-M,0.25,random_mix,50,13,RECO,-4.633333333333334,42.0,836,2,-373.4186111111111,-173.5942589010388,1.025,8.333333333333332,0.9793501181372425,0.011275120042681842,0.00937476182007571,60.25,43.0625159740448
taxi-M,0.25,random_mix,50,13,RECO-greedy,-4.633333333333334,42.0,836,2,-53.095,-27.375115858073283,1.025,8.333333333333332,0.935270132517839,0.034876947720984416,0.02985291976117664,95.66666666666667,43.0625159740448
taxi-M,0.25,random_mix,50,13,In-data planning (POR-style),-4.633333333333334,42.0,836,2,-52.598333333333336,-26.922779521214242,2.6708333333333334,42.916666666666664,0.9210707777175787,0.0,0.07892922228242132,95.66666666666667,43.0625159740448
taxi-M,0.25,random_mix,50,13,Ours,-4.633333333333334,42.0,836,2,-4.641666666666667,-6.159700252211608,1.025,8.333333333333332,0.8613584660383491,0.09866753331166721,0.03997400064998375,100.0,43.0625159740448
taxi-M,0.25,random_mix,50,13,Ours w/o stitching,-4.633333333333334,42.0,836,2,-39.325,-21.261757302751697,1.025,8.333333333333332,0.916978683041286,0.05231890569617093,0.03070241126254306,95.75,43.0625159740448
taxi-M,0.25,random_mix,50,13,Ours w/o execution rule,-4.633333333333334,42.0,836,2,-4.641666666666667,-6.159700252211608,1.025,8.333333333333332,0.8613584660383491,0.09866753331166721,0.03997400064998375,100.0,43.0625159740448
taxi-M,0.25,random_mix,50,13,Factored Batch RL,-4.633333333333334,42.0,836,2,-4.6433333333333335,-6.161232638071761,0.0,0.0,0.8580527752502275,0.14194722474977253,0.0,100.0,43.0625159740448
taxi-M,0.25,random_mix,50,14,Imitation,-3.638333333333333,40.0,879,1,-437.92083333333335,-200.87392044228514,4.538055555555555,48.5,0.9642754835394322,0.0,0.035724516460567894,48.52777777777778,55.772944688797
taxi-M,0.25,random_mix,50,14,BC,-3.638333333333333,40.0,879,1,-846.2308333333333,-364.771064448432,2.875,39.0,0.9799778305253933,0.0,0.020022169474606666,31.916666666666664,55.772944688797
taxi-M,0.25,random_mix,50,14,RECO,-3.638333333333333,40.0,879,1,-450.1983333333333,-205.35608307662477,0.8733333333333333,8.333333333333332,0.9692394383096153,0.024024390766475123,0.00673617092390955,46.25,55.772944688797
taxi-M,0.25,random_mix,50,14,RECO-greedy,-3.638333333333333,40.0,879,1,-277.66833333333335,-122.83530383211287,0.8733333333333333,8.333333333333332,0.9593792728093348,0.026708791865234765,0.013911935325430433,78.66666666666666,55.772944688797
taxi-M,0.25,random_mix,50,14,In-data planning (POR-style),-3.638333333333333,40.0,879,1,-235.775,-104.90279830981659,2.875,39.0,0.9508147641247167,0.0,0.04918523587528335,81.0,55.772944688797
taxi-M,0.25,random_mix,50,14,Ours,-3.638333333333333,40.0,879,1,-66.95833333333333,-32.58910839354641,0.8733333333333333,8.333333333333332,0.8876943224062184,0.09016982088543427,0.022135856708347414,91.66666666666666,55.772944688797
taxi-M,0.25,random_mix,50,14,Ours w/o stitching,-3.638333333333333,40.0,879,1,-80.14416666666666,-38.74452998349776,0.8733333333333333,8.333333333333332,0.9212788360294821,0.058657987939121276,0.020063176031396575,90.0,55.772944688797
taxi-M,0.25,random_mix,50,14,Ours w/o execution rule,-3.638333333333333,40.0,879,1,-66.95833333333333,-32.58910839354641,0.8733333333333333,8.333333333333332,0.8876943224062184,0.09016982088543427,0.022135856708347414,91.66666666666666,55.772944688797
taxi-M,0.25,random_mix,50,14,Factored Batch RL,-3.638333333333333,40.0,879,1,-4.138333333333334,-5.715054494538442,0.0,0.0,0.7745475038122389,0.22545249618776106,0.0,100.0,55.772944688797
taxi-M,0.25,random_mix,50,15,Imitation,-3.8233333333333333,30.0,946,3,-551.8111111111111,-253.62112154056138,2.2675,36.916666666666664,0.9844874472415477,0.0,0.015512552758452279,42.36111111111111,83.01919341087341
taxi-M,0.25,random_mix,50,15,BC,-3.8233333333333333,30.0,946,3,-1133.125,-486.47353322542494,2.2675,36.916666666666664,0.9869897007774622,0.0,0.013010299222537797,14.666666666666666,83.01919341087341
taxi-M,0.25,random_mix,50,15,RECO,-3.8233333333333333,30.0,946,3,-618.0788888888889,-279.8607511062234,0.0,0.0,0.992668287824456,0.007331712175543925,0.0,33.22222222222222,83.01919341087341
taxi-M,0.25,random_mix,50,15,RECO-greedy,-3.8233333333333333,30.0,946,3,-461.25666666666666,-199.79287838385008,0.0,0.0,0.9846231243711449,0.015376875628855155,0.0,70.91666666666666,83.01919341087341
taxi-M,0.25,random_mix,50,15,In-data planning (POR-style),-3.8233333333333333,30.0,946,3,-307.66333333333336,-135.4513678024217,2.2675,36.916666666666664,0.963451490281938,0.0,0.036548509718062026,79.08333333333334,83.01919341087341
taxi-M,0.25,random_mix,50,15,Ours,-3.8233333333333333,30.0,946,3,-134.78916666666666,-61.04493908942045,0.0,0.0,0.950004644969498,0.04999535503050197,0.0,83.33333333333334,83.01919341087341
taxi-M,0.25,random_mix,50,15,Ours w/o stitching,-3.8233333333333333,30.0,946,3,-209.57,-92.42821212242269,0.0,0.0,0.9786916107777386,0.021308389222261442,0.0,73.91666666666666,83.01919341087341
taxi-M,0.25,random_mix,50,15,Ours w/o execution rule,-3.8233333333333333,30.0,946,3,-134.78916666666666,-61.04493908942045,0.0,0.0,0.950004644969498,0.04999535503050197,0.0,83.33333333333334,83.01919341087341
taxi-M,0.25,random_mix,50,15,Factored Batch RL,-3.8233333333333333,30.0,946,3,-3.8233333333333333,-5.419133208030717,0.0,0.0,0.8141533503424198,0.18584664965758024,0.0,100.0,83.01919341087341
taxi-M,0.25,random_mix,50,16,Imitation,-3.638333333333333,30.0,919,2,-623.2144444444444,-279.4561848248171,2.5255555555555556,35.94444444444444,0.9833971856293986,0.0,0.016602814370601404,35.47222222222222,89.15734910964966
taxi-M,0.25,random_mix,50,16,BC,-3.638333333333333,30.0,919,2,-1191.1158333333333,-510.15798531109624,2.1108333333333333,34.583333333333336,0.987535920954218,0.0,0.012464079045781994,17.25,89.15734910964966
taxi-M,0.25,random_mix,50,16,RECO,-3.638333333333333,30.0,919,2,-695.2741666666667,-307.6591742133907,0.0,0.0,0.9947111117697522,0.005288888230247765,0.0,25.52777777777778,89.15734910964966
taxi-M,0.25,random_mix,50,16,RECO-greedy,-3.638333333333333,30.0,919,2,-697.395,-301.029112213094,0.0,0.0,0.993527306027306,0.006472693972693973,0.0,45.25,89.15734910964966
taxi-M,0.25,random_mix,50,16,In-data planning (POR-style),-3.638333333333333,30.0,919,2,-653.1358333333334,-281.52812681623755,2.1108333333333333,34.583333333333336,0.9800088393604092,0.0,0.019991160639590864,53.41666666666667,89.15734910964966
taxi-M,0.25,random_mix,50,16,Ours,-3.638333333333333,30.0,919,2,-332.93416666666667,-144.00150941742507,0.0,0.0,0.9797172552907791,0.02028274470922083,0.0,58.333333333333336,89.15734910964966
taxi-M,0.25,random_mix,50,16,Ours w/o stitching,-3.638333333333333,30.0,919,2,-429.6558333333333,-185.4376402040358,0.0,0.0,0.9902237481451308,0.009776251854869213,0.0,48.41666666666667,89.15734910964966
taxi-M,0.25,random_mix,50,16,Ours w/o execution rule,-3.638333333333333,30.0,919,2,-332.93416666666667,-144.00150941742507,0.0,0.0,0.9797172552907791,0.02028274470922083,0.0,58.333333333333336,89.15734910964966
taxi-M,0.25,random_mix,50,16,Factored Batch RL,-3.638333333333333,30.0,919,2,-332.93416666666667,-144.00150941742507,0.0,0.0,0.9797172552907791,0.02028274470922083,0.0,58.333333333333336,89.15734910964966
taxi-M,0.25,random_mix,50,17,Imitation,-3.8233333333333333,48.0,861,3,-479.5258333333333,-213.22800667383675,2.3241666666666667,41.16666666666667,0.9813807238085065,0.0,0.01861927619149348,49.583333333333336,76.76759028434753
taxi-M,0.25,random_mix,50,17,BC,-3.8233333333333333,48.0,861,3,-821.0975,-353.8131218694602,2.3241666666666667,41.16666666666667,0.9828392463789518,0.0,0.017160753621048228,36.833333333333336,76.76759028434753
taxi-M,0.25,random_mix,50,17,RECO,-3.8233333333333333,48.0,861,3,-573.8047222222223,-249.94578615507135,0.0,0.0,0.9911457328282264,0.008854267171773596,0.0,42.55555555555556,76.76759028434753
taxi-M,0.25,random_mix,50,17,RECO-greedy,-3.8233333333333333,48.0,861,3,-365.9191666666667,-159.95160475471744,0.0,0.0,0.9839068747438723,0.01609312525612768,0.0,71.91666666666666,76.76759028434753
taxi-M,0.25,random_mix,50,17,In-data planning (POR-style),-3.8233333333333333,48.0,861,3,-261.1375,-115.80352757507632,2.3241666666666667,41.16666666666667,0.9639188594788999,0.0,0.03608114052110016,78.08333333333334,76.76759028434753
taxi-M,0.25,random_mix,50,17,Ours,-3.8233333333333333,48.0,861,3,-179.275,-76.00432680310016,0.0,0.0,0.9527481034215823,0.04725189657841771,0.0,83.33333333333334,76.76759028434753
taxi-M,0.25,random_mix,50,17,Ours w/o stitching,-3.8233333333333333,48.0,861,3,-253.16416666666666,-109.47947781399559,0.0,0.0,0.9789054841127962,0.021094515887203735,0.0,73.41666666666666,76.76759028434753
taxi-M,0.25,random_mix,50,17,Ours w/o execution rule,-3.8233333333333333,48.0,861,3,-179.275,-76.00432680310016,0.0,0.0,0.9527481034215823,0.04725189657841771,0.0,83.33333333333334,76.76759028434753
taxi-M,0.25,random_mix,50,17,Factored Batch RL,-3.8233333333333333,48.0,861,3,-4.323333333333333,-5.892324189473499,0.0,0.0,0.7883704093721206,0.21162959062787942,0.0,100.0,76.76759028434753
taxi-M,0.25,random_mix,50,18,Imitation,-3.5933333333333333,30.0,917,0,-608.4638888888888,-274.1771363349497,2.0844444444444443,34.0,0.9862776472309338,0.0,0.01372235276906619,37.333333333333336,79.39378643035889
taxi-M,0.25,random_mix,50,18,BC,-3.5933333333333333,30.0,917,0,-1283.8941666666667,-548.5218475732523,2.046666666666667,32.5,0.988934494550599,0.0,0.011065505449400994,8.333333333333332,79.39378643035889
taxi-M,0.25,random_mix,50,18,RECO,-3.5933333333333333,30.0,917,0,-683.3952777777778,-304.38559623663997,0.0,0.0,0.9938949249487645,0.0061050750512354635,0.0,28.694444444444443,79.39378643035889
taxi-M,0.25,random_mix,50,18,RECO-greedy,-3.5933333333333333,30.0,917,0,-449.8858333333333,-195.61923924941595,0.0,0.0,0.9886029482423939,0.011397051757606042,0.0,65.41666666666667,79.39378643035889
taxi-M,0.25,random_mix,50,18,In-data planning (POR-style),-3.5933333333333333,30.0,917,0,-343.625,-150.67562712334353,2.046666666666667,32.5,0.9734190504020693,0.0,0.02658094959793067,70.66666666666667,79.39378643035889
taxi-M,0.25,random_mix,50,18,Ours,-3.5933333333333333,30.0,917,0,-201.18,-89.21409927300782,0.0,0.0,0.9604426912119219,0.03955730878807802,0.0,75.0,79.39378643035889
taxi-M,0.25,random_mix,50,18,Ours w/o stitching,-3.5933333333333333,30.0,917,0,-279.92083333333335,-123.96047850428081,0.0,0.0,0.9864349177064621,0.013565082293537895,0.0,65.75,79.39378643035889
taxi-M,0.25,random_mix,50,18,Ours w/o execution rule,-3.5933333333333333,30.0,917,0,-201.18,-89.21409927300782,0.0,0.0,0.9604426912119219,0.03955730878807802,0.0,75.0,79.39378643035889
taxi-M,0.25,random_mix,50,18,Factored Batch RL,-3.5933333333333333,30.0,917,0,-5.093333333333334,-6.621265390029161,0.0,0.0,0.7598364844149208,0.2401635155850792,0.0,100.0,79.39378643035889
taxi-M,0.25,random_mix,50,19,Imitation,-3.638333333333333,42.0,934,0,-492.8097222222222,-227.5270157696472,1.1125,34.416666666666664,0.9918360441200152,0.0,0.008163955879984752,47.25,81.29826664924622
taxi-M,0.25,random_mix,50,19,BC,-3.638333333333333,42.0,934,0,-933.495,-401.637636403793,1.1125,34.416666666666664,0.9930944584969197,0.0,0.006905541503080337,22.083333333333332,81.29826664924622
taxi-M,0.25,random_mix,50,19,RECO,-3.638333333333333,42.0,934,0,-539.4627777777778,-246.94422258642908,0.0,0.0,0.9958037540608832,0.004196245939116833,0.0,40.27777777777778,81.29826664924622
taxi-M,0.25,random_mix,50,19,RECO-greedy,-3.638333333333333,42.0,934,0,-345.97,-151.49846137630095,0.0,0.0,0.9909864069201134,0.009013593079886603,0.0,75.25,81.29826664924622
taxi-M,0.25,random_mix,50,19,In-data planning (POR-style),-3.638333333333333,42.0,934,0,-243.3775,-108.07830392964534,1.1125,34.416666666666664,0.9806546972134069,0.0,0.019345302786593053,81.58333333333333,81.29826664924622
taxi-M,0.25,random_mix,50,19,Ours,-3.638333333333333,42.0,934,0,-3.638333333333333,-5.243045684210933,0.0,0.0,0.8505039572481905,0.1494960427518095,0.0,100.0,81.29826664924622
taxi-M,0.25,random_mix,50,19,Ours w/o stitching,-3.638333333333333,42.0,934,0,-140.1775,-63.63234437742976,0.0,0.0,0.978067593473109,0.021932406526890973,0.0,82.91666666666667,81.29826664924622
taxi-M,0.25,random_mix,50,19,Ours w/o execution rule,-3.638333333333333,42.0,934,0,-3.638333333333333,-5.243045684210933,0.0,0.0,0.8505039572481905,0.1494960427518095,0.0,100.0,81.29826664924622
taxi-M,0.25,random_mix,50,19,Factored Batch RL,-3.638333333333333,42.0,934,0,-3.638333333333333,-5.243045684210933,0.0,0.0,0.8505039572481905,0.1494960427518095,0.0,100.0,81.29826664924622
taxi-M,0.25,random_mix,50,20,Imitation,-3.8233333333333333,44.0,856,2,-444.44416666666666,-210.4736771355521,1.8905555555555555,45.416666666666664,0.9849757174392936,0.0,0.015024282560706401,55.722222222222214,87.12308430671692
taxi-M,0.25,random_mix,50,20,BC,-3.8233333333333333,44.0,856,2,-1004.9166666666666,-430.63756087146135,1.7008333333333334,39.25,0.9892384105960265,0.0,0.01076158940397351,23.5,87.12308430671692
taxi-M,0.25,random_mix,50,20,RECO,-3.8233333333333333,44.0,856,2,-496.7297222222222,-233.14455606992573,0.0,0.0,0.9799591919368348,0.020040808063165164,0.0,46.94444444444444,87.12308430671692
taxi-M,0.25,random_mix,50,20,RECO-greedy,-3.8233333333333333,44.0,856,2,-405.7083333333333,-176.55980537027392,0.0,0.0,0.9809969494527603,0.019003050547239747,0.0,70.91666666666666,87.12308430671692
taxi-M,0.25,random_mix,50,20,In-data planning (POR-style),-3.8233333333333333,44.0,856,2,-328.96416666666664,-143.6597657902784,1.7008333333333334,39.25,0.9756411939514733,0.0,0.024358806048526655,74.25,87.12308430671692
taxi-M,0.25,random_mix,50,20,Ours,-3.8233333333333333,44.0,856,2,-133.405,-60.09857415583377,0.0,0.0,0.9335036383341074,0.06649636166589255,0.0,83.33333333333334,87.12308430671692
taxi-M,0.25,random_mix,50,20,Ours w/o stitching,-3.8233333333333333,44.0,856,2,-195.87333333333333,-87.02882689080191,0.0,0.0,0.9804052576593212,0.01959474234067883,0.0,75.0,87.12308430671692
taxi-M,0.25,random_mix,50,20,Ours w/o execution rule,-3.8233333333333333,44.0,856,2,-133.405,-60.09857415583377,0.0,0.0,0.9335036383341074,0.06649636166589255,0.0,83.33333333333334,87.12308430671692
taxi-M,0.25,random_mix,50,20,Factored Batch RL,-3.8233333333333333,44.0,856,2,-5.681666666666667,-7.077517356500837,0.0,0.0,0.7652258104816041,0.2347741895183959,0.0,100.0,87.12308430671692
taxi-M,0.25,random_mix,50,21,Imitation,-3.8233333333333333,44.0,964,2,-539.8630555555555,-252.87557132352296,0.8897222222222222,33.361111111111114,0.993917249525705,0.0,0.006082750474295014,44.97222222222222,72.28350877761841
taxi-M,0.25,random_mix,50,21,BC,-3.8233333333333333,44.0,964,2,-1119.0275,-480.80155218948784,0.755,30.583333333333336,0.9959613250063523,0.0,0.004038674993647779,7.249999999999999,72.28350877761841
taxi-M,0.25,random_mix,50,21,RECO,-3.8233333333333333,44.0,964,2,-556.6236111111111,-259.40888859536227,0.0,0.0,0.9956211236403848,0.004378876359615221,0.0,42.5,72.28350877761841
taxi-M,0.25,random_mix,50,21,RECO-greedy,-3.8233333333333333,44.0,964,2,-187.36666666666667,-84.82033190133255,0.0,0.0,0.9899686624330554,0.01003133756694467,0.0,86.5,72.28350877761841
taxi-M,0.25,random_mix,50,21,In-data planning (POR-style),-3.8233333333333333,44.0,964,2,-183.50416666666666,-82.97801241050232,0.755,30.583333333333336,0.9847456770999949,0.0,0.01525432290000505,86.75,72.28350877761841
taxi-M,0.25,random_mix,50,21,Ours,-3.8233333333333333,44.0,964,2,-66.45333333333333,-32.021359133292876,0.0,0.0,0.9311903460454947,0.06880965395450532,0.0,91.66666666666666,72.28350877761841
taxi-M,0.25,random_mix,50,21,Ours w/o stitching,-3.8233333333333333,44.0,964,2,-85.78083333333333,-41.34221197116434,0.0,0.0,0.9820464788471168,0.017953521152883137,0.0,89.58333333333334,72.28350877761841
taxi-M,0.25,random_mix,50,21,Ours w/o execution rule,-3.8233333333333333,44.0,964,2,-66.45333333333333,-32.021359133292876,0.0,0.0,0.9311903460454947,0.06880965395450532,0.0,91.66666666666666,72.28350877761841
taxi-M,0.25,random_mix,50,21,Factored Batch RL,-3.8233333333333333,44.0,964,2,-4.323333333333333,-5.892324189473499,0.0,0.0,0.860701592733974,0.13929840726602608,0.0,100.0,72.28350877761841
taxi-M,0.25,random_mix,50,22,Imitation,-4.053333333333334,42.0,839,4,-499.1922222222222,-224.73204217644485,1.8408333333333333,44.583333333333336,0.986000350677801,0.0,0.013999649322198961,48.30555555555556,66.78356075286865
taxi-M,0.25,random_mix,50,22,BC,-4.053333333333334,42.0,839,4,-899.3366666666667,-385.75236462031694,1.8408333333333333,44.583333333333336,0.9875006365678525,0.0,0.012499363432147526,29.75,66.78356075286865
taxi-M,0.25,random_mix,50,22,RECO,-4.053333333333334,42.0,839,4,-538.4894444444444,-241.52008218144738,0.0,0.0,0.9911841753754999,0.008815824624500097,0.0,44.27777777777778,66.78356075286865
taxi-M,0.25,random_mix,50,22,RECO-greedy,-4.053333333333334,42.0,839,4,-62.355,-31.165012766946493,0.0,0.0,0.9701806558637293,0.02981934413627076,0.0,91.58333333333334,66.78356075286865
taxi-M,0.25,random_mix,50,22,In-data planning (POR-style),-4.053333333333334,42.0,839,4,-59.3975,-29.628176294005147,1.8408333333333333,44.583333333333336,0.9504519659960075,0.0,0.049548034003992554,93.5,66.78356075286865
taxi-M,0.25,random_mix,50,22,Ours,-4.053333333333334,42.0,839,4,-4.053333333333334,-5.636022223218934,0.0,0.0,0.869910856838744,0.130089143161256,0.0,100.0,66.78356075286865
taxi-M,0.25,random_mix,50,22,Ours w/o stitching,-4.053333333333334,42.0,839,4,-52.00666666666667,-26.060920474460513,0.0,0.0,0.9464134919294521,0.05358650807054793,0.0,95.0,66.78356075286865
taxi-M,0.25,random_mix,50,22,Ours w/o execution rule,-4.053333333333334,42.0,839,4,-4.053333333333334,-5.636022223218934,0.0,0.0,0.869910856838744,0.130089143161256,0.0,100.0,66.78356075286865
taxi-M,0.25,random_mix,50,22,Factored Batch RL,-4.053333333333334,42.0,839,4,-4.053333333333334,-5.636022223218934,0.0,0.0,0.873237094199042,0.12676290580095795,0.0,100.0,66.78356075286865
taxi-M,0.25,random_mix,50,23,Imitation,-4.053333333333334,38.0,907,3,-496.9425,-232.21990508855637,2.168888888888889,38.19444444444444,0.9843844996960097,0.0,0.015615500303990273,48.02777777777778,73.6702868938446
taxi-M,0.25,random_mix,50,23,BC,-4.053333333333334,38.0,907,3,-994.6691666666667,-425.9236423151814,2.1216666666666666,36.5,0.9876064839604731,0.0,0.012393516039526846,16.5,73.6702868938446
taxi-M,0.25,random_mix,50,23,RECO,-4.053333333333334,38.0,907,3,-563.3736111111111,-261.15655905477723,0.0,0.0,0.9939045038943447,0.0060954961056552655,0.0,37.55555555555555,73.6702868938446
taxi-M,0.25,random_mix,50,23,RECO-greedy,-4.053333333333334,38.0,907,3,-559.0841666666666,-241.13733419009708,0.0,0.0,0.9902424653620912,0.00975753463790887,0.0,60.916666666666664,73.6702868938446
taxi-M,0.25,random_mix,50,23,In-data planning (POR-style),-4.053333333333334,38.0,907,3,-384.98083333333335,-168.49639999660792,2.1216666666666666,36.5,0.9711517761033369,0.0,0.02884822389666308,72.33333333333334,73.6702868938446
taxi-M,0.25,random_mix,50,23,Ours,-4.053333333333334,38.0,907,3,-175.16416666666666,-79.97418590875577,0.0,0.0,0.959999022578438,0.04000097742156192,0.0,75.0,73.6702868938446
taxi-M,0.25,random_mix,50,23,Ours w/o stitching,-4.053333333333334,38.0,907,3,-244.69333333333333,-109.79137688316371,0.0,0.0,0.9838816250525599,0.016118374947440083,0.0,66.66666666666666,73.6702868938446
taxi-M,0.25,random_mix,50,23,Ours w/o execution rule,-4.053333333333334,38.0,907,3,-175.16416666666666,-79.97418590875577,0.0,0.0,0.959999022578438,0.04000097742156192,0.0,75.0,73.6702868938446
taxi-M,0.25,random_mix,50,23,Factored Batch RL,-4.053333333333334,38.0,907,3,-5.553333333333334,-6.980408027471415,0.0,0.0,0.7673236254079839,0.23267637459201607,0.0,100.0,73.6702868938446
taxi-M,0.25,random_mix,50,24,Imitation,-4.053333333333334,46.0,863,4,-455.65777777777777,-213.9710603107839,2.641388888888889,47.52777777777778,0.9785851179068411,0.0,0.021414882093158904,56.611111111111114,46.32861328125
taxi-M,0.25,random_mix,50,24,BC,-4.053333333333334,46.0,863,4,-1064.47,-455.5875343464827,2.1025,45.08333333333333,0.9874028250026213,0.0,0.012597174997378708,18.583333333333332,46.32861328125
taxi-M,0.25,random_mix,50,24,RECO,-4.053333333333334,46.0,863,4,-467.8647222222222,-219.2698025807568,0.0,0.0,0.9826727316890057,0.017327268310994324,0.0,55.91666666666667,46.32861328125
taxi-M,0.25,random_mix,50,24,RECO-greedy,-4.053333333333334,46.0,863,4,-40.939166666666665,-21.947876409315988,0.0,0.0,0.9485400786010075,0.05145992139899243,0.0,97.0,46.32861328125
taxi-M,0.25,random_mix,50,24,In-data planning (POR-style),-4.053333333333334,46.0,863,4,-30.0125,-17.279633966233632,2.1025,45.08333333333333,0.9292027948480511,0.0,0.07079720515194882,98.0,46.32861328125
taxi-M,0.25,random_mix,50,24,Ours,-4.053333333333334,46.0,863,4,-4.058333333333334,-5.640699585433018,0.0,0.0,0.8628865979381444,0.13711340206185568,0.0,100.0,46.32861328125
taxi-M,0.25,random_mix,50,24,Ours w/o stitching,-4.053333333333334,46.0,863,4,-26.044166666666666,-14.655620557383354,0.0,0.0,0.9274719615472649,0.07252803845273519,0.0,98.25,46.32861328125
taxi-M,0.25,random_mix,50,24,Ours w/o execution rule,-4.053333333333334,46.0,863,4,-4.058333333333334,-5.640699585433018,0.0,0.0,0.8628865979381444,0.13711340206185568,0.0,100.0,46.32861328125
taxi-M,0.25,random_mix,50,24,Factored Batch RL,-4.053333333333334,46.0,863,4,-4.0633333333333335,-5.6457685522256,0.0,0.0,0.861484239925522,0.138515760074478,0.0,100.0,46.32861328125
taxi-M,0.25,random_mix,50,25,Imitation,-3.638333333333333,38.0,919,4,-458.89972222222224,-210.84204276226748,2.0169444444444444,38.861111111111114,0.9840991063001351,0.0,0.015900893699864884,51.916666666666664,62.218993186950684
taxi-M,0.25,random_mix,50,25,BC,-3.638333333333333,38.0,919,4,-831.7033333333334,-357.2084763911657,1.9391666666666667,37.583333333333336,0.9877218068519388,0.0,0.012278193148061185,23.833333333333336,62.218993186950684
taxi-M,0.25,random_mix,50,25,RECO,-3.638333333333333,38.0,919,4,-533.31,-241.56805020648235,0.0,0.0,0.9869074370082084,0.01309256299179157,0.0,41.66666666666667,62.218993186950684
taxi-M,0.25,random_mix,50,25,RECO-greedy,-3.638333333333333,38.0,919,4,-277.9683333333333,-122.65382509118895,0.0,0.0,0.9860170562643854,0.013982943735614598,0.0,79.0,62.218993186950684
taxi-M,0.25,random_mix,50,25,In-data planning (POR-style),-3.638333333333333,38.0,919,4,-183.52333333333334,-82.65421910560597,1.9391666666666667,37.583333333333336,0.9616752857472248,0.0,0.03832471425277512,85.66666666666667,62.218993186950684
taxi-M,0.25,random_mix,50,25,Ours,-3.638333333333333,38.0,919,4,-68.6175,-32.42569950120323,0.0,0.0,0.9075550981905497,0.09244490180945031,0.0,91.66666666666666,62.218993186950684
taxi-M,0.25,random_mix,50,25,Ours w/o stitching,-3.638333333333333,38.0,919,4,-128.49083333333334,-58.806832633626264,0.0,0.0,0.9693931738087959,0.030606826191204157,0.0,84.91666666666666,62.218993186950684
taxi-M,0.25,random_mix,50,25,Ours w/o execution rule,-3.638333333333333,38.0,919,4,-68.6175,-32.42569950120323,0.0,0.0,0.9075550981905497,0.09244490180945031,0.0,91.66666666666666,62.218993186950684
taxi-M,0.25,random_mix,50,25,Factored Batch RL,-3.638333333333333,38.0,919,4,-3.638333333333333,-5.243045684210933,0.0,0.0,0.8001758776973551,0.19982412230264493,0.0,100.0,62.218993186950684
taxi-M,0.25,random_mix,50,26,Imitation,-3.5933333333333333,44.0,949,1,-520.9588888888889,-240.50399444016233,2.6430555555555557,36.30555555555556,0.9810836118273648,0.0,0.018916388172635152,46.38888888888889,76.82136249542236
taxi-M,0.25,random_mix,50,26,BC,-3.5933333333333333,44.0,949,1,-1164.0108333333333,-498.52684024379687,2.0,34.66666666666667,0.9881865346183758,0.0,0.011813465381624155,17.416666666666668,76.82136249542236
taxi-M,0.25,random_mix,50,26,RECO,-3.5933333333333333,44.0,949,1,-582.8536111111111,-266.03689476197087,0.0,0.0,0.9824278910953365,0.017572108904663493,0.0,37.69444444444445,76.82136249542236
taxi-M,0.25,random_mix,50,26,RECO-greedy,-3.5933333333333333,44.0,949,1,-382.1875,-167.09131044126644,0.0,0.0,0.9722349072974701,0.02776509270252991,0.0,67.66666666666666,76.82136249542236
taxi-M,0.25,random_mix,50,26,In-data planning (POR-style),-3.5933333333333333,44.0,949,1,-347.8475,-152.46217892189165,2.0,34.66666666666667,0.9709270632699786,0.0,0.02907293673002144,75.16666666666667,76.82136249542236
taxi-M,0.25,random_mix,50,26,Ours,-3.5933333333333333,44.0,949,1,-128.59333333333333,-58.877768206874244,0.0,0.0,0.9536979490366687,0.04630205096333126,0.0,83.33333333333334,76.82136249542236
taxi-M,0.25,random_mix,50,26,Ours w/o stitching,-3.5933333333333333,44.0,949,1,-221.15166666666667,-98.28848180537102,0.0,0.0,0.9656654707735387,0.034334529226461324,0.0,70.83333333333334,76.82136249542236
taxi-M,0.25,random_mix,50,26,Ours w/o execution rule,-3.5933333333333333,44.0,949,1,-128.59333333333333,-58.877768206874244,0.0,0.0,0.9536979490366687,0.04630205096333126,0.0,83.33333333333334,76.82136249542236
taxi-M,0.25,random_mix,50,26,Factored Batch RL,-3.5933333333333333,44.0,949,1,-4.093333333333334,-5.675251258571385,0.0,0.0,0.8262818809776833,0.17371811902231668,0.0,100.0,76.82136249542236
taxi-M,0.25,random_mix,50,27,Imitation,-4.053333333333334,48.0,858,4,-474.68888888888887,-215.0685760960532,4.005833333333333,38.333333333333336,0.9670249011044292,0.0,0.03297509889557085,53.55555555555556,64.50909638404846
taxi-M,0.25,random_mix,50,27,BC,-4.053333333333334,48.0,858,4,-1008.8583333333333,-433.2674916156537,4.005833333333333,38.333333333333336,0.9735912494574861,0.0,0.02640875054251386,27.583333333333332,64.50909638404846
taxi-M,0.25,random_mix,50,27,RECO,-4.053333333333334,48.0,858,4,-525.0636111111111,-237.96393752416506,1.7866666666666666,16.666666666666664,0.9704809322488572,0.015715604008841772,0.013803463742301007,49.916666666666664,64.50909638404846
taxi-M,0.25,random_mix,50,27,RECO-greedy,-4.053333333333334,48.0,858,4,-201.79916666666668,-91.56708782110024,1.7866666666666666,16.666666666666664,0.924154701250579,0.04037914378349765,0.035466154965923376,87.33333333333333,64.50909638404846
taxi-M,0.25,random_mix,50,27,In-data planning (POR-style),-4.053333333333334,48.0,858,4,-168.7275,-76.64912948009486,4.005833333333333,38.333333333333336,0.9126793823796548,0.0,0.08732061762034514,88.91666666666667,64.50909638404846
taxi-M,0.25,random_mix,50,27,Ours,-4.053333333333334,48.0,858,4,-66.435,-32.208269719015384,1.7866666666666666,16.666666666666664,0.858980743691899,0.09653054448871182,0.04448871181938911,91.66666666666666,64.50909638404846
taxi-M,0.25,random_mix,50,27,Ours w/o stitching,-4.053333333333334,48.0,858,4,-113.01083333333334,-51.470333471574264,1.7866666666666666,16.666666666666664,0.9046858553228558,0.05640448622554535,0.038909658451598855,89.08333333333334,64.50909638404846
taxi-M,0.25,random_mix,50,27,Ours w/o execution rule,-4.053333333333334,48.0,858,4,-66.435,-32.208269719015384,1.7866666666666666,16.666666666666664,0.858980743691899,0.09653054448871182,0.04448871181938911,91.66666666666666,64.50909638404846
taxi-M,0.25,random_mix,50,27,Factored Batch RL,-4.053333333333334,48.0,858,4,-5.053333333333334,-6.577707558671381,0.0,0.0,0.7596916581371546,0.24030834186284544,0.0,100.0,64.50909638404846
taxi-M,0.25,random_mix,50,28,Imitation,-3.638333333333333,42.0,912,3,-489.0105555555556,-224.01126732170815,5.143611111111111,47.22222222222222,0.9608522567510143,0.0,0.039147743248985734,49.72222222222222,76.67111539840698
taxi-M,0.25,random_mix,50,28,BC,-3.638333333333333,42.0,912,3,-1152.21,-491.6993623552248,3.755,41.5,0.9765477398704037,0.0,0.023452260129596378,22.333333333333332,76.67111539840698
taxi-M,0.25,random_mix,50,28,RECO,-3.638333333333333,42.0,912,3,-514.5177777777777,-234.6747645478622,1.71,16.666666666666664,0.9400161812939483,0.04777646018330868,0.012207358522743047,43.138888888888886,76.67111539840698
taxi-M,0.25,random_mix,50,28,RECO-greedy,-3.638333333333333,42.0,912,3,-227.52083333333334,-101.19731943720093,1.71,16.666666666666664,0.9069959488937364,0.06103147397943284,0.03197257712683079,84.25,76.67111539840698
taxi-M,0.25,random_mix,50,28,In-data planning (POR-style),-3.638333333333333,42.0,912,3,-205.72833333333332,-91.60233303052158,3.755,41.5,0.9210941056981753,0.0,0.07890589430182468,87.41666666666667,76.67111539840698
taxi-M,0.25,random_mix,50,28,Ours,-3.638333333333333,42.0,912,3,-3.638333333333333,-5.243045684210934,1.71,16.666666666666664,0.7523844957045255,0.17821145910843536,0.06940404518703917,100.0,76.67111539840698
taxi-M,0.25,random_mix,50,28,Ours w/o stitching,-3.638333333333333,42.0,912,3,-95.48666666666666,-44.14916438247257,1.71,16.666666666666664,0.920760082730093,0.04134657999704535,0.03789333727286157,88.83333333333333,76.67111539840698
taxi-M,0.25,random_mix,50,28,Ours w/o execution rule,-3.638333333333333,42.0,912,3,-3.638333333333333,-5.243045684210934,1.71,16.666666666666664,0.7523844957045255,0.17821145910843536,0.06940404518703917,100.0,76.67111539840698
taxi-M,0.25,random_mix,50,28,Factored Batch RL,-3.638333333333333,42.0,912,3,-3.638333333333333,-5.243045684210934,0.0,0.0,0.7490022322938511,0.25099776770614896,0.0,100.0,76.67111539840698
taxi-M,0.25,random_mix,50,29,Imitation,-3.8233333333333333,38.0,944,3,-508.81444444444446,-231.13107003785373,1.5258333333333334,36.5,0.9887446597067834,0.0,0.011255340293216676,44.52777777777778,66.85561633110046
taxi-M,0.25,random_mix,50,29,BC,-3.8233333333333333,38.0,944,3,-1032.2058333333334,-441.5059614492706,1.5258333333333334,36.5,0.9904081386759983,0.0,0.009591861324001656,23.166666666666664,66.85561633110046
taxi-M,0.25,random_mix,50,29,RECO,-3.8233333333333333,38.0,944,3,-533.4372222222222,-241.3423833991729,0.0,0.0,0.993147493461765,0.006852506538235044,0.0,42.083333333333336,66.85561633110046
taxi-M,0.25,random_mix,50,29,RECO-greedy,-3.8233333333333333,38.0,944,3,-342.3691666666667,-149.9664647690842,0.0,0.0,0.9855745751887702,0.014425424811229793,0.0,76.25,66.85561633110046
taxi-M,0.25,random_mix,50,29,In-data planning (POR-style),-3.8233333333333333,38.0,944,3,-315.2708333333333,-138.04663119777342,1.5258333333333334,36.5,0.9761367931290647,0.0,0.02386320687093537,77.58333333333334,66.85561633110046
taxi-M,0.25,random_mix,50,29,Ours,-3.8233333333333333,38.0,944,3,-71.20416666666667,-34.21005884596771,0.0,0.0,0.9025801835171311,0.09741981648286893,0.0,91.66666666666666,66.85561633110046
taxi-M,0.25,random_mix,50,29,Ours w/o stitching,-3.8233333333333333,38.0,944,3,-180.34666666666666,-80.39168627401493,0.0,0.0,0.9769244872835852,0.023075512716414785,0.0,77.75,66.85561633110046
taxi-M,0.25,random_mix,50,29,Ours w/o execution rule,-3.8233333333333333,38.0,944,3,-71.20416666666667,-34.21005884596771,0.0,0.0,0.9025801835171311,0.09741981648286893,0.0,91.66666666666666,66.85561633110046
taxi-M,0.25,random_mix,50,29,Factored Batch RL,-3.8233333333333333,38.0,944,3,-4.656666666666666,-6.188461878976943,0.0,0.0,0.812914122385345,0.18708587761465506,0.0,100.0,66.85561633110046
taxi-M,0.25,random_mix,150,0,Imitation,-4.053333333333334,42.0,1332,4,-558.2788888888889,-266.0136739561867,0.17527777777777778,9.444444444444445,0.9988180576810329,0.0,0.0011819423189670835,47.66666666666667,58.08003258705139
taxi-M,0.25,random_mix,150,0,BC,-4.053333333333334,42.0,1332,4,-1252.72,-538.4795156758255,0.15333333333333332,8.666666666666668,0.9991643732345113,0.0,0.0008356267654886146,9.166666666666666,58.08003258705139
taxi-M,0.25,random_mix,150,0,RECO,-4.053333333333334,42.0,1332,4,-574.22,-270.95819810052245,0.0,0.0,0.9989506666299124,0.0010493333700875669,0.0,45.55555555555556,58.08003258705139
taxi-M,0.25,random_mix,150,0,RECO-greedy,-4.053333333333334,42.0,1332,4,-7.958333333333333,-7.6044531722489275,0.0,0.0,0.9954044413021821,0.004595558697817913,0.0,99.83333333333333,58.08003258705139
taxi-M,0.25,random_mix,150,0,In-data planning (POR-style),-4.053333333333334,42.0,1332,4,-6.240833333333334,-6.836330661990057,0.15333333333333332,8.666666666666668,0.9940391343786446,0.0,0.005960865621355449,99.91666666666667,58.08003258705139
taxi-M,0.25,random_mix,150,0,Ours,-4.053333333333334,42.0,1332,4,-4.053333333333334,-5.636022223218934,0.0,0.0,0.9632118147951038,0.03678818520489622,0.0,100.0,58.08003258705139
taxi-M,0.25,random_mix,150,0,Ours w/o stitching,-4.053333333333334,42.0,1332,4,-6.219166666666666,-6.817584672562198,0.0,0.0,0.9940016860125802,0.005998313987419753,0.0,99.91666666666667,58.08003258705139
taxi-M,0.25,random_mix,150,0,Ours w/o execution rule,-4.053333333333334,42.0,1332,4,-4.053333333333334,-5.636022223218934,0.0,0.0,0.9632118147951038,0.03678818520489622,0.0,100.0,58.08003258705139
taxi-M,0.25,random_mix,150,0,Factored Batch RL,-4.053333333333334,42.0,1332,4,-4.053333333333334,-5.636022223218934,0.0,0.0,0.9632118147951038,0.03678818520489622,0.0,100.0,58.08003258705139
taxi-M,0.25,random_mix,150,1,Imitation,-3.638333333333333,34.666666666666664,1314,0,-543.5366666666666,-258.9332347777544,0.0913888888888889,5.694444444444445,0.9993822675100874,0.0,0.0006177324899125599,47.44444444444444,72.91417717933655
taxi-M,0.25,random_mix,150,1,BC,-3.638333333333333,34.666666666666664,1314,0,-1074.56,-462.80223020786383,0.08083333333333333,4.75,0.9995576532822582,0.0,0.0004423467177417516,9.583333333333334,72.91417717933655
taxi-M,0.25,random_mix,150,1,RECO,-3.638333333333333,34.666666666666664,1314,0,-550.3755555555556,-261.7287967970295,0.0,0.0,0.9995771050615702,0.0004228949384298356,0.0,46.77777777777778,72.91417717933655
taxi-M,0.25,random_mix,150,1,RECO-greedy,-3.638333333333333,34.666666666666664,1314,0,-3.895,-5.483270767046045,0.0,0.0,0.997891142799759,0.002108857200241012,0.0,100.0,72.91417717933655
taxi-M,0.25,random_mix,150,1,In-data planning (POR-style),-3.638333333333333,34.666666666666664,1314,0,-3.8516666666666666,-5.44243771105725,0.08083333333333333,4.75,0.9967473677151096,0.0,0.0032526322848903493,100.0,72.91417717933655
taxi-M,0.25,random_mix,150,1,Ours,-3.638333333333333,34.666666666666664,1314,0,-3.638333333333333,-5.243045684210933,0.0,0.0,0.9814313738753974,0.018568626124602583,0.0,100.0,72.91417717933655
taxi-M,0.25,random_mix,150,1,Ours w/o stitching,-3.638333333333333,34.666666666666664,1314,0,-3.85,-5.440980427351639,0.0,0.0,0.996747149564051,0.0032528504359490276,0.0,100.0,72.91417717933655
taxi-M,0.25,random_mix,150,1,Ours w/o execution rule,-3.638333333333333,34.666666666666664,1314,0,-3.638333333333333,-5.243045684210933,0.0,0.0,0.9814313738753974,0.018568626124602583,0.0,100.0,72.91417717933655
taxi-M,0.25,random_mix,150,1,Factored Batch RL,-3.638333333333333,34.666666666666664,1314,0,-3.638333333333333,-5.243045684210933,0.0,0.0,0.9814313738753974,0.018568626124602583,0.0,100.0,72.91417717933655
taxi-M,0.25,random_mix,150,2,Imitation,-4.053333333333334,36.666666666666664,1298,4,-582.9016666666666,-272.08407168680435,0.8141666666666667,10.36111111111111,0.9947747304466883,0.0,0.005225269553311655,38.88888888888889,79.81210350990295
taxi-M,0.25,random_mix,150,2,BC,-4.053333333333334,36.666666666666664,1298,4,-1120.1058333333333,-482.55139707904425,0.13,7.249999999999999,0.9992847744059272,0.0,0.0007152255940727971,10.083333333333332,79.81210350990295
taxi-M,0.25,random_mix,150,2,RECO,-4.053333333333334,36.666666666666664,1298,4,-582.7880555555555,-272.39032834591166,0.0,0.0,0.996103038309115,0.0038969616908850727,0.0,39.08333333333333,79.81210350990295
taxi-M,0.25,random_mix,150,2,RECO-greedy,-4.053333333333334,36.666666666666664,1298,4,-56.4425,-28.077082247004384,0.0,0.0,0.9972113630440448,0.0027886369559551732,0.0,96.16666666666667,79.81210350990295
taxi-M,0.25,random_mix,150,2,In-data planning (POR-style),-4.053333333333334,36.666666666666664,1298,4,-55.24166666666667,-27.53730816944492,0.13,7.249999999999999,0.9959666994156885,0.0,0.004033300584311495,96.0,79.81210350990295
taxi-M,0.25,random_mix,150,2,Ours,-4.053333333333334,36.666666666666664,1298,4,-4.053333333333334,-5.636022223218934,0.0,0.0,0.96796833422033,0.03203166577967004,0.0,100.0,79.81210350990295
taxi-M,0.25,random_mix,150,2,Ours w/o stitching,-4.053333333333334,36.666666666666664,1298,4,-22.256666666666668,-13.55080572659642,0.0,0.0,0.9940958357102111,0.005904164289788933,0.0,97.75,79.81210350990295
taxi-M,0.25,random_mix,150,2,Ours w/o execution rule,-4.053333333333334,36.666666666666664,1298,4,-4.053333333333334,-5.636022223218934,0.0,0.0,0.96796833422033,0.03203166577967004,0.0,100.0,79.81210350990295
taxi-M,0.25,random_mix,150,2,Factored Batch RL,-4.053333333333334,36.666666666666664,1298,4,-4.053333333333334,-5.636022223218934,0.0,0.0,0.96796833422033,0.03203166577967004,0.0,100.0,79.81210350990295
taxi-M,0.25,random_mix,150,3,Imitation,-4.053333333333334,46.0,1305,4,-516.2244444444444,-250.93743501114145,0.155,7.916666666666666,0.9989081132274842,0.0,0.001091886772515762,52.47222222222222,69.12207293510437
taxi-M,0.25,random_mix,150,3,BC,-4.053333333333334,46.0,1305,4,-1154.0075,-496.9177412141962,0.135,7.333333333333333,0.9992520879212199,0.0,0.0007479120787800723,10.833333333333334,69.12207293510437
taxi-M,0.25,random_mix,150,3,RECO,-4.053333333333334,46.0,1305,4,-517.9705555555555,-251.565401203228,0.0,0.0,0.9946015180081811,0.005398481991818955,0.0,52.083333333333336,69.12207293510437
taxi-M,0.25,random_mix,150,3,RECO-greedy,-4.053333333333334,46.0,1305,4,-9.183333333333334,-8.079041271923899,0.0,0.0,0.9905302446096425,0.009469755390357507,0.0,99.16666666666667,69.12207293510437
taxi-M,0.25,random_mix,150,3,In-data planning (POR-style),-4.053333333333334,46.0,1305,4,-6.821666666666666,-7.048777174665714,0.135,7.333333333333333,0.994854038944125,0.0,0.005145961055874972,99.58333333333333,69.12207293510437
taxi-M,0.25,random_mix,150,3,Ours,-4.053333333333334,46.0,1305,4,-4.053333333333334,-5.636022223218934,0.0,0.0,0.9786455561468866,0.02135444385311336,0.0,100.0,69.12207293510437
taxi-M,0.25,random_mix,150,3,Ours w/o stitching,-4.053333333333334,46.0,1305,4,-8.275833333333333,-7.607162759571559,0.0,0.0,0.9946586971036149,0.0053413028963850825,0.0,99.58333333333333,69.12207293510437
taxi-M,0.25,random_mix,150,3,Ours w/o execution rule,-4.053333333333334,46.0,1305,4,-4.053333333333334,-5.636022223218934,0.0,0.0,0.9786455561468866,0.02135444385311336,0.0,100.0,69.12207293510437
taxi-M,0.25,random_mix,150,3,Factored Batch RL,-4.053333333333334,46.0,1305,4,-4.053333333333334,-5.636022223218934,0.0,0.0,0.9786455561468866,0.02135444385311336,0.0,100.0,69.12207293510437
taxi-M,0.25,random_mix,150,4,Imitation,-4.053333333333334,40.0,1362,4,-565.6772222222222,-268.5205087234303,0.20694444444444443,9.833333333333332,0.9986363677963155,0.0,0.0013636322036845526,46.0,81.47262978553772
taxi-M,0.25,random_mix,150,4,BC,-4.053333333333334,40.0,1362,4,-1178.0825,-506.38277668882967,0.1625,8.0,0.9991152249370449,0.0,0.0008847750629551487,9.166666666666666,81.47262978553772
taxi-M,0.25,random_mix,150,4,RECO,-4.053333333333334,40.0,1362,4,-576.9677777777778,-273.42339418148924,0.0,0.0,0.9980648837317642,0.0019351162682357832,0.0,44.05555555555555,81.47262978553772
taxi-M,0.25,random_mix,150,4,RECO-greedy,-4.053333333333334,40.0,1362,4,-4.543333333333333,-6.08981532909481,0.0,0.0,0.9960850841706903,0.00391491582930967,0.0,100.0,81.47262978553772
taxi-M,0.25,random_mix,150,4,In-data planning (POR-style),-4.053333333333334,40.0,1362,4,-4.468333333333334,-6.021352740334867,0.1625,8.0,0.9936195275178326,0.0,0.006380472482167397,100.0,81.47262978553772
taxi-M,0.25,random_mix,150,4,Ours,-4.053333333333334,40.0,1362,4,-4.053333333333334,-5.636022223218934,0.0,0.0,0.9698642895156998,0.03013571048430016,0.0,100.0,81.47262978553772
taxi-M,0.25,random_mix,150,4,Ours w/o stitching,-4.053333333333334,40.0,1362,4,-4.443333333333333,-5.999089653764553,0.0,0.0,0.9935477531769946,0.006452246823005371,0.0,100.0,81.47262978553772
taxi-M,0.25,random_mix,150,4,Ours w/o execution rule,-4.053333333333334,40.0,1362,4,-4.053333333333334,-5.636022223218934,0.0,0.0,0.9698642895156998,0.03013571048430016,0.0,100.0,81.47262978553772
taxi-M,0.25,random_mix,150,4,Factored Batch RL,-4.053333333333334,40.0,1362,4,-4.053333333333334,-5.636022223218934,0.0,0.0,0.9698642895156998,0.03013571048430016,0.0,100.0,81.47262978553772
taxi-M,0.25,random_mix,150,5,Imitation,-3.638333333333333,40.0,1345,2,-522.0033333333333,-254.4981076952845,0.195,7.027777777777777,0.9986270747892207,0.0,0.0013729252107792232,52.22222222222223,81.70048975944519
taxi-M,0.25,random_mix,150,5,BC,-3.638333333333333,40.0,1345,2,-1180.8408333333334,-507.74123559696966,0.185,6.5,0.9989820669543168,0.0,0.0010179330456831844,10.166666666666666,81.70048975944519
taxi-M,0.25,random_mix,150,5,RECO,-3.638333333333333,40.0,1345,2,-521.0044444444444,-254.79705378337312,0.0,0.0,0.999211378072788,0.0007886219272119573,0.0,52.83333333333333,81.70048975944519
taxi-M,0.25,random_mix,150,5,RECO-greedy,-3.638333333333333,40.0,1345,2,-3.861666666666667,-5.455721680594526,0.0,0.0,0.9960447811222095,0.00395521887779044,0.0,100.0,81.70048975944519
taxi-M,0.25,random_mix,150,5,In-data planning (POR-style),-3.638333333333333,40.0,1345,2,-3.816666666666667,-5.412751344435155,0.185,6.5,0.9925453324378778,0.0,0.00745466756212223,100.0,81.70048975944519
taxi-M,0.25,random_mix,150,5,Ours,-3.638333333333333,40.0,1345,2,-3.638333333333333,-5.243045684210934,0.0,0.0,0.9823107623621727,0.017689237637827235,0.0,100.0,81.70048975944519
taxi-M,0.25,random_mix,150,5,Ours w/o stitching,-3.638333333333333,40.0,1345,2,-3.8116666666666665,-5.408091801645347,0.0,0.0,0.9923087257338618,0.007691274266138241,0.0,100.0,81.70048975944519
taxi-M,0.25,random_mix,150,5,Ours w/o execution rule,-3.638333333333333,40.0,1345,2,-3.638333333333333,-5.243045684210934,0.0,0.0,0.9823107623621727,0.017689237637827235,0.0,100.0,81.70048975944519
taxi-M,0.25,random_mix,150,5,Factored Batch RL,-3.638333333333333,40.0,1345,2,-3.638333333333333,-5.243045684210934,0.0,0.0,0.9823107623621727,0.017689237637827235,0.0,100.0,81.70048975944519
taxi-M,0.25,random_mix,150,6,Imitation,-3.638333333333333,44.666666666666664,1377,3,-528.5216666666666,-253.9943573603692,0.07333333333333333,5.416666666666667,0.9994898550724638,0.0,0.0005101449275362319,48.52777777777778,87.79098677635193
taxi-M,0.25,random_mix,150,6,BC,-3.638333333333333,44.666666666666664,1377,3,-1223.8058333333333,-526.9387399207735,0.06166666666666667,4.666666666666667,0.9996578509339745,0.0,0.0003421490660255225,11.0,87.79098677635193
taxi-M,0.25,random_mix,150,6,RECO,-3.638333333333333,44.666666666666664,1377,3,-534.115,-256.8108018791507,0.0,0.0,0.9995901348915869,0.0004098651084131517,0.0,48.97222222222222,87.79098677635193
taxi-M,0.25,random_mix,150,6,RECO-greedy,-3.638333333333333,44.666666666666664,1377,3,-4.115,-5.6040153856154244,0.0,0.0,0.9980077696981771,0.0019922303018228907,0.0,99.91666666666667,87.79098677635193
taxi-M,0.25,random_mix,150,6,In-data planning (POR-style),-3.638333333333333,44.666666666666664,1377,3,-4.071666666666666,-5.561981557238608,0.06166666666666667,4.666666666666667,0.9975386662231831,0.0,0.002461333776816897,99.91666666666667,87.79098677635193
taxi-M,0.25,random_mix,150,6,Ours,-3.638333333333333,44.666666666666664,1377,3,-3.638333333333333,-5.243045684210933,0.0,0.0,0.9770006088074139,0.02299939119258608,0.0,100.0,87.79098677635193
taxi-M,0.25,random_mix,150,6,Ours w/o stitching,-3.638333333333333,44.666666666666664,1377,3,-4.068333333333333,-5.5586932400475035,0.0,0.0,0.997538338711287,0.0024616612887129502,0.0,99.91666666666667,87.79098677635193
taxi-M,0.25,random_mix,150,6,Ours w/o execution rule,-3.638333333333333,44.666666666666664,1377,3,-3.638333333333333,-5.243045684210933,0.0,0.0,0.9770006088074139,0.02299939119258608,0.0,100.0,87.79098677635193
taxi-M,0.25,random_mix,150,6,Factored Batch RL,-3.638333333333333,44.666666666666664,1377,3,-3.638333333333333,-5.243045684210933,0.0,0.0,0.9770006088074139,0.02299939119258608,0.0,100.0,87.79098677635193
taxi-M,0.25,random_mix,150,7,Imitation,-3.8233333333333333,39.333333333333336,1381,4,-585.0808333333333,-275.466947589933,0.1225,6.5,0.9991990148427453,0.0,0.000800985157254637,43.94444444444445,74.79720425605774
taxi-M,0.25,random_mix,150,7,BC,-3.8233333333333333,39.333333333333336,1381,4,-1172.8433333333332,-504.89867797826065,0.1225,6.5,0.9993205234280749,0.0,0.0006794765719251374,11.0,74.79720425605774
taxi-M,0.25,random_mix,150,7,RECO,-3.8233333333333333,39.333333333333336,1381,4,-590.7447222222222,-278.4039621876072,0.0,0.0,0.9994302045836876,0.0005697954163124288,0.0,44.55555555555556,74.79720425605774
taxi-M,0.25,random_mix,150,7,RECO-greedy,-3.8233333333333333,39.333333333333336,1381,4,-38.14,-20.308683602795718,0.0,0.0,0.9969625965460384,0.003037403453961642,0.0,97.91666666666666,74.79720425605774
taxi-M,0.25,random_mix,150,7,In-data planning (POR-style),-3.8233333333333333,39.333333333333336,1381,4,-34.43333333333333,-18.691908516528386,0.1225,6.5,0.9956492141948087,0.0,0.004350785805191346,98.25,74.79720425605774
taxi-M,0.25,random_mix,150,7,Ours,-3.8233333333333333,39.333333333333336,1381,4,-3.8233333333333333,-5.419133208030717,0.0,0.0,0.9728078420840607,0.027192157915939305,0.0,100.0,74.79720425605774
taxi-M,0.25,random_mix,150,7,Ours w/o stitching,-3.8233333333333333,39.333333333333336,1381,4,-19.765,-12.27062041088074,0.0,0.0,0.9952489030110455,0.004751096988954456,0.0,98.58333333333333,74.79720425605774
taxi-M,0.25,random_mix,150,7,Ours w/o execution rule,-3.8233333333333333,39.333333333333336,1381,4,-3.8233333333333333,-5.419133208030717,0.0,0.0,0.9728078420840607,0.027192157915939305,0.0,100.0,74.79720425605774
taxi-M,0.25,random_mix,150,7,Factored Batch RL,-3.8233333333333333,39.333333333333336,1381,4,-3.8233333333333333,-5.419133208030717,0.0,0.0,0.9728078420840607,0.027192157915939305,0.0,100.0,74.79720425605774
taxi-M,0.25,random_mix,150,8,Imitation,-4.053333333333334,39.333333333333336,1373,4,-589.455,-278.450026742111,0.5738888888888889,9.916666666666666,0.9963477584500071,0.0,0.003652241549992929,41.36111111111111,75.97482323646545
taxi-M,0.25,random_mix,150,8,BC,-4.053333333333334,39.333333333333336,1373,4,-1366.9125,-587.1323341594481,0.16083333333333333,7.166666666666667,0.9991662238580938,0.0,0.0008337761419061074,3.916666666666667,75.97482323646545
taxi-M,0.25,random_mix,150,8,RECO,-4.053333333333334,39.333333333333336,1373,4,-604.5630555555556,-283.29826167502944,0.0,0.0,0.9965540814391798,0.0034459185608202015,0.0,39.30555555555556,75.97482323646545
taxi-M,0.25,random_mix,150,8,RECO-greedy,-4.053333333333334,39.333333333333336,1373,4,-26.793333333333333,-15.560555661015423,0.0,0.0,0.9952288992388958,0.004771100761104169,0.0,97.75,75.97482323646545
taxi-M,0.25,random_mix,150,8,In-data planning (POR-style),-4.053333333333334,39.333333333333336,1373,4,-26.766666666666666,-15.534966166571492,0.16083333333333333,7.166666666666667,0.9945139283683911,0.0,0.005486071631608869,97.75,75.97482323646545
taxi-M,0.25,random_mix,150,8,Ours,-4.053333333333334,39.333333333333336,1373,4,-4.053333333333334,-5.636022223218934,0.0,0.0,0.9719598190526876,0.0280401809473124,0.0,100.0,75.97482323646545
taxi-M,0.25,random_mix,150,8,Ours w/o stitching,-4.053333333333334,39.333333333333336,1373,4,-22.760833333333334,-13.718375315048087,0.0,0.0,0.9941681838871188,0.005831816112881202,0.0,97.75,75.97482323646545
taxi-M,0.25,random_mix,150,8,Ours w/o execution rule,-4.053333333333334,39.333333333333336,1373,4,-4.053333333333334,-5.636022223218934,0.0,0.0,0.9719598190526876,0.0280401809473124,0.0,100.0,75.97482323646545
taxi-M,0.25,random_mix,150,8,Factored Batch RL,-4.053333333333334,39.333333333333336,1373,4,-4.053333333333334,-5.636022223218934,0.0,0.0,0.9719598190526876,0.0280401809473124,0.0,100.0,75.97482323646545
taxi-M,0.25,random_mix,150,9,Imitation,-3.8233333333333333,46.0,1422,4,-522.6497222222222,-254.0328972087811,0.46805555555555556,8.555555555555555,0.9967454455552637,0.0,0.0032545544447363135,51.861111111111114,72.15119910240173
taxi-M,0.25,random_mix,150,9,BC,-3.8233333333333333,46.0,1422,4,-1200.3083333333334,-516.9616578144578,0.12,6.166666666666667,0.9993305377083934,0.0,0.0006694622916066165,11.666666666666666,72.15119910240173
taxi-M,0.25,random_mix,150,9,RECO,-3.8233333333333333,46.0,1422,4,-524.7633333333333,-255.82324739912926,0.0,0.0,0.9934723987936765,0.006527601206323507,0.0,51.52777777777777,72.15119910240173
taxi-M,0.25,random_mix,150,9,RECO-greedy,-3.8233333333333333,46.0,1422,4,-33.2125,-17.921494091783224,0.0,0.0,0.9975875551118876,0.00241244488811247,0.0,97.16666666666667,72.15119910240173
taxi-M,0.25,random_mix,150,9,In-data planning (POR-style),-3.8233333333333333,46.0,1422,4,-24.155833333333334,-14.079895058835845,0.12,6.166666666666667,0.9957947609730455,0.0,0.004205239026954414,98.0,72.15119910240173
taxi-M,0.25,random_mix,150,9,Ours,-3.8233333333333333,46.0,1422,4,-3.8233333333333333,-5.419133208030716,0.0,0.0,0.9731099771720155,0.026890022827984424,0.0,100.0,72.15119910240173
taxi-M,0.25,random_mix,150,9,Ours w/o stitching,-3.8233333333333333,46.0,1422,4,-4.491666666666666,-5.996110299077893,0.0,0.0,0.9939849624060151,0.006015037593984963,0.0,100.0,72.15119910240173
taxi-M,0.25,random_mix,150,9,Ours w/o execution rule,-3.8233333333333333,46.0,1422,4,-3.8233333333333333,-5.419133208030716,0.0,0.0,0.9731099771720155,0.026890022827984424,0.0,100.0,72.15119910240173
taxi-M,0.25,random_mix,150,9,Factored Batch RL,-3.8233333333333333,46.0,1422,4,-3.8233333333333333,-5.419133208030716,0.0,0.0,0.9731099771720155,0.026890022827984424,0.0,100.0,72.15119910240173
taxi-M,0.25,random_mix,150,10,Imitation,-4.053333333333334,40.666666666666664,1374,4,-582.95,-274.8445419175904,0.08638888888888889,5.166666666666667,0.9994374533095292,0.0,0.0005625466904708932,44.083333333333336,80.65471482276917
taxi-M,0.25,random_mix,150,10,BC,-4.053333333333334,40.666666666666664,1374,4,-1136.015,-489.21706035131626,0.059166666666666666,4.25,0.9996744343870654,0.0,0.00032556561293458426,10.166666666666666,80.65471482276917
taxi-M,0.25,random_mix,150,10,RECO,-4.053333333333334,40.666666666666664,1374,4,-589.5816666666667,-277.7117321901076,0.0,0.0,0.9996402530041559,0.0003597469958441168,0.0,42.916666666666664,80.65471482276917
taxi-M,0.25,random_mix,150,10,RECO-greedy,-4.053333333333334,40.666666666666664,1374,4,-6.2975,-6.808141572105447,0.0,0.0,0.9982209283519328,0.0017790716480672812,0.0,99.83333333333333,80.65471482276917
taxi-M,0.25,random_mix,150,10,In-data planning (POR-style),-4.053333333333334,40.666666666666664,1374,4,-6.2725,-6.784008322929006,0.059166666666666666,4.25,0.9977011494252873,0.0,0.0022988505747126436,99.83333333333333,80.65471482276917
taxi-M,0.25,random_mix,150,10,Ours,-4.053333333333334,40.666666666666664,1374,4,-4.053333333333334,-5.636022223218934,0.0,0.0,0.9759845662586483,0.02401543374135178,0.0,100.0,80.65471482276917
taxi-M,0.25,random_mix,150,10,Ours w/o stitching,-4.053333333333334,40.666666666666664,1374,4,-6.913333333333333,-7.071876459055982,0.0,0.0,0.9975042945580657,0.0024957054419343337,0.0,99.83333333333333,80.65471482276917
taxi-M,0.25,random_mix,150,10,Ours w/o execution rule,-4.053333333333334,40.666666666666664,1374,4,-4.053333333333334,-5.636022223218934,0.0,0.0,0.9759845662586483,0.02401543374135178,0.0,100.0,80.65471482276917
taxi-M,0.25,random_mix,150,10,Factored Batch RL,-4.053333333333334,40.666666666666664,1374,4,-4.053333333333334,-5.636022223218934,0.0,0.0,0.9759845662586483,0.02401543374135178,0.0,100.0,80.65471482276917
taxi-M,0.25,random_mix,150,11,Imitation,-4.633333333333334,42.666666666666664,1275,2,-558.5511111111111,-264.71746624854245,0.17916666666666667,8.583333333333334,0.9988141812886999,0.0,0.001185818711300025,45.166666666666664,66.50331711769104
taxi-M,0.25,random_mix,150,11,BC,-4.633333333333334,42.666666666666664,1275,2,-1213.3191666666667,-520.6041330440385,0.17916666666666667,8.583333333333334,0.9990286788224877,0.0,0.0009713211775123335,8.583333333333334,66.50331711769104
taxi-M,0.25,random_mix,150,11,RECO,-4.633333333333334,42.666666666666664,1275,2,-560.0430555555556,-265.075421845579,0.0,0.0,0.9991423277737358,0.000857672226264196,0.0,44.83333333333333,66.50331711769104
taxi-M,0.25,random_mix,150,11,RECO-greedy,-4.633333333333334,42.666666666666664,1275,2,-19.77166666666667,-12.758405145116658,0.0,0.0,0.9952173646452879,0.004782635354712122,0.0,99.25,66.50331711769104
taxi-M,0.25,random_mix,150,11,In-data planning (POR-style),-4.633333333333334,42.666666666666664,1275,2,-19.714166666666667,-12.703763353213496,0.17916666666666667,8.583333333333334,0.9933964002702869,0.0,0.0066035997297131275,99.25,66.50331711769104
taxi-M,0.25,random_mix,150,11,Ours,-4.633333333333334,42.666666666666664,1275,2,-4.633333333333334,-6.151919045608568,0.0,0.0,0.9708387516254876,0.029161248374512352,0.0,100.0,66.50331711769104
taxi-M,0.25,random_mix,150,11,Ours w/o stitching,-4.633333333333334,42.666666666666664,1275,2,-10.063333333333333,-8.582412747633942,0.0,0.0,0.9929846344870402,0.007015365512959801,0.0,99.41666666666666,66.50331711769104
taxi-M,0.25,random_mix,150,11,Ours w/o execution rule,-4.633333333333334,42.666666666666664,1275,2,-4.633333333333334,-6.151919045608568,0.0,0.0,0.9708387516254876,0.029161248374512352,0.0,100.0,66.50331711769104
taxi-M,0.25,random_mix,150,11,Factored Batch RL,-4.633333333333334,42.666666666666664,1275,2,-4.633333333333334,-6.151919045608568,0.0,0.0,0.9708387516254876,0.029161248374512352,0.0,100.0,66.50331711769104
taxi-M,0.25,random_mix,150,12,Imitation,-3.8233333333333333,36.666666666666664,1412,4,-603.8783333333333,-281.3800851634731,0.10722222222222222,6.638888888888888,0.9993215393674145,0.0,0.0006784606325854447,40.38888888888889,78.26865005493164
taxi-M,0.25,random_mix,150,12,BC,-3.8233333333333333,36.666666666666664,1412,4,-1217.3966666666668,-524.4474959251529,0.09666666666666666,6.083333333333334,0.9994725354674427,0.0,0.0005274645325572936,9.25,78.26865005493164
taxi-M,0.25,random_mix,150,12,RECO,-3.8233333333333333,36.666666666666664,1412,4,-605.3425,-281.9880614496262,0.0,0.0,0.9994741215199991,0.0005258784800008414,0.0,39.25,78.26865005493164
taxi-M,0.25,random_mix,150,12,RECO-greedy,-3.8233333333333333,36.666666666666664,1412,4,-14.385,-10.25443174025412,0.0,0.0,0.997056868888256,0.0029431311117440427,0.0,99.5,78.26865005493164
taxi-M,0.25,random_mix,150,12,In-data planning (POR-style),-3.8233333333333333,36.666666666666664,1412,4,-12.614166666666666,-9.43760985291837,0.09666666666666666,6.083333333333334,0.9962922713034584,0.0,0.003707728696541584,99.58333333333333,78.26865005493164
taxi-M,0.25,random_mix,150,12,Ours,-3.8233333333333333,36.666666666666664,1412,4,-3.8233333333333333,-5.419133208030716,0.0,0.0,0.9661944407143817,0.03380555928561837,0.0,100.0,78.26865005493164
taxi-M,0.25,random_mix,150,12,Ours w/o stitching,-3.8233333333333333,36.666666666666664,1412,4,-7.64,-7.2637341249512914,0.0,0.0,0.9957957375246597,0.004204262475340384,0.0,99.75,78.26865005493164
taxi-M,0.25,random_mix,150,12,Ours w/o execution rule,-3.8233333333333333,36.666666666666664,1412,4,-3.8233333333333333,-5.419133208030716,0.0,0.0,0.9661944407143817,0.03380555928561837,0.0,100.0,78.26865005493164
taxi-M,0.25,random_mix,150,12,Factored Batch RL,-3.8233333333333333,36.666666666666664,1412,4,-3.8233333333333333,-5.419133208030716,0.0,0.0,0.9661944407143817,0.03380555928561837,0.0,100.0,78.26865005493164
taxi-M,0.25,random_mix,150,13,Imitation,-4.633333333333334,47.333333333333336,1300,3,-488.5675,-236.29488859918777,0.18083333333333335,9.583333333333334,0.99864802561898,0.0,0.0013519743810200243,55.08333333333333,83.40087914466858
taxi-M,0.25,random_mix,150,13,BC,-4.633333333333334,47.333333333333336,1300,3,-1112.4783333333332,-479.51045766346874,0.18083333333333335,9.583333333333334,0.9989084287410209,0.0,0.0010915712589790539,19.25,83.40087914466858
taxi-M,0.25,random_mix,150,13,RECO,-4.633333333333334,47.333333333333336,1300,3,-496.1663888888889,-239.3446827501311,0.0,0.0,0.9991794729440389,0.0008205270559611699,0.0,54.0,83.40087914466858
taxi-M,0.25,random_mix,150,13,RECO-greedy,-4.633333333333334,47.333333333333336,1300,3,-70.06416666666667,-34.50654054919944,0.0,0.0,0.9966620998879063,0.0033379001120936603,0.0,95.91666666666666,83.40087914466858
taxi-M,0.25,random_mix,150,13,In-data planning (POR-style),-4.633333333333334,47.333333333333336,1300,3,-71.32083333333334,-34.92379032091055,0.18083333333333335,9.583333333333334,0.994572150378949,0.0,0.005427849621051052,95.91666666666666,83.40087914466858
taxi-M,0.25,random_mix,150,13,Ours,-4.633333333333334,47.333333333333336,1300,3,-4.633333333333334,-6.151919045608568,0.0,0.0,0.9655071521456436,0.03449284785435631,0.0,100.0,83.40087914466858
taxi-M,0.25,random_mix,150,13,Ours w/o stitching,-4.633333333333334,47.333333333333336,1300,3,-35.4475,-19.313002791674833,0.0,0.0,0.9946050983099384,0.0053949016900616195,0.0,96.33333333333334,83.40087914466858
taxi-M,0.25,random_mix,150,13,Ours w/o execution rule,-4.633333333333334,47.333333333333336,1300,3,-4.633333333333334,-6.151919045608568,0.0,0.0,0.9655071521456436,0.03449284785435631,0.0,100.0,83.40087914466858
taxi-M,0.25,random_mix,150,13,Factored Batch RL,-4.633333333333334,47.333333333333336,1300,3,-4.633333333333334,-6.151919045608568,0.0,0.0,0.9655071521456436,0.03449284785435631,0.0,100.0,83.40087914466858
taxi-M,0.25,random_mix,150,14,Imitation,-3.638333333333333,40.666666666666664,1343,2,-549.0519444444444,-261.15826799957824,0.5711111111111111,10.583333333333334,0.9961843111345364,0.0,0.0038156888654635617,45.5,62.742700815200806
taxi-M,0.25,random_mix,150,14,BC,-3.638333333333333,40.666666666666664,1343,2,-1141.8808333333334,-491.8171608222342,0.13083333333333333,6.833333333333333,0.9992573917896858,0.0,0.0007426082103142132,13.25,62.742700815200806
taxi-M,0.25,random_mix,150,14,RECO,-3.638333333333333,40.666666666666664,1343,2,-554.6169444444445,-263.42050396009057,0.0,0.0,0.9959613022679409,0.004038697732059146,0.0,44.72222222222222,62.742700815200806
taxi-M,0.25,random_mix,150,14,RECO-greedy,-3.638333333333333,40.666666666666664,1343,2,-27.6375,-15.761757644083236,0.0,0.0,0.9970772925890558,0.002922707410944237,0.0,97.91666666666666,62.742700815200806
taxi-M,0.25,random_mix,150,14,In-data planning (POR-style),-3.638333333333333,40.666666666666664,1343,2,-37.846666666666664,-20.023571926515064,0.13083333333333333,6.833333333333333,0.9954475599501261,0.0,0.004552440049873866,97.91666666666666,62.742700815200806
taxi-M,0.25,random_mix,150,14,Ours,-3.638333333333333,40.666666666666664,1343,2,-3.638333333333333,-5.243045684210934,0.0,0.0,0.9753771223702902,0.024622877629709803,0.0,100.0,62.742700815200806
taxi-M,0.25,random_mix,150,14,Ours w/o stitching,-3.638333333333333,40.666666666666664,1343,2,-14.458333333333334,-9.991926976296876,0.0,0.0,0.9947164710941819,0.005283528905818026,0.0,98.83333333333333,62.742700815200806
taxi-M,0.25,random_mix,150,14,Ours w/o execution rule,-3.638333333333333,40.666666666666664,1343,2,-3.638333333333333,-5.243045684210934,0.0,0.0,0.9753771223702902,0.024622877629709803,0.0,100.0,62.742700815200806
taxi-M,0.25,random_mix,150,14,Factored Batch RL,-3.638333333333333,40.666666666666664,1343,2,-3.638333333333333,-5.243045684210934,0.0,0.0,0.9753771223702902,0.024622877629709803,0.0,100.0,62.742700815200806
taxi-M,0.25,random_mix,150,15,Imitation,-3.8233333333333333,35.333333333333336,1392,4,-620.4269444444444,-288.0925379639349,0.7916666666666666,5.138888888888888,0.9951765958275015,0.0,0.004823404172498473,35.36111111111111,73.73793411254883
taxi-M,0.25,random_mix,150,15,BC,-3.8233333333333333,35.333333333333336,1392,4,-1247.3225,-537.2279282633974,0.4266666666666667,4.666666666666667,0.9977405617704816,0.0,0.002259438229518325,6.166666666666667,73.73793411254883
taxi-M,0.25,random_mix,150,15,RECO,-3.8233333333333333,35.333333333333336,1392,4,-620.5322222222222,-288.218986765229,0.0,0.0,0.9961105036711565,0.003889496328843543,0.0,35.5,73.73793411254883
taxi-M,0.25,random_mix,150,15,RECO-greedy,-3.8233333333333333,35.333333333333336,1392,4,-4.4158333333333335,-5.804134503076323,0.0,0.0,0.9907410447516171,0.009258955248382966,0.0,99.83333333333333,73.73793411254883
taxi-M,0.25,random_mix,150,15,In-data planning (POR-style),-3.8233333333333333,35.333333333333336,1392,4,-4.7283333333333335,-5.926467178538583,0.4266666666666667,4.666666666666667,0.9833712244235141,0.0,0.01662877557648587,99.66666666666667,73.73793411254883
taxi-M,0.25,random_mix,150,15,Ours,-3.8233333333333333,35.333333333333336,1392,4,-3.8233333333333333,-5.419133208030717,0.0,0.0,0.971062172686988,0.028937827313011952,0.0,100.0,73.73793411254883
taxi-M,0.25,random_mix,150,15,Ours w/o stitching,-3.8233333333333333,35.333333333333336,1392,4,-4.043333333333333,-5.626156346885858,0.0,0.0,0.9960734726474112,0.003926527352588846,0.0,100.0,73.73793411254883
taxi-M,0.25,random_mix,150,15,Ours w/o execution rule,-3.8233333333333333,35.333333333333336,1392,4,-3.8233333333333333,-5.419133208030717,0.0,0.0,0.971062172686988,0.028937827313011952,0.0,100.0,73.73793411254883
taxi-M,0.25,random_mix,150,15,Factored Batch RL,-3.8233333333333333,35.333333333333336,1392,4,-3.8233333333333333,-5.419133208030717,0.0,0.0,0.971062172686988,0.028937827313011952,0.0,100.0,73.73793411254883
taxi-M,0.25,random_mix,150,16,Imitation,-3.638333333333333,36.0,1364,2,-588.3788888888889,-276.4199152635659,0.11666666666666667,7.249999999999999,0.9992571078856229,0.0,0.0007428921143770849,41.16666666666667,73.94591617584229
taxi-M,0.25,random_mix,150,16,BC,-3.638333333333333,36.0,1364,2,-1345.9458333333334,-578.923232576357,0.11666666666666667,7.249999999999999,0.9993774069890513,0.0,0.0006225930109487428,6.916666666666667,73.94591617584229
taxi-M,0.25,random_mix,150,16,RECO,-3.638333333333333,36.0,1364,2,-588.4425,-277.20061077979784,0.0,0.0,0.999459015089236,0.0005409849107640086,0.0,41.11111111111111,73.94591617584229
taxi-M,0.25,random_mix,150,16,RECO-greedy,-3.638333333333333,36.0,1364,2,-3.9683333333333333,-5.54454127370836,0.0,0.0,0.9965956878713037,0.0034043121286963488,0.0,100.0,73.94591617584229
taxi-M,0.25,random_mix,150,16,In-data planning (POR-style),-3.638333333333333,36.0,1364,2,-3.925,-5.505543810312185,0.11666666666666667,7.249999999999999,0.9953192912069542,0.0,0.004680708793045804,100.0,73.94591617584229
taxi-M,0.25,random_mix,150,16,Ours,-3.638333333333333,36.0,1364,2,-3.638333333333333,-5.243045684210933,0.0,0.0,0.9707434214976662,0.029256578502333763,0.0,100.0,73.94591617584229
taxi-M,0.25,random_mix,150,16,Ours w/o stitching,-3.638333333333333,36.0,1364,2,-3.901666666666667,-5.484002642729959,0.0,0.0,0.9951810454454186,0.004818954554581353,0.0,100.0,73.94591617584229
taxi-M,0.25,random_mix,150,16,Ours w/o execution rule,-3.638333333333333,36.0,1364,2,-3.638333333333333,-5.243045684210933,0.0,0.0,0.9707434214976662,0.029256578502333763,0.0,100.0,73.94591617584229
taxi-M,0.25,random_mix,150,16,Factored Batch RL,-3.638333333333333,36.0,1364,2,-3.638333333333333,-5.243045684210933,0.0,0.0,0.9707434214976662,0.029256578502333763,0.0,100.0,73.94591617584229
taxi-M,0.25,random_mix,150,17,Imitation,-3.8233333333333333,46.666666666666664,1303,4,-527.2508333333334,-253.3513170587115,0.2733333333333333,11.527777777777779,0.9980966970730915,0.0,0.0019033029269085254,50.22222222222222,70.15536284446716
taxi-M,0.25,random_mix,150,17,BC,-3.8233333333333333,46.666666666666664,1303,4,-1130.6691666666666,-486.12624196572034,0.2425,10.75,0.9986402695163378,0.0,0.0013597304836622075,12.083333333333334,70.15536284446716
taxi-M,0.25,random_mix,150,17,RECO,-3.8233333333333333,46.666666666666664,1303,4,-527.2372222222223,-254.10244333584134,0.0,0.0,0.9983303506650544,0.0016696493349455865,0.0,50.55555555555556,70.15536284446716
taxi-M,0.25,random_mix,150,17,RECO-greedy,-3.8233333333333333,46.666666666666664,1303,4,-9.256666666666666,-7.978096349539646,0.0,0.0,0.9920963980305779,0.00790360196942213,0.0,99.75,70.15536284446716
taxi-M,0.25,random_mix,150,17,In-data planning (POR-style),-3.8233333333333333,46.666666666666664,1303,4,-5.8933333333333335,-6.513184345919016,0.2425,10.75,0.9904436635906867,0.0,0.009556336409313323,99.91666666666667,70.15536284446716
taxi-M,0.25,random_mix,150,17,Ours,-3.8233333333333333,46.666666666666664,1303,4,-3.8233333333333333,-5.419133208030717,0.0,0.0,0.9728749832147173,0.027125016785282664,0.0,100.0,70.15536284446716
taxi-M,0.25,random_mix,150,17,Ours w/o stitching,-3.8233333333333333,46.666666666666664,1303,4,-5.1325,-6.183352628573302,0.0,0.0,0.9903381642512077,0.00966183574879227,0.0,99.91666666666667,70.15536284446716
taxi-M,0.25,random_mix,150,17,Ours w/o execution rule,-3.8233333333333333,46.666666666666664,1303,4,-3.8233333333333333,-5.419133208030717,0.0,0.0,0.9728749832147173,0.027125016785282664,0.0,100.0,70.15536284446716
taxi-M,0.25,random_mix,150,17,Factored Batch RL,-3.8233333333333333,46.666666666666664,1303,4,-3.8233333333333333,-5.419133208030717,0.0,0.0,0.9728749832147173,0.027125016785282664,0.0,100.0,70.15536284446716
taxi-M,0.25,random_mix,150,18,Imitation,-3.5933333333333333,37.333333333333336,1376,4,-619.9308333333333,-288.9573722921948,0.09972222222222223,3.944444444444444,0.9993727373114717,0.0,0.0006272626885282565,41.388888888888886,70.22829389572144
taxi-M,0.25,random_mix,150,18,BC,-3.5933333333333333,37.333333333333336,1376,4,-1227.485,-528.6094092441344,0.05333333333333334,3.166666666666667,0.999721176634602,0.0,0.00027882336539802036,4.833333333333333,70.22829389572144
taxi-M,0.25,random_mix,150,18,RECO,-3.5933333333333333,37.333333333333336,1376,4,-616.7175,-289.0604812595258,0.0,0.0,0.9997130852488854,0.000286914751114655,0.0,42.138888888888886,70.22829389572144
taxi-M,0.25,random_mix,150,18,RECO-greedy,-3.5933333333333333,37.333333333333336,1376,4,-14.133333333333333,-9.940745115910559,0.0,0.0,0.9986547946960477,0.0013452053039523413,0.0,99.41666666666666,70.22829389572144
taxi-M,0.25,random_mix,150,18,In-data planning (POR-style),-3.5933333333333333,37.333333333333336,1376,4,-15.749166666666667,-10.613315985180805,0.05333333333333334,3.166666666666667,0.9979590535110657,0.0,0.0020409464889342434,99.33333333333333,70.22829389572144
taxi-M,0.25,random_mix,150,18,Ours,-3.5933333333333333,37.333333333333336,1376,4,-3.5933333333333333,-5.202244192842498,0.0,0.0,0.9772973705611276,0.022702629438872322,0.0,100.0,70.22829389572144
taxi-M,0.25,random_mix,150,18,Ours w/o stitching,-3.5933333333333333,37.333333333333336,1376,4,-13.720833333333333,-9.646941113575002,0.0,0.0,0.9979360830726564,0.0020639169273436743,0.0,99.5,70.22829389572144
taxi-M,0.25,random_mix,150,18,Ours w/o execution rule,-3.5933333333333333,37.333333333333336,1376,4,-3.5933333333333333,-5.202244192842498,0.0,0.0,0.9772973705611276,0.022702629438872322,0.0,100.0,70.22829389572144
taxi-M,0.25,random_mix,150,18,Factored Batch RL,-3.5933333333333333,37.333333333333336,1376,4,-3.5933333333333333,-5.202244192842498,0.0,0.0,0.9772973705611276,0.022702629438872322,0.0,100.0,70.22829389572144
taxi-M,0.25,random_mix,150,19,Imitation,-3.638333333333333,36.666666666666664,1361,3,-593.2469444444445,-280.97451080665707,0.13805555555555554,6.055555555555555,0.9991121178935934,0.0,0.0008878821064065071,43.97222222222222,65.27956867218018
taxi-M,0.25,random_mix,150,19,BC,-3.638333333333333,36.666666666666664,1361,3,-1209.4191666666666,-520.8647995543131,0.0875,5.25,0.9995151459179904,0.0,0.00048485408200960473,10.833333333333334,65.27956867218018
taxi-M,0.25,random_mix,150,19,RECO,-3.638333333333333,36.666666666666664,1361,3,-599.0333333333333,-282.58457712241466,0.0,0.0,0.9972166828404765,0.0027833171595235302,0.0,42.66666666666667,65.27956867218018
taxi-M,0.25,random_mix,150,19,RECO-greedy,-3.638333333333333,36.666666666666664,1361,3,-11.484166666666667,-8.853842507517168,0.0,0.0,0.9977876106194691,0.0022123893805309734,0.0,99.33333333333333,65.27956867218018
taxi-M,0.25,random_mix,150,19,In-data planning (POR-style),-3.638333333333333,36.666666666666664,1361,3,-11.409166666666666,-8.78783499172522,0.0875,5.25,0.9966719492868463,0.0,0.0033280507131537244,99.33333333333333,65.27956867218018
taxi-M,0.25,random_mix,150,19,Ours,-3.638333333333333,36.666666666666664,1361,3,-3.638333333333333,-5.243045684210933,0.0,0.0,0.9729418927146046,0.027058107285395386,0.0,100.0,65.27956867218018
taxi-M,0.25,random_mix,150,19,Ours w/o stitching,-3.638333333333333,36.666666666666664,1361,3,-12.3525,-9.015251045934782,0.0,0.0,0.9966210831659813,0.0033789168340186797,0.0,99.41666666666666,65.27956867218018
taxi-M,0.25,random_mix,150,19,Ours w/o execution rule,-3.638333333333333,36.666666666666664,1361,3,-3.638333333333333,-5.243045684210933,0.0,0.0,0.9729418927146046,0.027058107285395386,0.0,100.0,65.27956867218018
taxi-M,0.25,random_mix,150,19,Factored Batch RL,-3.638333333333333,36.666666666666664,1361,3,-3.638333333333333,-5.243045684210933,0.0,0.0,0.9729418927146046,0.027058107285395386,0.0,100.0,65.27956867218018
taxi-M,0.25,random_mix,150,20,Imitation,-3.8233333333333333,40.0,1317,3,-519.1477777777778,-253.37883975203434,0.305,11.833333333333334,0.9978945349952061,0.0,0.002105465004793864,53.19444444444444,78.20043015480042
taxi-M,0.25,random_mix,150,20,BC,-3.8233333333333333,40.0,1317,3,-1168.5316666666668,-503.0455485606758,0.18916666666666668,8.75,0.9989443628043676,0.0,0.0010556371956323592,11.666666666666666,78.20043015480042
taxi-M,0.25,random_mix,150,20,RECO,-3.8233333333333333,40.0,1317,3,-517.7527777777777,-252.5916219006032,0.0,0.0,0.9894702817811918,0.010529718218808229,0.0,51.30555555555556,78.20043015480042
taxi-M,0.25,random_mix,150,20,RECO-greedy,-3.8233333333333333,40.0,1317,3,-5.240833333333334,-6.231517646293624,0.0,0.0,0.9761821254344291,0.023817874565570895,0.0,99.5,78.20043015480042
taxi-M,0.25,random_mix,150,20,In-data planning (POR-style),-3.8233333333333333,40.0,1317,3,-4.2316666666666665,-5.797990853317657,0.18916666666666668,8.75,0.9925028073188453,0.0,0.007497192681154633,100.0,78.20043015480042
taxi-M,0.25,random_mix,150,20,Ours,-3.8233333333333333,40.0,1317,3,-3.8233333333333333,-5.419133208030716,0.0,0.0,0.9769705921847724,0.02302940781522761,0.0,100.0,78.20043015480042
taxi-M,0.25,random_mix,150,20,Ours w/o stitching,-3.8233333333333333,40.0,1317,3,-4.12,-5.694687173227172,0.0,0.0,0.9894838110403397,0.010516188959660297,0.0,100.0,78.20043015480042
taxi-M,0.25,random_mix,150,20,Ours w/o execution rule,-3.8233333333333333,40.0,1317,3,-3.8233333333333333,-5.419133208030716,0.0,0.0,0.9769705921847724,0.02302940781522761,0.0,100.0,78.20043015480042
taxi-M,0.25,random_mix,150,20,Factored Batch RL,-3.8233333333333333,40.0,1317,3,-3.8233333333333333,-5.419133208030716,0.0,0.0,0.9769705921847724,0.02302940781522761,0.0,100.0,78.20043015480042
taxi-M,0.25,random_mix,150,21,Imitation,-3.8233333333333333,42.666666666666664,1351,4,-567.6711111111111,-270.37549788778637,0.13,6.5,0.9991449821597239,0.0,0.0008550178402760904,45.75,83.70140957832336
taxi-M,0.25,random_mix,150,21,BC,-3.8233333333333333,42.666666666666664,1351,4,-1282.7066666666667,-549.7091795063269,0.13,6.5,0.9993129478500993,0.0,0.0006870521499006858,6.0,83.70140957832336
taxi-M,0.25,random_mix,150,21,RECO,-3.8233333333333333,42.666666666666664,1351,4,-577.1852777777777,-273.5244052538835,0.0,0.0,0.9994255904857554,0.0005744095142446334,0.0,44.19444444444444,83.70140957832336
taxi-M,0.25,random_mix,150,21,RECO-greedy,-3.8233333333333333,42.666666666666664,1351,4,-4.23,-5.774809857068993,0.0,0.0,0.9964988769982824,0.003501123001717532,0.0,100.0,83.70140957832336
taxi-M,0.25,random_mix,150,21,In-data planning (POR-style),-3.8233333333333333,42.666666666666664,1351,4,-4.183333333333334,-5.732545274216756,0.13,6.5,0.9948378557246856,0.0,0.005162144275314361,100.0,83.70140957832336
taxi-M,0.25,random_mix,150,21,Ours,-3.8233333333333333,42.666666666666664,1351,4,-3.8233333333333333,-5.419133208030716,0.0,0.0,0.971901436820196,0.02809856317980395,0.0,100.0,83.70140957832336
taxi-M,0.25,random_mix,150,21,Ours w/o stitching,-3.8233333333333333,42.666666666666664,1351,4,-4.176666666666667,-5.726429051542508,0.0,0.0,0.9948364888123924,0.0051635111876075735,0.0,100.0,83.70140957832336
taxi-M,0.25,random_mix,150,21,Ours w/o execution rule,-3.8233333333333333,42.666666666666664,1351,4,-3.8233333333333333,-5.419133208030716,0.0,0.0,0.971901436820196,0.02809856317980395,0.0,100.0,83.70140957832336
taxi-M,0.25,random_mix,150,21,Factored Batch RL,-3.8233333333333333,42.666666666666664,1351,4,-3.8233333333333333,-5.419133208030716,0.0,0.0,0.971901436820196,0.02809856317980395,0.0,100.0,83.70140957832336
taxi-M,0.25,random_mix,150,22,Imitation,-4.053333333333334,38.0,1410,4,-590.4188888888889,-277.77464280327416,0.09083333333333334,4.583333333333333,0.9994174290269996,0.0,0.0005825709730004187,41.22222222222222,78.52883672714233
taxi-M,0.25,random_mix,150,22,BC,-4.053333333333334,38.0,1410,4,-1177.1833333333334,-507.1495672622458,0.09083333333333334,4.583333333333333,0.9994980566965683,0.0,0.0005019433034316344,10.666666666666668,78.52883672714233
taxi-M,0.25,random_mix,150,22,RECO,-4.053333333333334,38.0,1410,4,-593.7530555555555,-278.81648363648344,0.0,0.0,0.9996328237802476,0.00036717621975230683,0.0,40.75,78.52883672714233
taxi-M,0.25,random_mix,150,22,RECO-greedy,-4.053333333333334,38.0,1410,4,-6.264166666666667,-6.873173742750205,0.0,0.0,0.9977667011910927,0.002233298808907302,0.0,99.91666666666667,78.52883672714233
taxi-M,0.25,random_mix,150,22,In-data planning (POR-style),-4.053333333333334,38.0,1410,4,-6.229166666666667,-6.841025182909237,0.09083333333333334,4.583333333333333,0.9964672327737084,0.0,0.0035327672262915667,99.91666666666667,78.52883672714233
taxi-M,0.25,random_mix,150,22,Ours,-4.053333333333334,38.0,1410,4,-4.053333333333334,-5.636022223218934,0.0,0.0,0.9760510910058542,0.023948908994145823,0.0,100.0,78.52883672714233
taxi-M,0.25,random_mix,150,22,Ours w/o stitching,-4.053333333333334,38.0,1410,4,-6.225833333333333,-6.837907216818338,0.0,0.0,0.9964019448946515,0.00359805510534846,0.0,99.91666666666667,78.52883672714233
taxi-M,0.25,random_mix,150,22,Ours w/o execution rule,-4.053333333333334,38.0,1410,4,-4.053333333333334,-5.636022223218934,0.0,0.0,0.9760510910058542,0.023948908994145823,0.0,100.0,78.52883672714233
taxi-M,0.25,random_mix,150,22,Factored Batch RL,-4.053333333333334,38.0,1410,4,-4.053333333333334,-5.636022223218934,0.0,0.0,0.9760510910058542,0.023948908994145823,0.0,100.0,78.52883672714233
taxi-M,0.25,random_mix,150,23,Imitation,-4.053333333333334,47.333333333333336,1328,4,-518.055,-251.6029682941672,0.15166666666666667,7.833333333333334,0.9989143078712679,0.0,0.0010856921287320668,54.44444444444444,85.52588677406311
taxi-M,0.25,random_mix,150,23,BC,-4.053333333333334,47.333333333333336,1328,4,-1083.3675,-466.3871879048632,0.15166666666666667,7.833333333333334,0.9991470535856555,0.0,0.0008529464143444966,12.416666666666666,85.52588677406311
taxi-M,0.25,random_mix,150,23,RECO,-4.053333333333334,47.333333333333336,1328,4,-527.4538888888889,-255.817616390744,0.0,0.0,0.9992690478407198,0.0007309521592802201,0.0,54.13888888888889,85.52588677406311
taxi-M,0.25,random_mix,150,23,RECO-greedy,-4.053333333333334,47.333333333333336,1328,4,-25.933333333333334,-15.181295529977454,0.0,0.0,0.9962520567980986,0.0037479432019013954,0.0,98.91666666666666,85.52588677406311
taxi-M,0.25,random_mix,150,23,In-data planning (POR-style),-4.053333333333334,47.333333333333336,1328,4,-14.331666666666667,-10.208602011806365,0.15166666666666667,7.833333333333334,0.9942253387060951,0.0,0.0057746612939048765,99.5,85.52588677406311
taxi-M,0.25,random_mix,150,23,Ours,-4.053333333333334,47.333333333333336,1328,4,-4.053333333333334,-5.636022223218934,0.0,0.0,0.9750532197977647,0.02494678020223523,0.0,100.0,85.52588677406311
taxi-M,0.25,random_mix,150,23,Ours w/o stitching,-4.053333333333334,47.333333333333336,1328,4,-9.356666666666667,-8.073207395192018,0.0,0.0,0.9940307176045431,0.005969282395456892,0.0,99.75,85.52588677406311
taxi-M,0.25,random_mix,150,23,Ours w/o execution rule,-4.053333333333334,47.333333333333336,1328,4,-4.053333333333334,-5.636022223218934,0.0,0.0,0.9750532197977647,0.02494678020223523,0.0,100.0,85.52588677406311
taxi-M,0.25,random_mix,150,23,Factored Batch RL,-4.053333333333334,47.333333333333336,1328,4,-4.053333333333334,-5.636022223218934,0.0,0.0,0.9750532197977647,0.02494678020223523,0.0,100.0,85.52588677406311
taxi-M,0.25,random_mix,150,24,Imitation,-4.053333333333334,38.666666666666664,1355,4,-566.5180555555555,-269.2920235097423,0.18944444444444444,6.888888888888889,0.9987575150300602,0.0,0.0012424849699398798,45.13888888888889,84.29875373840332
taxi-M,0.25,random_mix,150,24,BC,-4.053333333333334,38.666666666666664,1355,4,-1269.7066666666667,-546.0740111810517,0.11416666666666667,6.583333333333333,0.9993822122213755,0.0,0.0006177877786245428,8.416666666666666,84.29875373840332
taxi-M,0.25,random_mix,150,24,RECO,-4.053333333333334,38.666666666666664,1355,4,-573.8116666666666,-271.2725172061371,0.0,0.0,0.9994346762031192,0.0005653237968807853,0.0,44.638888888888886,84.29875373840332
taxi-M,0.25,random_mix,150,24,RECO-greedy,-4.053333333333334,38.666666666666664,1355,4,-5.161666666666667,-6.242776846739247,0.0,0.0,0.9968359487359775,0.0031640512640225,0.0,99.58333333333333,84.29875373840332
taxi-M,0.25,random_mix,150,24,In-data planning (POR-style),-4.053333333333334,38.666666666666664,1355,4,-4.600833333333333,-5.9777221598050945,0.11416666666666667,6.583333333333333,0.9955344046416116,0.0,0.0044655953583884744,99.83333333333333,84.29875373840332
taxi-M,0.25,random_mix,150,24,Ours,-4.053333333333334,38.666666666666664,1355,4,-4.053333333333334,-5.636022223218934,0.0,0.0,0.9697645023948909,0.030235497605109102,0.0,100.0,84.29875373840332
taxi-M,0.25,random_mix,150,24,Ours w/o stitching,-4.053333333333334,38.666666666666664,1355,4,-5.609166666666667,-6.397392289088469,0.0,0.0,0.9946161125069338,0.0053838874930662054,0.0,99.83333333333333,84.29875373840332
taxi-M,0.25,random_mix,150,24,Ours w/o execution rule,-4.053333333333334,38.666666666666664,1355,4,-4.053333333333334,-5.636022223218934,0.0,0.0,0.9697645023948909,0.030235497605109102,0.0,100.0,84.29875373840332
taxi-M,0.25,random_mix,150,24,Factored Batch RL,-4.053333333333334,38.666666666666664,1355,4,-4.053333333333334,-5.636022223218934,0.0,0.0,0.9697645023948909,0.030235497605109102,0.0,100.0,84.29875373840332
taxi-M,0.25,random_mix,150,25,Imitation,-3.638333333333333,42.666666666666664,1372,4,-545.1983333333334,-260.6616869548904,0.12083333333333333,7.333333333333333,0.9991862390212419,0.0,0.0008137609787580324,49.138888888888886,92.76707816123962
taxi-M,0.25,random_mix,150,25,BC,-3.638333333333333,42.666666666666664,1372,4,-1108.4116666666666,-476.9405287212498,0.11333333333333333,6.666666666666667,0.9993766014695704,0.0,0.0006233985304296408,10.166666666666666,92.76707816123962
taxi-M,0.25,random_mix,150,25,RECO,-3.638333333333333,42.666666666666664,1372,4,-544.0880555555556,-260.38828555731385,0.0,0.0,0.9994180726791672,0.0005819273208328109,0.0,48.91666666666667,92.76707816123962
taxi-M,0.25,random_mix,150,25,RECO-greedy,-3.638333333333333,42.666666666666664,1372,4,-3.985,-5.567075531603466,0.0,0.0,0.9968647855379894,0.0031352144620105395,0.0,100.0,92.76707816123962
taxi-M,0.25,random_mix,150,25,In-data planning (POR-style),-3.638333333333333,42.666666666666664,1372,4,-3.925,-5.510156796269215,0.11333333333333333,6.666666666666667,0.9954530257438984,0.0,0.004546974256101639,100.0,92.76707816123962
taxi-M,0.25,random_mix,150,25,Ours,-3.638333333333333,42.666666666666664,1372,4,-3.638333333333333,-5.243045684210933,0.0,0.0,0.9719272136914023,0.028072786308597712,0.0,100.0,92.76707816123962
taxi-M,0.25,random_mix,150,25,Ours w/o stitching,-3.638333333333333,42.666666666666664,1372,4,-3.9166666666666665,-5.502691639073723,0.0,0.0,0.9954180602006689,0.004581939799331104,0.0,100.0,92.76707816123962
taxi-M,0.25,random_mix,150,25,Ours w/o execution rule,-3.638333333333333,42.666666666666664,1372,4,-3.638333333333333,-5.243045684210933,0.0,0.0,0.9719272136914023,0.028072786308597712,0.0,100.0,92.76707816123962
taxi-M,0.25,random_mix,150,25,Factored Batch RL,-3.638333333333333,42.666666666666664,1372,4,-3.638333333333333,-5.243045684210933,0.0,0.0,0.9719272136914023,0.028072786308597712,0.0,100.0,92.76707816123962
taxi-M,0.25,random_mix,150,26,Imitation,-3.5933333333333333,48.0,1391,4,-549.8505555555555,-264.9315268550264,0.10972222222222222,5.638888888888889,0.9992482276252558,0.0,0.0007517723747442547,51.361111111111114,73.71591424942017
taxi-M,0.25,random_mix,150,26,BC,-3.5933333333333333,48.0,1391,4,-1225.1541666666667,-527.213631189162,0.49333333333333335,4.916666666666666,0.9973242816916686,0.0,0.002675718308331337,8.583333333333334,73.71591424942017
taxi-M,0.25,random_mix,150,26,RECO,-3.5933333333333333,48.0,1391,4,-552.4738888888888,-266.0352316552087,0.0,0.0,0.9995460907062073,0.0004539092937927904,0.0,51.027777777777786,73.71591424942017
taxi-M,0.25,random_mix,150,26,RECO-greedy,-3.5933333333333333,48.0,1391,4,-11.054166666666667,-8.571758256206932,0.0,0.0,0.9980729701952723,0.0019270298047276465,0.0,99.41666666666666,73.71591424942017
taxi-M,0.25,random_mix,150,26,In-data planning (POR-style),-3.5933333333333333,48.0,1391,4,-9.379166666666666,-7.844402098327262,0.08,4.75,0.9968970198461439,0.0,0.0031029801538560993,99.5,73.71591424942017
taxi-M,0.25,random_mix,150,26,Ours,-3.5933333333333333,48.0,1391,4,-3.5933333333333333,-5.202244192842498,0.0,0.0,0.9747899159663865,0.025210084033613446,0.0,100.0,73.71591424942017
taxi-M,0.25,random_mix,150,26,Ours w/o stitching,-3.5933333333333333,48.0,1391,4,-8.911666666666667,-7.627988183615925,0.0,0.0,0.9966047985513807,0.0033952014486192846,0.0,99.5,73.71591424942017
taxi-M,0.25,random_mix,150,26,Ours w/o execution rule,-3.5933333333333333,48.0,1391,4,-3.5933333333333333,-5.202244192842498,0.0,0.0,0.9747899159663865,0.025210084033613446,0.0,100.0,73.71591424942017
taxi-M,0.25,random_mix,150,26,Factored Batch RL,-3.5933333333333333,48.0,1391,4,-3.5933333333333333,-5.202244192842498,0.0,0.0,0.9747899159663865,0.025210084033613446,0.0,100.0,73.71591424942017
taxi-M,0.25,random_mix,150,27,Imitation,-4.053333333333334,37.333333333333336,1374,4,-603.5416666666666,-282.0067004062766,0.05,3.5000000000000004,0.9996825262444972,0.0,0.00031747375550287844,39.97222222222222,75.23302292823792
taxi-M,0.25,random_mix,150,27,BC,-4.053333333333334,37.333333333333336,1374,4,-1219.3008333333332,-525.4062882598856,0.05,3.5000000000000004,0.999727391683629,0.0,0.00027260831637103807,9.166666666666666,75.23302292823792
taxi-M,0.25,random_mix,150,27,RECO,-4.053333333333334,37.333333333333336,1374,4,-606.4530555555556,-282.6624828658315,0.0,0.0,0.9997570157305903,0.00024298426940968907,0.0,39.25,75.23302292823792
taxi-M,0.25,random_mix,150,27,RECO-greedy,-4.053333333333334,37.333333333333336,1374,4,-5.965833333333333,-6.5871603292857115,0.0,0.0,0.9984936800052394,0.0015063199947606262,0.0,99.91666666666667,75.23302292823792
taxi-M,0.25,random_mix,150,27,In-data planning (POR-style),-4.053333333333334,37.333333333333336,1374,4,-5.914166666666667,-6.538402882813495,0.05,3.5000000000000004,0.9980312376952356,0.0,0.001968762304764405,99.91666666666667,75.23302292823792
taxi-M,0.25,random_mix,150,27,Ours,-4.053333333333334,37.333333333333336,1374,4,-4.053333333333334,-5.636022223218934,0.0,0.0,0.9749866950505588,0.025013304949441192,0.0,100.0,75.23302292823792
taxi-M,0.25,random_mix,150,27,Ours w/o stitching,-4.053333333333334,37.333333333333336,1374,4,-5.9075,-6.532254468874341,0.0,0.0,0.9978994354732834,0.002100564526716555,0.0,99.91666666666667,75.23302292823792
taxi-M,0.25,random_mix,150,27,Ours w/o execution rule,-4.053333333333334,37.333333333333336,1374,4,-4.053333333333334,-5.636022223218934,0.0,0.0,0.9749866950505588,0.025013304949441192,0.0,100.0,75.23302292823792
taxi-M,0.25,random_mix,150,27,Factored Batch RL,-4.053333333333334,37.333333333333336,1374,4,-4.053333333333334,-5.636022223218934,0.0,0.0,0.9749866950505588,0.025013304949441192,0.0,100.0,75.23302292823792
taxi-M,0.25,random_mix,150,28,Imitation,-3.638333333333333,36.666666666666664,1410,3,-602.7702777777778,-281.0686924612074,0.07833333333333334,4.583333333333333,0.9995080216889162,0.0,0.0004919783110838178,38.19444444444444,80.46195816993713
taxi-M,0.25,random_mix,150,28,BC,-3.638333333333333,36.666666666666664,1410,3,-1238.0266666666666,-533.141846634511,0.07833333333333334,4.583333333333333,0.9995819416586242,0.0,0.00041805834137576773,7.000000000000001,80.46195816993713
taxi-M,0.25,random_mix,150,28,RECO,-3.638333333333333,36.666666666666664,1410,3,-603.0002777777778,-280.787782041445,0.0,0.0,0.9995970787336063,0.00040292126639375004,0.0,38.361111111111114,80.46195816993713
taxi-M,0.25,random_mix,150,28,RECO-greedy,-3.638333333333333,36.666666666666664,1410,3,-3.9766666666666666,-5.5606318723389645,0.0,0.0,0.9974309355398372,0.0025690644601628187,0.0,100.0,80.46195816993713
taxi-M,0.25,random_mix,150,28,In-data planning (POR-style),-3.638333333333333,36.666666666666664,1410,3,-3.9283333333333332,-5.514844154118798,0.07833333333333334,4.583333333333333,0.9968576586213813,0.0,0.003142341378618707,100.0,80.46195816993713
taxi-M,0.25,random_mix,150,28,Ours,-3.638333333333333,36.666666666666664,1410,3,-3.638333333333333,-5.243045684210934,0.0,0.0,0.9731110058851383,0.026888994114861665,0.0,100.0,80.46195816993713
taxi-M,0.25,random_mix,150,28,Ours w/o stitching,-3.638333333333333,36.666666666666664,1410,3,-3.9166666666666665,-5.504368958769436,0.0,0.0,0.9967224080267558,0.003277591973244147,0.0,100.0,80.46195816993713
taxi-M,0.25,random_mix,150,28,Ours w/o execution rule,-3.638333333333333,36.666666666666664,1410,3,-3.638333333333333,-5.243045684210934,0.0,0.0,0.9731110058851383,0.026888994114861665,0.0,100.0,80.46195816993713
taxi-M,0.25,random_mix,150,28,Factored Batch RL,-3.638333333333333,36.666666666666664,1410,3,-3.638333333333333,-5.243045684210934,0.0,0.0,0.9731110058851383,0.026888994114861665,0.0,100.0,80.46195816993713
taxi-M,0.25,random_mix,150,29,Imitation,-3.8233333333333333,44.666666666666664,1369,4,-518.2463888888889,-251.23083819564286,0.18166666666666667,7.75,0.9987214951078617,0.0,0.001278504892138368,52.22222222222223,82.29924011230469
taxi-M,0.25,random_mix,150,29,BC,-3.8233333333333333,44.666666666666664,1369,4,-1098.7166666666667,-473.2901188622813,0.18166666666666667,7.75,0.9989375389893949,0.0,0.0010624610106051153,16.166666666666664,82.29924011230469
taxi-M,0.25,random_mix,150,29,RECO,-3.8233333333333333,44.666666666666664,1369,4,-524.1638888888889,-253.10202045696167,0.0,0.0,0.9993560576028713,0.0006439423971287518,0.0,51.0,82.29924011230469
taxi-M,0.25,random_mix,150,29,RECO-greedy,-3.8233333333333333,44.666666666666664,1369,4,-4.195,-5.772254118677821,0.0,0.0,0.9963286366342529,0.003671363365747172,0.0,100.0,82.29924011230469
taxi-M,0.25,random_mix,150,29,In-data planning (POR-style),-3.8233333333333333,44.666666666666664,1369,4,-4.1033333333333335,-5.686201264168281,0.18166666666666667,7.75,0.9927632452529545,0.0,0.007236754747045545,100.0,82.29924011230469
taxi-M,0.25,random_mix,150,29,Ours,-3.8233333333333333,44.666666666666664,1369,4,-3.8233333333333333,-5.419133208030717,0.0,0.0,0.9740835235665368,0.02591647643346314,0.0,100.0,82.29924011230469
taxi-M,0.25,random_mix,150,29,Ours w/o stitching,-3.8233333333333333,44.666666666666664,1369,4,-4.1,-5.682978384489279,0.0,0.0,0.9927622841965471,0.007237715803452855,0.0,100.0,82.29924011230469
taxi-M,0.25,random_mix,150,29,Ours w/o execution rule,-3.8233333333333333,44.666666666666664,1369,4,-3.8233333333333333,-5.419133208030717,0.0,0.0,0.9740835235665368,0.02591647643346314,0.0,100.0,82.29924011230469
taxi-M,0.25,random_mix,150,29,Factored Batch RL,-3.8233333333333333,44.666666666666664,1369,4,-3.8233333333333333,-5.419133208030717,0.0,0.0,0.9740835235665368,0.02591647643346314,0.0,100.0,82.29924011230469
taxi-M,0.5,drivers,50,0,Imitation,-5.633333333333334,100.0,539,0,-14.96111111111111,-15.152426037382417,2.180833333333333,66.66666666666666,0.9261888197356298,0.0,0.0738111802643702,100.0,13.840907096862793
taxi-M,0.5,drivers,50,0,BC,-5.633333333333334,100.0,539,0,-129.85583333333332,-58.742689091610714,2.180833333333333,66.66666666666666,0.9637348779845627,0.0,0.03626512201543727,80.5,13.840907096862793
taxi-M,0.5,drivers,50,0,RECO,-5.633333333333334,100.0,539,0,-16.820555555555554,-16.697839423372308,0.01,1.0,0.9294843149521852,0.07019394047725444,0.0003217445705603718,100.0,13.840907096862793
taxi-M,0.5,drivers,50,0,RECO-greedy,-5.633333333333334,100.0,539,0,-7.025,-8.271752432016529,0.01,1.0,0.9217960154623848,0.07784716027356527,0.0003568242640499554,100.0,13.840907096862793
taxi-M,0.5,drivers,50,0,In-data planning (POR-style),-5.633333333333334,100.0,539,0,-5.636666666666667,-7.024835200432648,2.180833333333333,66.66666666666666,0.9181266424727819,0.0,0.08187335752721812,100.0,13.840907096862793
taxi-M,0.5,drivers,50,0,Ours,-5.633333333333334,100.0,539,0,-8.653333333333334,-9.532963784992269,0.01,1.0,0.8407711330935251,0.1588916366906475,0.00033723021582733815,100.0,13.840907096862793
taxi-M,0.5,drivers,50,0,Ours w/o stitching,-5.633333333333334,100.0,539,0,-6.6883333333333335,-7.960273987260901,0.01,1.0,0.8918918918918919,0.10774694516342623,0.00036116294468187564,100.0,13.840907096862793
taxi-M,0.5,drivers,50,0,Ours w/o execution rule,-5.633333333333334,100.0,539,0,-53.58083333333333,-25.859517630542953,0.01,1.0,0.23655668042999362,0.7632988648264737,0.00014445474353264075,74.5,13.840907096862793
taxi-M,0.5,drivers,50,0,Factored Batch RL,-5.633333333333334,100.0,539,0,-6.388333333333334,-7.720576429383274,0.2075,12.0,0.9134059514391772,0.07901782997626727,0.007576218584555467,100.0,13.840907096862793
taxi-M,0.5,drivers,50,1,Imitation,-5.133333333333334,100.0,513,0,-12.965833333333334,-13.3490908535671,2.4858333333333333,71.5,0.91365886132739,0.0,0.08634113867260991,100.0,15.599548101425171
taxi-M,0.5,drivers,50,1,BC,-5.133333333333334,100.0,513,0,-40.568333333333335,-21.52367272006482,2.4858333333333333,71.5,0.9207028550162156,0.0,0.07929714498378436,96.91666666666666,15.599548101425171
taxi-M,0.5,drivers,50,1,RECO,-5.133333333333334,100.0,513,0,-15.001944444444444,-15.014603672923725,0.0,0.0,0.8996847982708934,0.10031520172910663,0.0,100.0,15.599548101425171
taxi-M,0.5,drivers,50,1,RECO-greedy,-5.133333333333334,100.0,513,0,-7.161666666666667,-8.434250378967945,0.0,0.0,0.8901284251642303,0.10987157483576966,0.0,100.0,15.599548101425171
taxi-M,0.5,drivers,50,1,In-data planning (POR-style),-5.133333333333334,100.0,513,0,-5.163333333333333,-6.650046696308926,2.4858333333333333,71.5,0.9049878965473309,0.0,0.09501210345266912,100.0,15.599548101425171
taxi-M,0.5,drivers,50,1,Ours,-5.133333333333334,100.0,513,0,-10.693333333333333,-11.397960088136841,0.0,0.0,0.7610170382835507,0.2389829617164493,0.0,100.0,15.599548101425171
taxi-M,0.5,drivers,50,1,Ours w/o stitching,-5.133333333333334,100.0,513,0,-7.759166666666666,-8.910118093825119,0.0,0.0,0.8334444090290053,0.16655559097099476,0.0,100.0,15.599548101425171
taxi-M,0.5,drivers,50,1,Ours w/o execution rule,-5.133333333333334,100.0,513,0,-105.0,-46.828051859745486,0.0,0.0,0.08817054802456262,0.9118294519754374,0.0,48.0,15.599548101425171
taxi-M,0.5,drivers,50,1,Factored Batch RL,-5.133333333333334,100.0,513,0,-5.808333333333334,-7.255843741583785,0.6425,32.25,0.9081442337581598,0.06788933789244637,0.023966428349393845,100.0,15.599548101425171
taxi-M,0.5,drivers,50,2,Imitation,-5.633333333333334,100.0,437,0,-17.470555555555556,-17.112095811446764,3.660833333333333,77.5,0.8808828713202397,0.0,0.1191171286797603,100.0,16.30269432067871
taxi-M,0.5,drivers,50,2,BC,-5.633333333333334,100.0,437,0,-16.843333333333334,-12.58366252779789,3.660833333333333,77.5,0.8785020881157176,0.0,0.12149791188428244,98.91666666666666,16.30269432067871
taxi-M,0.5,drivers,50,2,RECO,-5.633333333333334,100.0,437,0,-19.30361111111111,-18.642410219907518,0.07,7.000000000000001,0.8650999450473966,0.13273629619453223,0.0021637587580711636,100.0,16.30269432067871
taxi-M,0.5,drivers,50,2,RECO-greedy,-5.633333333333334,100.0,437,0,-8.866666666666667,-9.91648465441001,0.07,7.000000000000001,0.8538783482142858,0.14377790178571428,0.00234375,100.0,16.30269432067871
taxi-M,0.5,drivers,50,2,In-data planning (POR-style),-5.633333333333334,100.0,437,0,-7.3,-8.531173941181024,3.660833333333333,77.5,0.8706419316843345,0.0,0.1293580683156655,100.0,16.30269432067871
taxi-M,0.5,drivers,50,2,Ours,-5.633333333333334,100.0,437,0,-9.088333333333333,-9.979675769466382,0.07,7.000000000000001,0.725751952584058,0.27192156428294467,0.0023264831329972858,100.0,16.30269432067871
taxi-M,0.5,drivers,50,2,Ours w/o stitching,-5.633333333333334,100.0,437,0,-9.659166666666666,-10.49148890750521,0.07,7.000000000000001,0.8105514935717975,0.18716533934929738,0.002283167078905167,100.0,16.30269432067871
taxi-M,0.5,drivers,50,2,Ours w/o execution rule,-5.633333333333334,100.0,437,0,-102.58666666666667,-45.85119018032021,0.07,7.000000000000001,0.08482455816699258,0.9145555842526658,0.0006198575803416596,49.25,16.30269432067871
taxi-M,0.5,drivers,50,2,Factored Batch RL,-5.633333333333334,100.0,437,0,-7.395,-8.63673919304315,0.7375,31.75,0.8019017432646592,0.17212537418559606,0.025972882549744673,100.0,16.30269432067871
taxi-M,0.5,drivers,50,3,Imitation,-5.633333333333334,100.0,440,1,-13.815277777777778,-14.041405606958188,4.570833333333334,77.33333333333333,0.8447817228238312,0.0,0.15521827717616873,100.0,15.70201301574707
taxi-M,0.5,drivers,50,3,BC,-5.633333333333334,100.0,440,1,-132.35916666666665,-57.96690086722359,4.570833333333334,77.33333333333333,0.881228210736017,0.0,0.11877178926398302,92.83333333333333,15.70201301574707
taxi-M,0.5,drivers,50,3,RECO,-5.633333333333334,100.0,440,1,-18.575277777777778,-17.88690662398957,0.07,7.000000000000001,0.7831035748856771,0.21479355118662172,0.002102873927701192,100.0,15.70201301574707
taxi-M,0.5,drivers,50,3,RECO-greedy,-5.633333333333334,100.0,440,1,-9.128333333333334,-10.031374889264368,0.07,7.000000000000001,0.7603584665597167,0.23731813907174862,0.002323394368534602,100.0,15.70201301574707
taxi-M,0.5,drivers,50,3,In-data planning (POR-style),-5.633333333333334,100.0,440,1,-5.64,-7.0469196365137545,4.570833333333334,77.33333333333333,0.8284221721721722,0.0,0.17157782782782782,100.0,15.70201301574707
taxi-M,0.5,drivers,50,3,Ours,-5.633333333333334,100.0,440,1,-12.323333333333334,-12.473047434223393,0.07,7.000000000000001,0.6601230369110733,0.33777633289986997,0.002100630189056717,100.0,15.70201301574707
taxi-M,0.5,drivers,50,3,Ours w/o stitching,-5.633333333333334,100.0,440,1,-9.336666666666666,-10.154211781787488,0.07,7.000000000000001,0.7326942094275354,0.2649983518294693,0.0023074387429952753,100.0,15.70201301574707
taxi-M,0.5,drivers,50,3,Ours w/o execution rule,-5.633333333333334,100.0,440,1,-93.1425,-41.88050901496347,0.07,7.000000000000001,0.10501758667719474,0.8943124446677674,0.000669968655037925,54.0,15.70201301574707
taxi-M,0.5,drivers,50,3,Factored Batch RL,-5.633333333333334,100.0,440,1,-6.293333333333333,-7.664729599510522,2.0975,41.0,0.800256472887152,0.12289325842696629,0.07685026868588178,100.0,15.70201301574707
taxi-M,0.5,drivers,50,4,Imitation,-5.133333333333334,100.0,454,0,-16.74277777777778,-16.434947292729394,4.17,77.91666666666667,0.8605946919748156,0.0,0.13940530802518433,100.0,18.076801776885986
taxi-M,0.5,drivers,50,4,BC,-5.133333333333334,100.0,454,0,-25.046666666666667,-15.002960605588335,4.17,77.91666666666667,0.8989560406275872,0.0,0.10104395937241281,91.5,18.076801776885986
taxi-M,0.5,drivers,50,4,RECO,-5.133333333333334,100.0,454,0,-18.30388888888889,-17.703382148266833,0.325,16.25,0.8504841112214498,0.13914207689033906,0.010373811888211093,100.0,18.076801776885986
taxi-M,0.5,drivers,50,4,RECO-greedy,-5.133333333333334,100.0,454,0,-6.5441666666666665,-7.851028071181769,0.325,16.25,0.8299397936647203,0.15826097479805162,0.011799231537228089,100.0,18.076801776885986
taxi-M,0.5,drivers,50,4,In-data planning (POR-style),-5.133333333333334,100.0,454,0,-5.14,-6.599238659000298,4.17,77.91666666666667,0.8404743687834736,0.0,0.1595256312165264,100.0,18.076801776885986
taxi-M,0.5,drivers,50,4,Ours,-5.133333333333334,100.0,454,0,-7.4383333333333335,-8.516810426759923,0.325,15.75,0.7648713590810525,0.22370040438375433,0.011428236535193108,100.0,18.076801776885986
taxi-M,0.5,drivers,50,4,Ours w/o stitching,-5.133333333333334,100.0,454,0,-7.065,-8.210883946961888,0.31833333333333336,15.416666666666668,0.783152206188016,0.2055050774986638,0.011342716313320268,100.0,18.076801776885986
taxi-M,0.5,drivers,50,4,Ours w/o execution rule,-5.133333333333334,100.0,454,0,-50.314166666666665,-24.58994057921238,0.06,6.0,0.2401748919489396,0.7589204945220626,0.0009046135289978892,76.25,18.076801776885986
taxi-M,0.5,drivers,50,4,Factored Batch RL,-5.133333333333334,100.0,454,0,-6.493333333333333,-7.855972569359613,0.4,26.0,0.8170162463627546,0.1684347720659554,0.014548981571290009,100.0,18.076801776885986
taxi-M,0.5,drivers,50,5,Imitation,-3.953333333333333,100.0,557,0,-15.75,-15.742734332580492,2.6816666666666666,69.16666666666667,0.9099885317893206,0.0,0.09001146821067942,100.0,26.5806941986084
taxi-M,0.5,drivers,50,5,BC,-3.953333333333333,100.0,557,0,-98.76416666666667,-46.50261623968299,2.6816666666666666,69.16666666666667,0.9407519239974961,0.0,0.05924807600250396,89.58333333333334,26.5806941986084
taxi-M,0.5,drivers,50,5,RECO,-3.953333333333333,100.0,557,0,-18.350833333333334,-17.967668045593353,0.0,0.0,0.9226192036488505,0.07738079635114944,0.0,100.0,26.5806941986084
taxi-M,0.5,drivers,50,5,RECO-greedy,-3.953333333333333,100.0,557,0,-6.485833333333333,-7.8132037041478934,0.0,0.0,0.9104993481490464,0.08950065185095352,0.0,100.0,26.5806941986084
taxi-M,0.5,drivers,50,5,In-data planning (POR-style),-3.953333333333333,100.0,557,0,-4.786666666666667,-6.263611993604515,2.6816666666666666,69.16666666666667,0.8960056876938987,0.0,0.10399431230610134,100.0,26.5806941986084
taxi-M,0.5,drivers,50,5,Ours,-3.953333333333333,100.0,557,0,-5.3758333333333335,-6.808364728708325,0.0,0.0,0.8144766358092951,0.18552336419070486,0.0,100.0,26.5806941986084
taxi-M,0.5,drivers,50,5,Ours w/o stitching,-3.953333333333333,100.0,557,0,-5.535,-6.95157327708977,0.0,0.0,0.8751962816406005,0.12480371835939953,0.0,100.0,26.5806941986084
taxi-M,0.5,drivers,50,5,Ours w/o execution rule,-3.953333333333333,100.0,557,0,-58.47666666666667,-27.62753993987275,0.0,0.0,0.20402705857024692,0.7959729414297531,0.0,71.75,26.5806941986084
taxi-M,0.5,drivers,50,5,Factored Batch RL,-3.953333333333333,100.0,557,0,-4.408333333333333,-5.964825898047593,0.625,20.25,0.8592325352574615,0.11616923581502132,0.02459822892751722,100.0,26.5806941986084
taxi-M,0.5,drivers,50,6,Imitation,-100.51666666666667,52.0,412,0,-121.69027777777778,-55.25280825433094,46.089166666666664,75.94444444444444,0.587754453005235,0.0,0.41224554699476496,50.0,63.6212477684021
taxi-M,0.5,drivers,50,6,BC,-100.51666666666667,52.0,412,0,-183.47916666666666,-79.63833206309394,46.04,75.0,0.6564670476237852,0.0,0.34353295237621484,37.083333333333336,63.6212477684021
taxi-M,0.5,drivers,50,6,RECO,-100.51666666666667,52.0,412,0,-132.33916666666667,-61.0596982251343,17.075833333333332,24.666666666666668,0.7972760658372854,0.05390736396669887,0.14881657019601577,50.0,63.6212477684021
taxi-M,0.5,drivers,50,6,RECO-greedy,-100.51666666666667,52.0,412,0,-118.1775,-53.54078863406195,17.075833333333332,24.666666666666668,0.7961914376847219,0.05390220349398648,0.14990635882129166,50.0,63.6212477684021
taxi-M,0.5,drivers,50,6,In-data planning (POR-style),-100.51666666666667,52.0,412,0,-113.79916666666666,-50.31283284969589,46.04,75.0,0.5852874943702147,0.0,0.41471250562978534,50.0,63.6212477684021
taxi-M,0.5,drivers,50,6,Ours,-100.51666666666667,52.0,412,0,-124.54416666666667,-54.98090901481708,17.085833333333333,24.666666666666668,0.7420665833762035,0.10725361946057177,0.1506797971632248,50.0,63.6212477684021
taxi-M,0.5,drivers,50,6,Ours w/o stitching,-100.51666666666667,52.0,412,0,-126.11916666666667,-56.83631157473157,17.085833333333333,24.666666666666668,0.793055045197325,0.05626515763945028,0.1506797971632248,50.0,63.6212477684021
taxi-M,0.5,drivers,50,6,Ours w/o execution rule,-100.51666666666667,52.0,412,0,-121.99666666666667,-54.18109026367461,8.7275,12.916666666666668,0.19069951258068765,0.7403174812277697,0.06898300619154261,41.66666666666667,63.6212477684021
taxi-M,0.5,drivers,50,6,Factored Batch RL,-100.51666666666667,52.0,412,0,-126.62583333333333,-56.07036855753386,17.355833333333333,27.083333333333332,0.8100379013966814,0.034573833114480125,0.1553882654888385,50.0,63.6212477684021
taxi-M,0.5,drivers,50,7,Imitation,-5.633333333333334,100.0,416,0,-17.885277777777777,-17.514359161362055,4.43,79.16666666666666,0.853069347067007,0.0,0.14693065293299307,100.0,17.654415369033813
taxi-M,0.5,drivers,50,7,BC,-5.633333333333334,100.0,416,0,-276.8616666666667,-119.6683445740128,4.43,79.16666666666666,0.922703347195161,0.0,0.07729665280483904,82.41666666666667,17.654415369033813
taxi-M,0.5,drivers,50,7,RECO,-5.633333333333334,100.0,416,0,-20.63222222222222,-19.705899644975265,0.9408333333333333,12.916666666666668,0.834425475407275,0.1361778209812788,0.029396703611446227,100.0,17.654415369033813
taxi-M,0.5,drivers,50,7,RECO-greedy,-5.633333333333334,100.0,416,0,-7.221666666666667,-8.38555382433394,0.9408333333333333,12.916666666666668,0.8122305557196008,0.1544321738616902,0.03333727041870903,100.0,17.654415369033813
taxi-M,0.5,drivers,50,7,In-data planning (POR-style),-5.633333333333334,100.0,416,0,-5.668333333333333,-7.055931776507708,4.43,79.16666666666666,0.8338853821636147,0.0,0.16611461783638523,100.0,17.654415369033813
taxi-M,0.5,drivers,50,7,Ours,-5.633333333333334,100.0,416,0,-10.8925,-11.214771621232076,0.9408333333333333,12.916666666666668,0.6680515272660762,0.3024483290219749,0.029500143711948996,100.0,17.654415369033813
taxi-M,0.5,drivers,50,7,Ours w/o stitching,-5.633333333333334,100.0,416,0,-8.888333333333334,-9.660373876301565,0.9408333333333333,12.916666666666668,0.7434060112641498,0.22511570847041767,0.031478280265432444,100.0,17.654415369033813
taxi-M,0.5,drivers,50,7,Ours w/o execution rule,-5.633333333333334,100.0,416,0,-65.29416666666667,-30.495578748998135,0.9408333333333333,12.916666666666668,0.15682253356073367,0.8313645067121468,0.011812959727119585,68.33333333333333,17.654415369033813
taxi-M,0.5,drivers,50,7,Factored Batch RL,-5.633333333333334,100.0,416,0,-6.346666666666667,-7.69636142872772,1.345,40.5,0.8113725012189176,0.1394441735738664,0.049183325207215994,100.0,17.654415369033813
taxi-M,0.5,drivers,50,8,Imitation,-5.633333333333334,100.0,397,0,-15.535277777777777,-15.5208315595079,4.260833333333333,81.08333333333333,0.8638288428248035,0.0,0.1361711571751964,100.0,17.31932306289673
taxi-M,0.5,drivers,50,8,BC,-5.633333333333334,100.0,397,0,-55.06916666666667,-28.636403830216786,4.260833333333333,81.08333333333333,0.9072858489881773,0.0,0.09271415101182273,90.0,17.31932306289673
taxi-M,0.5,drivers,50,8,RECO,-5.633333333333334,100.0,397,0,-18.659444444444443,-17.87288737890103,0.04,3.0,0.8308965743320768,0.16792329126372726,0.0011801344041960334,100.0,17.31932306289673
taxi-M,0.5,drivers,50,8,RECO-greedy,-5.633333333333334,100.0,397,0,-9.049166666666666,-9.891686402318937,0.04,3.0,0.8092570509442858,0.18941179733215008,0.0013311517235641587,100.0,17.31932306289673
taxi-M,0.5,drivers,50,8,In-data planning (POR-style),-5.633333333333334,100.0,397,0,-6.471666666666667,-7.773996229145478,4.260833333333333,81.08333333333333,0.8449008068919492,0.0,0.15509919310805073,100.0,17.31932306289673
taxi-M,0.5,drivers,50,8,Ours,-5.633333333333334,100.0,397,0,-11.621666666666666,-11.826915510609235,0.04,3.0,0.7038011546518163,0.294972666428243,0.0012261789199407348,100.0,17.31932306289673
taxi-M,0.5,drivers,50,8,Ours w/o stitching,-5.633333333333334,100.0,397,0,-10.045,-10.624138405384373,0.04,3.0,0.7568314811832286,0.24188006657003275,0.0012884522467386053,100.0,17.31932306289673
taxi-M,0.5,drivers,50,8,Ours w/o execution rule,-5.633333333333334,100.0,397,0,-65.77666666666667,-31.111463805394912,0.04,3.0,0.1678171195708672,0.8316838888080338,0.000498991621099029,68.5,17.31932306289673
taxi-M,0.5,drivers,50,8,Factored Batch RL,-5.633333333333334,100.0,397,0,-7.091666666666667,-8.356502333695884,2.16,50.24999999999999,0.830762385048947,0.09234648472263424,0.07689113022841887,100.0,17.31932306289673
taxi-M,0.5,drivers,50,9,Imitation,-5.133333333333334,100.0,417,0,-13.33,-13.62624093868997,3.5391666666666666,78.66666666666666,0.8757096868598185,0.0,0.12429031314018145,100.0,16.551080465316772
taxi-M,0.5,drivers,50,9,BC,-5.133333333333334,100.0,417,0,-23.779166666666665,-14.471914256687535,3.5391666666666666,78.66666666666666,0.8802177346570397,0.0,0.11978226534296028,98.0,16.551080465316772
taxi-M,0.5,drivers,50,9,RECO,-5.133333333333334,100.0,417,0,-16.3775,-16.158282950198004,0.13,7.000000000000001,0.835265584605954,0.16057674369020014,0.004157671703845846,100.0,16.551080465316772
taxi-M,0.5,drivers,50,9,RECO-greedy,-5.133333333333334,100.0,417,0,-7.884166666666666,-9.033572917407831,0.13,7.000000000000001,0.821672773434119,0.1738264908686997,0.00450073569718127,100.0,16.551080465316772
taxi-M,0.5,drivers,50,9,In-data planning (POR-style),-5.133333333333334,100.0,417,0,-5.141666666666667,-6.630751675248299,3.5391666666666666,78.66666666666666,0.8646158750398469,0.0,0.135384124960153,100.0,16.551080465316772
taxi-M,0.5,drivers,50,9,Ours,-5.133333333333334,100.0,417,0,-10.485833333333334,-11.167447640749181,0.13,7.000000000000001,0.7092343117274965,0.28663684725934946,0.004128841013154064,100.0,16.551080465316772
taxi-M,0.5,drivers,50,9,Ours w/o stitching,-5.133333333333334,100.0,417,0,-8.611666666666666,-9.611814584255509,0.13,7.000000000000001,0.7681938425170259,0.2274159959475432,0.004390161535430855,100.0,16.551080465316772
taxi-M,0.5,drivers,50,9,Ours w/o execution rule,-5.133333333333334,100.0,417,0,-104.17416666666666,-46.56532879158284,0.13,7.000000000000001,0.08386589036004985,0.9149973402511095,0.001136769388840714,48.5,16.551080465316772
taxi-M,0.5,drivers,50,9,Factored Batch RL,-5.133333333333334,100.0,417,0,-5.6433333333333335,-7.098728932803112,2.0675,47.5,0.8630051294883022,0.059395721256099085,0.07759914925559865,100.0,16.551080465316772
taxi-M,0.5,drivers,50,10,Imitation,-4.138333333333334,100.0,481,0,-20.23777777777778,-19.498636581781263,3.5775,75.66666666666667,0.8814132076166624,0.0,0.11858679238333764,100.0,15.703269958496094
taxi-M,0.5,drivers,50,10,BC,-4.138333333333334,100.0,481,0,-200.4025,-87.48795930350968,3.5775,75.66666666666667,0.94603665434799,0.0,0.053963345652009956,77.25,15.703269958496094
taxi-M,0.5,drivers,50,10,RECO,-4.138333333333334,100.0,481,0,-22.97,-21.602902964888845,0.04,4.0,0.8810742013491154,0.11770395825378643,0.001221840397098129,100.0,15.703269958496094
taxi-M,0.5,drivers,50,10,RECO-greedy,-4.138333333333334,100.0,481,0,-6.951666666666667,-8.209226421243958,0.04,4.0,0.8607119432353467,0.13785701508556436,0.0014310416790889035,100.0,15.703269958496094
taxi-M,0.5,drivers,50,10,In-data planning (POR-style),-4.138333333333334,100.0,481,0,-4.398333333333333,-5.9571685368645575,3.5775,75.66666666666667,0.8591443008071395,0.0,0.14085569919286042,100.0,15.703269958496094
taxi-M,0.5,drivers,50,10,Ours,-4.138333333333334,100.0,481,0,-9.070833333333333,-9.913346450630623,0.04,4.0,0.6780933906055148,0.3205764167936816,0.0013301926008036581,100.0,15.703269958496094
taxi-M,0.5,drivers,50,10,Ours w/o stitching,-4.138333333333334,100.0,481,0,-7.289166666666667,-8.469091238512453,0.04,4.0,0.7954752997319351,0.20311073143429464,0.001413968833770289,100.0,15.703269958496094
taxi-M,0.5,drivers,50,10,Ours w/o execution rule,-4.138333333333334,100.0,481,0,-81.99666666666667,-37.338357562869426,0.04,4.0,0.12137184561007643,0.8782050717037011,0.0004230826862224886,59.75,15.703269958496094
taxi-M,0.5,drivers,50,10,Factored Batch RL,-4.138333333333334,100.0,481,0,-4.995,-6.5094047611096055,1.2225,40.75,0.8207026992370328,0.13226902609476182,0.04702827466820542,100.0,15.703269958496094
taxi-M,0.5,drivers,50,11,Imitation,-4.093333333333334,100.0,528,0,-15.045,-15.273495035681167,2.9125,73.0,0.9008341845420497,0.0,0.0991658154579503,100.0,16.058788061141968
taxi-M,0.5,drivers,50,11,BC,-4.093333333333334,100.0,528,0,-118.29083333333334,-53.38497036785193,2.9125,73.0,0.9496615295981564,0.0,0.05033847040184358,81.33333333333333,16.058788061141968
taxi-M,0.5,drivers,50,11,RECO,-4.093333333333334,100.0,528,0,-16.7675,-16.724287960669827,0.01,1.0,0.8998747071961649,0.09979844201122187,0.0003268507926131721,100.0,16.058788061141968
taxi-M,0.5,drivers,50,11,RECO-greedy,-4.093333333333334,100.0,528,0,-5.88,-7.298327915883853,0.01,1.0,0.8860367063492064,0.11359126984126984,0.0003720238095238095,100.0,16.058788061141968
taxi-M,0.5,drivers,50,11,In-data planning (POR-style),-4.093333333333334,100.0,528,0,-4.655,-6.171295579345788,2.9125,73.0,0.8864743714675501,0.0,0.11352562853244981,100.0,16.058788061141968
taxi-M,0.5,drivers,50,11,Ours,-4.093333333333334,100.0,528,0,-5.493333333333333,-6.938418233572325,0.01,1.0,0.8062091092098641,0.19341343734272773,0.000377453447408153,100.0,16.058788061141968
taxi-M,0.5,drivers,50,11,Ours w/o stitching,-4.093333333333334,100.0,528,0,-5.621666666666667,-7.04542814986984,0.01,1.0,0.8571652163025105,0.14245914981531335,0.0003756338821761723,100.0,16.058788061141968
taxi-M,0.5,drivers,50,11,Ours w/o execution rule,-4.093333333333334,100.0,528,0,-61.09,-28.79527332353952,0.01,1.0,0.19383138985879614,0.8060368491556317,0.00013176098557217208,70.5,16.058788061141968
taxi-M,0.5,drivers,50,11,Factored Batch RL,-4.093333333333334,100.0,528,0,-4.528333333333333,-6.077032744713886,0.9975,30.25,0.8393614937650976,0.12156427498857479,0.03907423124632761,100.0,16.058788061141968
taxi-M,0.5,drivers,50,12,Imitation,-5.633333333333334,100.0,388,0,-16.162222222222223,-16.058134087110055,4.805,80.5,0.8383092482847582,0.0,0.1616907517152418,100.0,13.285661697387695
taxi-M,0.5,drivers,50,12,BC,-5.633333333333334,100.0,388,0,-220.88,-96.46528681302274,4.805,80.5,0.9028360548000607,0.0,0.09716394519993933,86.5,13.285661697387695
taxi-M,0.5,drivers,50,12,RECO,-5.633333333333334,100.0,388,0,-20.4775,-19.386291120480788,0.4,13.416666666666666,0.7801270078446022,0.20791931266342922,0.011953679491968622,100.0,13.285661697387695
taxi-M,0.5,drivers,50,12,RECO-greedy,-5.633333333333334,100.0,388,0,-9.978333333333333,-10.655022751008692,0.4,13.416666666666666,0.7624952924086728,0.22459245709366762,0.012912250497659655,100.0,13.285661697387695
taxi-M,0.5,drivers,50,12,In-data planning (POR-style),-5.633333333333334,100.0,388,0,-6.47,-7.768603237756878,4.805,80.5,0.8250819075354933,0.0,0.17491809246450674,100.0,13.285661697387695
taxi-M,0.5,drivers,50,12,Ours,-5.633333333333334,100.0,388,0,-12.286666666666667,-12.33043182453906,0.77,21.75,0.6634288003204486,0.3134388143400761,0.023132385339475266,100.0,13.285661697387695
taxi-M,0.5,drivers,50,12,Ours w/o stitching,-5.633333333333334,100.0,388,0,-11.146666666666667,-11.474561724854526,0.6633333333333333,19.083333333333332,0.70377955205309,0.2755858564910825,0.020634591455827456,100.0,13.285661697387695
taxi-M,0.5,drivers,50,12,Ours w/o execution rule,-5.633333333333334,100.0,388,0,-67.07583333333334,-31.792382390180087,0.15,9.0,0.1669005500527518,0.831255697706577,0.0018437522406711258,68.0,13.285661697387695
taxi-M,0.5,drivers,50,12,Factored Batch RL,-5.633333333333334,100.0,388,0,-6.851666666666667,-8.114117998240511,1.4575,37.75,0.7994135599305846,0.14825563999760635,0.052330800071808986,100.0,13.285661697387695
taxi-M,0.5,drivers,50,13,Imitation,-76.60833333333333,76.0,336,1,-86.32972222222222,-41.441705639836655,57.055,81.25,0.37179471494984095,0.0,0.628205285050159,62.5,39.167622089385986
taxi-M,0.5,drivers,50,13,BC,-76.60833333333333,76.0,336,1,-116.58,-52.08736064819968,57.055,81.25,0.3912672374703262,0.0,0.6087327625296738,60.25,39.167622089385986
taxi-M,0.5,drivers,50,13,RECO,-76.60833333333333,76.0,336,1,-91.14555555555556,-44.30905345244894,38.385,34.0,0.5401472992635037,0.04529677351613242,0.4145559272203639,62.5,39.167622089385986
taxi-M,0.5,drivers,50,13,RECO-greedy,-76.60833333333333,76.0,336,1,-78.34666666666666,-36.709336895085535,38.385,34.0,0.5345097753402693,0.04585208534518886,0.41963813931454186,62.5,39.167622089385986
taxi-M,0.5,drivers,50,13,In-data planning (POR-style),-76.60833333333333,76.0,336,1,-76.615,-35.11628890182731,57.055,81.25,0.36421885446846447,0.0,0.6357811455315355,62.5,39.167622089385986
taxi-M,0.5,drivers,50,13,Ours,-76.60833333333333,76.0,336,1,-86.20083333333334,-39.953491163677086,38.385,34.0,0.5321188790775743,0.04769940888856455,0.4201817120338612,62.5,39.167622089385986
taxi-M,0.5,drivers,50,13,Ours w/o stitching,-76.60833333333333,76.0,336,1,-86.20416666666667,-39.95682930301721,38.385,34.0,0.5322454117561207,0.04758820739227205,0.42016638085160724,62.5,39.167622089385986
taxi-M,0.5,drivers,50,13,Ours w/o execution rule,-76.60833333333333,76.0,336,1,-94.60333333333334,-43.23263374738294,14.408333333333333,23.0,0.4866453577121267,0.3675372976984642,0.14581734458940906,57.99999999999999,39.167622089385986
taxi-M,0.5,drivers,50,13,Factored Batch RL,-76.60833333333333,76.0,336,1,-86.74833333333333,-40.37928697683721,38.77,45.0,0.5336916456339768,0.0439235196920451,0.4223848346739782,62.5,39.167622089385986
taxi-M,0.5,drivers,50,14,Imitation,-4.138333333333334,100.0,513,2,-14.270277777777778,-14.56272777559179,2.9141666666666666,73.0,0.9010395049617025,0.0,0.09896049503829756,100.0,12.00361680984497
taxi-M,0.5,drivers,50,14,BC,-4.138333333333334,100.0,513,2,-104.97,-47.68436460947787,2.9141666666666666,73.0,0.9435239018087855,0.0,0.05647609819121447,85.0,12.00461745262146
taxi-M,0.5,drivers,50,14,RECO,-4.138333333333334,100.0,513,2,-15.721388888888889,-15.80882418217,0.02,2.0,0.9128818109265037,0.08646521076688675,0.0006529783066095916,100.0,12.00461745262146
taxi-M,0.5,drivers,50,14,RECO-greedy,-4.138333333333334,100.0,513,2,-6.458333333333333,-7.811630247870128,0.02,2.0,0.9028224582701062,0.09644916540212443,0.0007283763277693475,100.0,12.00461745262146
taxi-M,0.5,drivers,50,14,In-data planning (POR-style),-4.138333333333334,100.0,513,2,-5.441666666666666,-6.879078059180975,2.9141666666666666,73.0,0.8897888433658998,0.0,0.11021115663410022,100.0,12.00461745262146
taxi-M,0.5,drivers,50,14,Ours,-4.138333333333334,100.0,513,2,-5.804166666666666,-7.200382448484361,0.02,2.0,0.8121871599564744,0.18706668739312918,0.0007461526503963936,100.0,12.00461745262146
taxi-M,0.5,drivers,50,14,Ours w/o stitching,-4.138333333333334,100.0,513,2,-5.996666666666667,-7.375037450069937,0.02,2.0,0.8756636621805162,0.12359550561797752,0.0007408322015063588,100.0,12.00461745262146
taxi-M,0.5,drivers,50,14,Ours w/o execution rule,-4.138333333333334,100.0,513,2,-54.07666666666667,-26.076022335400594,0.02,2.0,0.2287716947956413,0.770941234166238,0.0002870710381206416,74.25,12.00461745262146
taxi-M,0.5,drivers,50,14,Factored Batch RL,-4.138333333333334,100.0,513,2,-4.956666666666667,-6.477654821057103,0.4725,17.25,0.852061127520226,0.12973545653011428,0.018203415949659688,100.0,12.00461745262146
taxi-M,0.5,drivers,50,15,Imitation,-76.60833333333333,72.0,381,1,-89.37333333333333,-43.004234195270044,45.275,78.16666666666666,0.5020393199211769,0.0,0.49796068007882316,62.5,33.89230561256409
taxi-M,0.5,drivers,50,15,BC,-76.60833333333333,72.0,381,1,-120.3975,-53.480531407503356,45.275,78.16666666666666,0.5531925392282641,0.0,0.4468074607717359,55.91666666666667,33.89230561256409
taxi-M,0.5,drivers,50,15,RECO,-76.60833333333333,72.0,381,1,-93.39333333333333,-45.55768233543061,34.81583333333333,27.0,0.5886645781531916,0.036309614642334585,0.37502580720447387,62.5,33.89230561256409
taxi-M,0.5,drivers,50,15,RECO-greedy,-76.60833333333333,72.0,381,1,-93.3225,-43.13919329465195,34.81583333333333,27.0,0.5832059957796697,0.03679145746925708,0.38000254675107326,62.5,33.89230561256409
taxi-M,0.5,drivers,50,15,In-data planning (POR-style),-76.60833333333333,72.0,381,1,-86.9825,-39.53254822570223,45.275,78.16666666666666,0.495627471731744,0.0,0.504372528268256,62.5,33.89230561256409
taxi-M,0.5,drivers,50,15,Ours,-76.60833333333333,72.0,381,1,-87.87416666666667,-40.68405964616346,34.81583333333333,27.0,0.5778809662822946,0.04097941906291053,0.3811396146547949,62.5,33.89230561256409
taxi-M,0.5,drivers,50,15,Ours w/o stitching,-76.60833333333333,72.0,381,1,-87.86083333333333,-40.715584793494315,34.81583333333333,27.0,0.5787894813626085,0.0402655190021154,0.3809449996352761,62.5,33.89230561256409
taxi-M,0.5,drivers,50,15,Ours w/o execution rule,-76.60833333333333,72.0,381,1,-95.04,-43.478269863352104,13.509166666666667,17.833333333333336,0.5070891203703703,0.3549496187363834,0.13796126089324617,58.5,33.89230561256409
taxi-M,0.5,drivers,50,15,Factored Batch RL,-76.60833333333333,72.0,381,1,-87.16166666666666,-40.15265498349515,37.744166666666665,40.583333333333336,0.5594637715710906,0.025225109574721707,0.4153111188541877,62.5,33.89230561256409
taxi-M,0.5,drivers,50,16,Imitation,-5.133333333333334,100.0,495,0,-16.45777777777778,-16.409725897201096,3.174166666666667,73.25,0.8941248413308749,0.0,0.10587515866912507,100.0,12.73909306526184
taxi-M,0.5,drivers,50,16,BC,-5.133333333333334,100.0,495,0,-121.48583333333333,-55.07108932563761,3.174166666666667,73.25,0.9484531897041708,0.0,0.05154681029582916,79.33333333333333,12.73909306526184
taxi-M,0.5,drivers,50,16,RECO,-5.133333333333334,100.0,495,0,-18.635555555555555,-18.19365046286736,0.9,8.333333333333332,0.8839672815994102,0.08759719857471344,0.02843551982587632,100.0,12.73909306526184
taxi-M,0.5,drivers,50,16,RECO-greedy,-5.133333333333334,100.0,495,0,-6.71,-8.029977581720074,0.9,8.333333333333332,0.8674666185492602,0.10005413208228077,0.03247924936845904,100.0,12.73909306526184
taxi-M,0.5,drivers,50,16,In-data planning (POR-style),-5.133333333333334,100.0,495,0,-5.133333333333334,-6.6225565611768795,3.174166666666667,73.25,0.8785395408163266,0.0,0.12146045918367347,100.0,12.73909306526184
taxi-M,0.5,drivers,50,16,Ours,-5.133333333333334,100.0,495,0,-9.9625,-10.72921687673482,0.9,8.333333333333332,0.7538150989099718,0.2171174808235769,0.029067420266451354,100.0,12.73909306526184
taxi-M,0.5,drivers,50,16,Ours w/o stitching,-5.133333333333334,100.0,495,0,-6.941666666666666,-8.179383064124679,0.9,8.333333333333332,0.8250820161049807,0.142708022666269,0.032209961228750375,100.0,12.73909306526184
taxi-M,0.5,drivers,50,16,Ours w/o execution rule,-5.133333333333334,100.0,495,0,-99.56,-44.47357202825215,0.9,8.333333333333332,0.08796128251663642,0.9038717483363581,0.008166969147005444,50.66666666666667,12.73909306526184
taxi-M,0.5,drivers,50,16,Factored Batch RL,-5.133333333333334,100.0,495,0,-5.538333333333333,-6.998749901945384,0.6425,28.000000000000004,0.8709414055140363,0.10484833260064058,0.024210261885323117,100.0,12.73909306526184
taxi-M,0.5,drivers,50,17,Imitation,-5.133333333333334,100.0,427,0,-14.334722222222222,-14.517613130335553,3.9483333333333333,78.08333333333334,0.8622340683305064,0.0,0.13776593166949358,100.0,9.892026424407959
taxi-M,0.5,drivers,50,17,BC,-5.133333333333334,100.0,427,0,-310.62666666666667,-129.92438644889634,3.9483333333333333,78.08333333333334,0.9313472628741994,0.0,0.06865273712580056,81.83333333333334,9.892026424407959
taxi-M,0.5,drivers,50,17,RECO,-5.133333333333334,100.0,427,0,-17.023333333333333,-16.590383071736905,0.12,9.0,0.8042185541718887,0.19194154822538065,0.003839897602730594,100.0,9.892026424407959
taxi-M,0.5,drivers,50,17,RECO-greedy,-5.133333333333334,100.0,427,0,-7.704166666666667,-8.774241082673507,0.12,9.0,0.7868485992161417,0.20897082305124112,0.004180577732617216,100.0,9.892026424407959
taxi-M,0.5,drivers,50,17,In-data planning (POR-style),-5.133333333333334,100.0,427,0,-5.145,-6.619464326537258,3.9483333333333333,78.08333333333334,0.8489832345254033,0.0,0.1510167654745968,100.0,9.892026424407959
taxi-M,0.5,drivers,50,17,Ours,-5.133333333333334,100.0,427,0,-8.765833333333333,-9.604289534894157,0.12,9.0,0.7502449676642683,0.2457235644894874,0.0040314678462442955,100.0,9.892026424407959
taxi-M,0.5,drivers,50,17,Ours w/o stitching,-5.133333333333334,100.0,427,0,-8.239166666666666,-9.173842992426303,0.12,9.0,0.7654971926924502,0.23039872317382507,0.004104084133724741,100.0,9.892026424407959
taxi-M,0.5,drivers,50,17,Ours w/o execution rule,-5.133333333333334,100.0,427,0,-68.375,-31.768406186860034,0.12,9.0,0.16993860687158013,0.8286049498841925,0.0014564432442273265,66.75,9.892026424407959
taxi-M,0.5,drivers,50,17,Factored Batch RL,-5.133333333333334,100.0,427,0,-5.608333333333333,-7.060060084350724,0.83,34.0,0.8430942687128092,0.12571249608518634,0.031193235202004385,100.0,9.892026424407959
taxi-M,0.5,drivers,50,18,Imitation,-5.633333333333334,100.0,457,0,-18.906111111111112,-18.318307399213744,3.651666666666667,77.08333333333334,0.8791183529346857,0.0,0.12088164706531435,100.0,10.979365825653076
taxi-M,0.5,drivers,50,18,BC,-5.633333333333334,100.0,457,0,-279.005,-118.90492341750786,3.651666666666667,77.08333333333334,0.9495329901300257,0.0,0.050467009869974315,73.75,10.979365825653076
taxi-M,0.5,drivers,50,18,RECO,-5.633333333333334,100.0,457,0,-20.1375,-19.31084338138073,0.04,4.0,0.8600347936106278,0.13869998418472243,0.0012652222046496916,100.0,10.979365825653076
taxi-M,0.5,drivers,50,18,RECO-greedy,-5.633333333333334,100.0,457,0,-7.0975,-8.33543232506943,0.04,4.0,0.8425126790639736,0.15606370673547468,0.0014236142005516505,100.0,10.979365825653076
taxi-M,0.5,drivers,50,18,In-data planning (POR-style),-5.633333333333334,100.0,457,0,-5.633333333333334,-7.040980802298313,3.651666666666667,77.08333333333334,0.8628911138923655,0.0,0.13710888610763455,100.0,10.979365825653076
taxi-M,0.5,drivers,50,18,Ours,-5.633333333333334,100.0,457,0,-9.308333333333334,-10.096035479200351,0.04,4.0,0.749931262029145,0.2487489689304372,0.001319769040417927,100.0,10.979365825653076
taxi-M,0.5,drivers,50,18,Ours w/o stitching,-5.633333333333334,100.0,457,0,-7.3925,-8.555357193556267,0.04,4.0,0.8088697132458689,0.18972146400164364,0.0014088227524874527,100.0,10.979365825653076
taxi-M,0.5,drivers,50,18,Ours w/o execution rule,-5.633333333333334,100.0,457,0,-98.63083333333333,-44.189226109819856,0.04,4.0,0.09425467731123165,0.905379669693461,0.0003656529953074532,51.24999999999999,10.979365825653076
taxi-M,0.5,drivers,50,18,Factored Batch RL,-5.633333333333334,100.0,457,0,-6.2283333333333335,-7.598417051245877,0.765,35.75,0.854869315051723,0.11703495133745485,0.02809573361082206,100.0,10.979365825653076
taxi-M,0.5,drivers,50,19,Imitation,-5.133333333333334,100.0,390,0,-16.530555555555555,-16.420318353216665,4.54,81.25,0.8492223103747302,0.0,0.15077768962526983,100.0,16.265286684036255
taxi-M,0.5,drivers,50,19,BC,-5.133333333333334,100.0,390,0,-189.67833333333334,-81.17134947769618,4.54,81.25,0.9084231228253014,0.0,0.09157687717469869,86.66666666666667,16.265286684036255
taxi-M,0.5,drivers,50,19,RECO,-5.133333333333334,100.0,390,0,-23.261666666666667,-21.493307261075707,0.9958333333333333,25.583333333333336,0.7445978391356542,0.22781420260411858,0.02758795826022717,100.0,16.265286684036255
taxi-M,0.5,drivers,50,19,RECO-greedy,-5.133333333333334,100.0,390,0,-10.813333333333333,-11.37294474092477,0.9958333333333333,25.583333333333336,0.7102106035205364,0.2584870075440067,0.03130238893545683,100.0,16.265286684036255
taxi-M,0.5,drivers,50,19,In-data planning (POR-style),-5.133333333333334,100.0,390,0,-5.141666666666667,-6.630165592603148,4.54,81.25,0.8263308893847625,0.0,0.1736691106152375,100.0,16.265286684036255
taxi-M,0.5,drivers,50,19,Ours,-5.133333333333334,100.0,390,0,-13.205833333333333,-13.316088861637416,1.0525,30.25,0.6315930518673716,0.33763734255853045,0.030769605574097986,100.0,16.265286684036255
taxi-M,0.5,drivers,50,19,Ours w/o stitching,-5.133333333333334,100.0,390,0,-11.48,-11.928386865635167,0.9775,27.750000000000004,0.6696428571428571,0.3002616995073892,0.030095443349753694,100.0,16.265286684036255
taxi-M,0.5,drivers,50,19,Ours w/o execution rule,-5.133333333333334,100.0,390,0,-114.18166666666667,-50.55278253338911,0.15,8.0,0.0681395647559104,0.9306435365779457,0.001216898666143851,43.25,16.265286684036255
taxi-M,0.5,drivers,50,19,Factored Batch RL,-5.133333333333334,100.0,390,0,-5.808333333333334,-7.242989046506405,1.6925,46.5,0.821262045383898,0.11560460055952751,0.06313335405657444,100.0,16.265286684036255
taxi-M,0.5,drivers,50,20,Imitation,-3.8133333333333335,100.0,529,0,-15.38888888888889,-15.3914323268695,2.9383333333333335,71.16666666666667,0.8977219987623762,0.0,0.10227800123762376,100.0,10.996041297912598
taxi-M,0.5,drivers,50,20,BC,-3.8133333333333335,100.0,529,0,-97.7975,-44.3596688500036,2.9383333333333335,71.16666666666667,0.9477164887307236,0.0,0.05228351126927639,82.41666666666667,10.996041297912598
taxi-M,0.5,drivers,50,20,RECO,-3.8133333333333335,100.0,529,0,-18.522777777777776,-17.981665134354728,0.01,1.0,0.9149462442404543,0.08473229274565132,0.0003214630138943458,100.0,10.996041297912598
taxi-M,0.5,drivers,50,20,RECO-greedy,-3.8133333333333335,100.0,529,0,-5.9383333333333335,-7.324560021767605,0.01,1.0,0.9017818474293139,0.09784693435624575,0.00037121821444038855,100.0,10.996041297912598
taxi-M,0.5,drivers,50,20,In-data planning (POR-style),-3.8133333333333335,100.0,529,0,-4.05,-5.612301100226683,2.9383333333333335,71.16666666666667,0.8827012641383899,0.0,0.11729873586161012,100.0,10.996041297912598
taxi-M,0.5,drivers,50,20,Ours,-3.8133333333333335,100.0,529,0,-5.123333333333333,-6.573639075249065,0.01,1.0,0.8254115095061886,0.17420569095317084,0.0003827995406405512,100.0,10.996041297912598
taxi-M,0.5,drivers,50,20,Ours w/o stitching,-3.8133333333333335,100.0,529,0,-4.820833333333334,-6.312826508345309,0.01,1.0,0.8660319509440052,0.13358076488623527,0.00038728416975956106,100.0,10.996041297912598
taxi-M,0.5,drivers,50,20,Ours w/o execution rule,-3.8133333333333335,100.0,529,0,-50.23083333333334,-24.259418712938874,0.01,1.0,0.2363746238779287,0.7634742978005514,0.0001510783215198479,76.0,10.996041297912598
taxi-M,0.5,drivers,50,20,Factored Batch RL,-3.8133333333333335,100.0,529,0,-4.533333333333333,-6.069876074804276,0.285,15.5,0.841710182767624,0.14712793733681462,0.011161879895561357,100.0,10.996041297912598
taxi-M,0.5,drivers,50,21,Imitation,-4.093333333333334,100.0,529,0,-12.357222222222223,-12.944388572498038,3.1875,72.66666666666667,0.8897620397144861,0.0,0.11023796028551391,100.0,10.703840017318726
taxi-M,0.5,drivers,50,21,BC,-4.093333333333334,100.0,529,0,-192.16583333333332,-84.55731957455097,3.1875,72.66666666666667,0.9451738669265831,0.0,0.05482613307341685,81.16666666666667,10.703840017318726
taxi-M,0.5,drivers,50,21,RECO,-4.093333333333334,100.0,529,0,-13.803055555555556,-14.163510487315401,0.0,0.0,0.8940995860480843,0.10590041395191578,0.0,100.0,10.703840017318726
taxi-M,0.5,drivers,50,21,RECO-greedy,-4.093333333333334,100.0,529,0,-5.65,-7.093439592842642,0.0,0.0,0.8792057535959975,0.1207942464040025,0.0,100.0,10.703840017318726
taxi-M,0.5,drivers,50,21,In-data planning (POR-style),-4.093333333333334,100.0,529,0,-4.261666666666667,-5.829286881411491,3.1875,72.66666666666667,0.8738206769149568,0.0,0.1261793230850432,100.0,10.703840017318726
taxi-M,0.5,drivers,50,21,Ours,-4.093333333333334,100.0,529,0,-6.0008333333333335,-7.392663399377737,0.0,0.0,0.7805931915681614,0.21940680843183852,0.0,100.0,10.703840017318726
taxi-M,0.5,drivers,50,21,Ours w/o stitching,-4.093333333333334,100.0,529,0,-5.1875,-6.677638638073434,0.0,0.0,0.8321081941129674,0.16789180588703262,0.0,100.0,10.703840017318726
taxi-M,0.5,drivers,50,21,Ours w/o execution rule,-4.093333333333334,100.0,529,0,-117.20583333333333,-51.588163807521404,0.0,0.0,0.06636444856225804,0.933635551437742,0.0,41.5,10.703840017318726
taxi-M,0.5,drivers,50,21,Factored Batch RL,-4.093333333333334,100.0,529,0,-5.098333333333334,-6.5824190217634175,0.23,11.0,0.8375375183600485,0.15364965834344466,0.008812823296506801,100.0,10.703840017318726
taxi-M,0.5,drivers,50,22,Imitation,-5.133333333333334,100.0,507,0,-19.270833333333332,-18.651258384503247,3.720833333333333,71.83333333333334,0.8775067899371759,0.0,0.12249321006282407,100.0,10.57155966758728
taxi-M,0.5,drivers,50,22,BC,-5.133333333333334,100.0,507,0,-100.77083333333333,-46.90659427079748,3.720833333333333,71.83333333333334,0.9302997190134249,0.0,0.06970028098657509,84.41666666666666,10.57155966758728
taxi-M,0.5,drivers,50,22,RECO,-5.133333333333334,100.0,507,0,-21.836944444444445,-20.62427274430189,0.9183333333333333,10.166666666666666,0.8538230498584055,0.11780657341457136,0.028370376727023083,100.0,10.57155966758728
taxi-M,0.5,drivers,50,22,RECO-greedy,-5.133333333333334,100.0,507,0,-7.064166666666667,-8.282456314904312,0.9183333333333333,10.166666666666666,0.8313982836951035,0.13587908661697895,0.03272262968791757,100.0,10.57155966758728
taxi-M,0.5,drivers,50,22,In-data planning (POR-style),-5.133333333333334,100.0,507,0,-5.133333333333334,-6.592843978060828,3.720833333333333,71.83333333333334,0.8576211734693877,0.0,0.14237882653061223,100.0,10.57155966758728
taxi-M,0.5,drivers,50,22,Ours,-5.133333333333334,100.0,507,0,-8.491666666666667,-9.441702507516094,0.9183333333333333,10.166666666666666,0.7586606385984741,0.21020062164453235,0.0311387397569935,100.0,10.57155966758728
taxi-M,0.5,drivers,50,22,Ours w/o stitching,-5.133333333333334,100.0,507,0,-6.780833333333334,-8.0326002667705,0.9183333333333333,10.166666666666666,0.812190659027507,0.15475297717251102,0.033056363799982,100.0,10.57155966758728
taxi-M,0.5,drivers,50,22,Ours w/o execution rule,-5.133333333333334,100.0,507,0,-57.6,-27.73219068658203,0.9183333333333333,10.166666666666666,0.19824549364077226,0.7891504254735109,0.0126040808857169,72.66666666666667,10.57155966758728
taxi-M,0.5,drivers,50,22,Factored Batch RL,-5.133333333333334,100.0,507,0,-5.801666666666667,-7.222143307543214,0.49,24.25,0.8312294011566445,0.15048815372178348,0.018282445121572042,100.0,10.57155966758728
taxi-M,0.5,drivers,50,23,Imitation,-5.133333333333334,100.0,452,0,-12.791944444444445,-13.21716742040349,3.5166666666666666,77.66666666666666,0.8795432921027593,0.0,0.12045670789724072,100.0,13.261283874511719
taxi-M,0.5,drivers,50,23,BC,-5.133333333333334,100.0,452,0,-53.3875,-26.97427924732846,3.5166666666666666,77.66666666666666,0.9371378349793686,0.0,0.0628621650206313,83.16666666666667,13.261283874511719
taxi-M,0.5,drivers,50,23,RECO,-5.133333333333334,100.0,452,0,-15.009166666666667,-15.101312180131396,0.05,5.0,0.8479293593494189,0.1504602914732011,0.001610349177379962,100.0,13.261283874511719
taxi-M,0.5,drivers,50,23,RECO-greedy,-5.133333333333334,100.0,452,0,-6.913333333333333,-8.178818745807291,0.05,5.0,0.830845474086458,0.16736326725579173,0.0017912586577501792,100.0,13.261283874511719
taxi-M,0.5,drivers,50,23,In-data planning (POR-style),-5.133333333333334,100.0,452,0,-5.14,-6.62862587728683,3.5166666666666666,77.66666666666666,0.8654679928589646,0.0,0.13453200714103544,100.0,13.261283874511719
taxi-M,0.5,drivers,50,23,Ours,-5.133333333333334,100.0,452,0,-8.835833333333333,-9.72278329469823,0.05,5.0,0.75529983520934,0.24302432757031533,0.0016758372203446639,100.0,13.261283874511719
taxi-M,0.5,drivers,50,23,Ours w/o stitching,-5.133333333333334,100.0,452,0,-7.735833333333333,-8.808441285800274,0.05,5.0,0.7885334802656382,0.2097265319142766,0.0017399878200852594,100.0,13.261283874511719
taxi-M,0.5,drivers,50,23,Ours w/o execution rule,-5.133333333333334,100.0,452,0,-89.105,-40.406802445570456,0.05,5.0,0.11852090403877755,0.8809836417535776,0.0004954542076448584,56.25,13.261283874511719
taxi-M,0.5,drivers,50,23,Factored Batch RL,-5.133333333333334,100.0,452,0,-5.6433333333333335,-7.114978997017934,1.5175,39.0,0.8608469911172276,0.08219692230701864,0.05695608657575379,100.0,13.261283874511719
taxi-M,0.5,drivers,50,24,Imitation,-3.953333333333333,100.0,525,0,-11.915833333333333,-12.497290728666732,2.2808333333333333,70.08333333333333,0.9211420998040798,0.0,0.07885790019592025,100.0,16.083904027938843
taxi-M,0.5,drivers,50,24,BC,-3.953333333333333,100.0,525,0,-133.70333333333335,-60.98021247062452,2.2808333333333333,70.08333333333333,0.9503744129965732,0.0,0.049625587003426834,88.75,16.083904027938843
taxi-M,0.5,drivers,50,24,RECO,-3.953333333333333,100.0,525,0,-13.772777777777778,-14.117456128486939,0.07,4.0,0.9313675229324203,0.06632550304850138,0.002306974019078309,100.0,16.083904027938843
taxi-M,0.5,drivers,50,24,RECO-greedy,-3.953333333333333,100.0,525,0,-6.076666666666667,-7.440345776885991,0.07,4.0,0.9230887603102302,0.07432598793549182,0.0025852517542779762,100.0,16.083904027938843
taxi-M,0.5,drivers,50,24,In-data planning (POR-style),-3.953333333333333,100.0,525,0,-4.77,-6.242684741516594,2.2808333333333333,70.08333333333333,0.911492691760445,0.0,0.08850730823955504,100.0,16.083904027938843
taxi-M,0.5,drivers,50,24,Ours,-3.953333333333333,100.0,525,0,-4.983333333333333,-6.47777736975201,0.07,4.0,0.8523412443874279,0.14496472097498397,0.0026940346375881976,100.0,16.083904027938843
taxi-M,0.5,drivers,50,24,Ours w/o stitching,-3.953333333333333,100.0,525,0,-5.491666666666666,-6.910799423299386,0.07,4.0,0.9028625353884869,0.09449512425290972,0.0026423403586033345,100.0,16.083904027938843
taxi-M,0.5,drivers,50,24,Ours w/o execution rule,-3.953333333333333,100.0,525,0,-47.07666666666667,-23.107741695825773,0.07,4.0,0.26764802523493464,0.731247946375764,0.0011040283893014391,77.75,16.083904027938843
taxi-M,0.5,drivers,50,24,Factored Batch RL,-3.953333333333333,100.0,525,0,-4.973333333333334,-6.483124902889184,0.3375,15.5,0.8709573921971252,0.1160485112936345,0.012994096509240246,100.0,16.083904027938843
taxi-M,0.5,drivers,50,25,Imitation,-4.553333333333334,100.0,457,0,-13.049166666666666,-13.599754526516541,3.4358333333333335,77.41666666666667,0.8819368879216539,0.0,0.11806311207834602,100.0,13.776248693466187
taxi-M,0.5,drivers,50,25,BC,-4.553333333333334,100.0,457,0,-58.285833333333336,-28.80236984172975,3.4358333333333335,77.41666666666667,0.9094184590372828,0.0,0.09058154096271723,93.0,13.776248693466187
taxi-M,0.5,drivers,50,25,RECO,-4.553333333333334,100.0,457,0,-15.730833333333333,-15.805081598617083,0.01,1.0,0.8584781809588825,0.141206742635089,0.0003150764060284619,100.0,13.776248693466187
taxi-M,0.5,drivers,50,25,RECO-greedy,-4.553333333333334,100.0,457,0,-7.3758333333333335,-8.619263515163547,0.01,1.0,0.8417080261960002,0.15793956124636574,0.000352412557634137,100.0,13.776248693466187
taxi-M,0.5,drivers,50,25,In-data planning (POR-style),-4.553333333333334,100.0,457,0,-4.858333333333333,-6.370135551090307,3.4358333333333335,77.41666666666667,0.8671285852400903,0.0,0.13287141475990977,100.0,13.776248693466187
taxi-M,0.5,drivers,50,25,Ours,-4.553333333333334,100.0,457,0,-9.478333333333333,-10.406845719658879,0.01,1.0,0.7077432055558593,0.2919286925138076,0.0003281019303330235,100.0,13.776248693466187
taxi-M,0.5,drivers,50,25,Ours w/o stitching,-4.553333333333334,100.0,457,0,-7.898333333333333,-9.04543156688172,0.01,1.0,0.781504123651883,0.2181498356306592,0.0003460407174577542,100.0,13.776248693466187
taxi-M,0.5,drivers,50,25,Ours w/o execution rule,-4.553333333333334,100.0,457,0,-120.08416666666666,-53.007035090726774,0.01,1.0,0.062057519255206035,0.9378646819325225,7.779881227146599e-05,40.25,13.776248693466187
taxi-M,0.5,drivers,50,25,Factored Batch RL,-4.553333333333334,100.0,457,0,-5.288333333333333,-6.786865689135604,0.74,28.249999999999996,0.8232105496734927,0.14864008115133456,0.028149369175172762,100.0,13.776248693466187
taxi-M,0.5,drivers,50,26,Imitation,-5.133333333333334,100.0,528,0,-13.727777777777778,-14.10315055657649,2.4991666666666665,69.83333333333334,0.9143322351507304,0.0,0.08566776484926968,100.0,11.870807886123657
taxi-M,0.5,drivers,50,26,BC,-5.133333333333334,100.0,528,0,-136.77166666666668,-61.182224913313426,2.4991666666666665,69.83333333333334,0.942927284145622,0.0,0.05707271585437799,89.83333333333333,11.870807886123657
taxi-M,0.5,drivers,50,26,RECO,-5.133333333333334,100.0,528,0,-15.265277777777778,-15.4537218876221,0.0,0.0,0.895020739339252,0.10497926066074807,0.0,100.0,11.870807886123657
taxi-M,0.5,drivers,50,26,RECO-greedy,-5.133333333333334,100.0,528,0,-6.519166666666667,-7.836562527119128,0.0,0.0,0.8835054356054871,0.11649456439451292,0.0,100.0,11.870807886123657
taxi-M,0.5,drivers,50,26,In-data planning (POR-style),-5.133333333333334,100.0,528,0,-5.1466666666666665,-6.604509361749933,2.4991666666666665,69.83333333333334,0.9044173890872004,0.0,0.0955826109127996,100.0,11.870807886123657
taxi-M,0.5,drivers,50,26,Ours,-5.133333333333334,100.0,528,0,-7.905833333333334,-8.947526595553828,0.0,0.0,0.8216334649868827,0.1783665350131173,0.0,100.0,11.870807886123657
taxi-M,0.5,drivers,50,26,Ours w/o stitching,-5.133333333333334,100.0,528,0,-6.2825,-7.60530150172721,0.0,0.0,0.871040654876447,0.12895934512355295,0.0,100.0,11.870807886123657
taxi-M,0.5,drivers,50,26,Ours w/o execution rule,-5.133333333333334,100.0,528,0,-70.89333333333333,-32.84057535094489,0.0,0.0,0.1675264328890114,0.8324735671109886,0.0,65.5,11.870807886123657
taxi-M,0.5,drivers,50,26,Factored Batch RL,-5.133333333333334,100.0,528,0,-5.798333333333333,-7.216196454490646,0.34,20.25,0.8840412961005037,0.10327134772062939,0.012687356178866845,100.0,11.870807886123657
taxi-M,0.5,drivers,50,27,Imitation,-5.633333333333334,100.0,443,2,-17.9025,-17.478850049777,4.085833333333333,78.16666666666666,0.8666285838637724,0.0,0.13337141613622763,100.0,14.931135654449463
taxi-M,0.5,drivers,50,27,BC,-5.633333333333334,100.0,443,2,-176.70833333333334,-73.99253265728406,4.085833333333333,78.16666666666666,0.9177831810178586,0.0,0.08221681898214137,86.75,14.931135654449463
taxi-M,0.5,drivers,50,27,RECO,-5.633333333333334,100.0,443,2,-21.010277777777777,-19.916078592990313,0.06,6.0,0.8156594418947439,0.1825315734816254,0.0018089846236306992,100.0,14.931135654449463
taxi-M,0.5,drivers,50,27,RECO-greedy,-5.633333333333334,100.0,443,2,-8.086666666666666,-9.149667437412955,0.06,6.0,0.7897948659179463,0.2081423332569333,0.00206280082512033,100.0,14.931135654449463
taxi-M,0.5,drivers,50,27,In-data planning (POR-style),-5.633333333333334,100.0,443,2,-5.64,-7.046712912297704,4.085833333333333,78.16666666666666,0.8466278778778779,0.0,0.15337212212212212,100.0,14.931135654449463
taxi-M,0.5,drivers,50,27,Ours,-5.633333333333334,100.0,443,2,-9.210833333333333,-9.941238294935356,0.06,6.0,0.7273880782280088,0.27062587923758036,0.001986042534410945,100.0,14.931135654449463
taxi-M,0.5,drivers,50,27,Ours w/o stitching,-5.633333333333334,100.0,443,2,-8.635,-9.45048294281812,0.06,6.0,0.7643552106180754,0.23362015634666217,0.0020246330352623586,100.0,14.931135654449463
taxi-M,0.5,drivers,50,27,Ours w/o execution rule,-5.633333333333334,100.0,443,2,-58.8625,-28.230486504542537,0.06,6.0,0.20076819968686288,0.7984207977111705,0.0008110026019666813,72.0,14.931135654449463
taxi-M,0.5,drivers,50,27,Factored Batch RL,-5.633333333333334,100.0,443,2,-6.153333333333333,-7.531251316680439,2.0475,46.5,0.8240240608887798,0.10057083231033637,0.07540510680088387,100.0,14.931135654449463
taxi-M,0.5,drivers,50,28,Imitation,-4.138333333333334,100.0,428,0,-10.590833333333334,-11.362290458242303,5.360833333333333,78.0,0.8041764329852973,0.0,0.19582356701470274,100.0,10.7679922580719
taxi-M,0.5,drivers,50,28,BC,-4.138333333333334,100.0,428,0,-98.16,-45.12533269370229,5.360833333333333,78.0,0.8609832522960562,0.0,0.13901674770394382,92.41666666666667,10.7679922580719
taxi-M,0.5,drivers,50,28,RECO,-4.138333333333334,100.0,428,0,-14.697222222222223,-14.786178514876253,0.9675,12.916666666666668,0.8093386985178981,0.158952696551473,0.031708604930628895,100.0,10.7679922580719
taxi-M,0.5,drivers,50,28,RECO-greedy,-4.138333333333334,100.0,428,0,-7.0216666666666665,-8.25842744545403,0.9675,12.916666666666668,0.7923927912924522,0.17308035448759887,0.034526854219948847,100.0,10.7679922580719
taxi-M,0.5,drivers,50,28,In-data planning (POR-style),-4.138333333333334,100.0,428,0,-4.2283333333333335,-5.7915468682423175,5.360833333333333,78.0,0.787507432119971,0.0,0.21249256788002907,100.0,10.7679922580719
taxi-M,0.5,drivers,50,28,Ours,-4.138333333333334,100.0,428,0,-7.108333333333333,-8.330261651367918,0.9675,12.916666666666668,0.7042099021642455,0.2613697005632968,0.034420397272457756,100.0,10.7679922580719
taxi-M,0.5,drivers,50,28,Ours w/o stitching,-4.138333333333334,100.0,428,0,-6.128333333333333,-7.486259780662217,0.9675,12.916666666666668,0.7467592308164895,0.2175769490692388,0.035663820114271674,100.0,10.7679922580719
taxi-M,0.5,drivers,50,28,Ours w/o execution rule,-4.138333333333334,100.0,428,0,-76.75583333333333,-35.252584841753475,0.9675,12.916666666666668,0.12798427547586155,0.8612514718562542,0.010764252667884328,62.5,10.7679922580719
taxi-M,0.5,drivers,50,28,Factored Batch RL,-4.138333333333334,100.0,428,0,-6.243333333333333,-7.595994228700832,0.78,28.249999999999996,0.7454423100452711,0.22592683225253885,0.02863085770219014,100.0,10.7679922580719
taxi-M,0.5,drivers,50,29,Imitation,-5.133333333333334,100.0,412,0,-11.7625,-12.268113176422084,3.7616666666666667,80.66666666666666,0.8682313103891176,0.0,0.13176868961088245,100.0,11.722463130950928
taxi-M,0.5,drivers,50,29,BC,-5.133333333333334,100.0,412,0,-36.01583333333333,-19.410138012166847,3.7616666666666667,80.66666666666666,0.9097560975609756,0.0,0.09024390243902439,90.91666666666667,11.722463130950928
taxi-M,0.5,drivers,50,29,RECO,-5.133333333333334,100.0,412,0,-13.333055555555555,-13.547820429640886,0.14,8.0,0.8346019111200778,0.16077618619665096,0.00462190268327128,100.0,11.722463130950928
taxi-M,0.5,drivers,50,29,RECO-greedy,-5.133333333333334,100.0,412,0,-6.8475,-8.104640476899613,0.14,8.0,0.8200915701589011,0.17488104856809408,0.005027381273004758,100.0,11.722463130950928
taxi-M,0.5,drivers,50,29,In-data planning (POR-style),-5.133333333333334,100.0,412,0,-5.133333333333334,-6.607700269618855,3.7616666666666667,80.66666666666666,0.8560586734693878,0.0,0.14394132653061226,100.0,11.722463130950928
taxi-M,0.5,drivers,50,29,Ours,-5.133333333333334,100.0,412,0,-9.885833333333334,-10.53548231093286,0.14,8.0,0.7249008445079999,0.2705663330005666,0.004532822491433505,100.0,11.722463130950928
taxi-M,0.5,drivers,50,29,Ours w/o stitching,-5.133333333333334,100.0,412,0,-8.5075,-9.43278839069368,0.14,8.0,0.7600892428478635,0.23516620068344207,0.0047445564686944,100.0,11.722463130950928
taxi-M,0.5,drivers,50,29,Ours w/o execution rule,-5.133333333333334,100.0,412,0,-81.08833333333334,-36.999926161996214,0.14,8.0,0.13045720025958094,0.8680493203779925,0.0014934793624265484,60.25,11.722463130950928
taxi-M,0.5,drivers,50,29,Factored Batch RL,-5.133333333333334,100.0,412,0,-5.253333333333333,-6.721655997996481,2.2275,56.49999999999999,0.8528440832910107,0.062309547993905534,0.0848463687150838,100.0,11.722463130950928
taxi-M,0.5,drivers,150,0,Imitation,-5.633333333333334,100.0,774,0,-15.685833333333333,-15.687526100255418,1.1525,50.33333333333333,0.9610915740610494,0.0,0.03890842593895063,100.0,12.695362567901611
taxi-M,0.5,drivers,150,0,BC,-5.633333333333334,100.0,774,0,-26.796666666666667,-16.05297243702217,1.1525,50.33333333333333,0.9626589626589627,0.0,0.03734103734103734,97.58333333333333,12.695362567901611
taxi-M,0.5,drivers,150,0,RECO,-5.633333333333334,100.0,774,0,-17.01527777777778,-16.832726955689502,0.0,0.0,0.9711187036850446,0.028881296314955437,0.0,100.0,12.695362567901611
taxi-M,0.5,drivers,150,0,RECO-greedy,-5.633333333333334,100.0,774,0,-6.234166666666667,-7.556655657204994,0.0,0.0,0.9678406413512438,0.03215935864875616,0.0,100.0,12.695362567901611
taxi-M,0.5,drivers,150,0,In-data planning (POR-style),-5.633333333333334,100.0,774,0,-5.683333333333334,-7.066975619820578,1.1525,50.33333333333333,0.9568082448469707,0.0,0.04319175515302936,100.0,12.695362567901611
taxi-M,0.5,drivers,150,0,Ours,-5.633333333333334,100.0,774,0,-8.090833333333334,-9.027756465459527,0.0,0.0,0.8938096192958835,0.10619038070411642,0.0,100.0,12.695362567901611
taxi-M,0.5,drivers,150,0,Ours w/o stitching,-5.633333333333334,100.0,774,0,-6.069166666666667,-7.396402142047902,0.0,0.0,0.9455407443893729,0.054459255610627096,0.0,100.0,12.695362567901611
taxi-M,0.5,drivers,150,0,Ours w/o execution rule,-5.633333333333334,100.0,774,0,-50.8,-24.53419608581797,0.0,0.0,0.25989081687466425,0.7401091831253357,0.0,75.75,12.695362567901611
taxi-M,0.5,drivers,150,0,Factored Batch RL,-5.633333333333334,100.0,774,0,-6.033333333333333,-7.3921326204274225,0.08,4.25,0.9522503082614057,0.044790382244143036,0.002959309494451295,100.0,12.695362567901611
taxi-M,0.5,drivers,150,1,Imitation,-5.133333333333334,100.0,745,3,-15.310833333333333,-15.469784781103435,1.4308333333333334,54.75,0.9510212231857599,0.0,0.04897877681424007,100.0,15.411962985992432
taxi-M,0.5,drivers,150,1,BC,-5.133333333333334,100.0,745,3,-91.9525,-43.367547014381095,1.4308333333333334,54.75,0.9630490455592141,0.0,0.03695095444078594,92.66666666666666,15.411962985992432
taxi-M,0.5,drivers,150,1,RECO,-5.133333333333334,100.0,745,3,-16.11277777777778,-16.189785532762908,0.0,0.0,0.950841981503254,0.04915801849674594,0.0,100.0,15.411962985992432
taxi-M,0.5,drivers,150,1,RECO-greedy,-5.133333333333334,100.0,745,3,-5.861666666666666,-7.2914373464444,0.0,0.0,0.9450890364211701,0.054910963578829804,0.0,100.0,15.411962985992432
taxi-M,0.5,drivers,150,1,In-data planning (POR-style),-5.133333333333334,100.0,745,3,-5.166666666666667,-6.653063008345627,1.4308333333333334,54.75,0.9453184713375796,0.0,0.05468152866242038,100.0,15.411962985992432
taxi-M,0.5,drivers,150,1,Ours,-5.133333333333334,100.0,745,3,-7.133333333333334,-8.40493413090645,0.0,0.0,0.8699052132701421,0.13009478672985783,0.0,100.0,15.411962985992432
taxi-M,0.5,drivers,150,1,Ours w/o stitching,-5.133333333333334,100.0,745,3,-6.043333333333333,-7.443860077873061,0.0,0.0,0.9148280537409097,0.08517194625909034,0.0,100.0,15.411962985992432
taxi-M,0.5,drivers,150,1,Ours w/o execution rule,-5.133333333333334,100.0,745,3,-65.0175,-30.902914393846387,0.0,0.0,0.21356475804169417,0.7864352419583058,0.0,69.0,15.411962985992432
taxi-M,0.5,drivers,150,1,Factored Batch RL,-5.133333333333334,100.0,745,3,-5.993333333333333,-7.4041248573911105,0.11,5.0,0.9218016794270191,0.07412324030624845,0.004075080266732527,100.0,15.411962985992432
taxi-M,0.5,drivers,150,2,Imitation,-5.633333333333334,100.0,608,4,-16.256666666666668,-16.148197163323488,2.8475,65.33333333333333,0.9052465198824247,0.0,0.09475348011757528,100.0,14.446588039398193
taxi-M,0.5,drivers,150,2,BC,-5.633333333333334,100.0,608,4,-37.08,-20.787943509061883,2.8475,65.33333333333333,0.9114170166433349,0.0,0.08858298335666512,97.25,14.446588039398193
taxi-M,0.5,drivers,150,2,RECO,-5.633333333333334,100.0,608,4,-17.588333333333335,-17.227638196577335,0.02,2.0,0.8960802675585284,0.10327759197324415,0.0006421404682274247,100.0,14.446588039398193
taxi-M,0.5,drivers,150,2,RECO-greedy,-5.633333333333334,100.0,608,4,-6.726666666666667,-8.017150333682993,0.02,2.0,0.8832652079826881,0.11601346477518634,0.000721327242125511,100.0,14.446588039398193
taxi-M,0.5,drivers,150,2,In-data planning (POR-style),-5.633333333333334,100.0,608,4,-5.636666666666667,-7.0438230869804555,2.8475,65.33333333333333,0.8930984857965211,0.0,0.10690151420347892,100.0,14.446588039398193
taxi-M,0.5,drivers,150,2,Ours,-5.633333333333334,100.0,608,4,-6.778333333333333,-8.00000629941075,0.02,2.0,0.8559728805423892,0.14330713385732285,0.0007199856002879943,100.0,14.446588039398193
taxi-M,0.5,drivers,150,2,Ours w/o stitching,-5.633333333333334,100.0,608,4,-6.755833333333333,-7.979850375314701,0.02,2.0,0.8571171225267962,0.14216230822349657,0.0007205692497072688,100.0,14.446588039398193
taxi-M,0.5,drivers,150,2,Ours w/o execution rule,-5.633333333333334,100.0,608,4,-34.595,-18.552312198852604,0.02,2.0,0.3817340268168154,0.6178842391563678,0.00038173402681681537,84.75,14.446588039398193
taxi-M,0.5,drivers,150,2,Factored Batch RL,-5.633333333333334,100.0,608,4,-7.253333333333333,-8.48199042175465,0.4925,19.0,0.8618747050495517,0.12069372345445965,0.017431571495988674,100.0,14.446588039398193
taxi-M,0.5,drivers,150,3,Imitation,-5.633333333333334,100.0,680,1,-15.792222222222222,-15.724109798273687,2.720833333333333,61.66666666666667,0.9097559402611043,0.0,0.0902440597388957,100.0,15.23996877670288
taxi-M,0.5,drivers,150,3,BC,-5.633333333333334,100.0,680,1,-30.1775,-17.470934440134805,2.720833333333333,61.66666666666667,0.9128357093277805,0.0,0.08716429067221955,97.33333333333334,15.23996877670288
taxi-M,0.5,drivers,150,3,RECO,-5.633333333333334,100.0,680,1,-17.2775,-16.993820603286746,0.11416666666666667,10.916666666666666,0.8984743190350667,0.09787789227041563,0.0036477886945176664,100.0,15.23996877670288
taxi-M,0.5,drivers,150,3,RECO-greedy,-5.633333333333334,100.0,680,1,-6.618333333333333,-7.921903464984046,0.11416666666666667,10.916666666666666,0.8849496107657957,0.11091666163780098,0.004133727596403355,100.0,15.23996877670288
taxi-M,0.5,drivers,150,3,In-data planning (POR-style),-5.633333333333334,100.0,680,1,-5.651666666666666,-7.058449588699483,2.720833333333333,61.66666666666667,0.8979113251203802,0.0,0.10208867487961978,100.0,15.23996877670288
taxi-M,0.5,drivers,150,3,Ours,-5.633333333333334,100.0,680,1,-8.355833333333333,-9.324218635386263,0.115,11.25,0.8154256678116217,0.1806568825048968,0.003917449683481421,100.0,15.23996877670288
taxi-M,0.5,drivers,150,3,Ours w/o stitching,-5.633333333333334,100.0,680,1,-6.548333333333333,-7.836765667837596,0.10833333333333334,10.583333333333334,0.8685643414604635,0.12750317623570695,0.003932482303829633,100.0,15.23996877670288
taxi-M,0.5,drivers,150,3,Ours w/o execution rule,-5.633333333333334,100.0,680,1,-94.4675,-42.34910902613656,0.02,2.0,0.11168954093705631,0.8881211547562707,0.0001893043066729768,53.25,15.23996877670288
taxi-M,0.5,drivers,150,3,Factored Batch RL,-5.633333333333334,100.0,680,1,-6.033333333333333,-7.408421270143727,0.26,17.75,0.8905055487053021,0.0998766954377312,0.009617755856966708,100.0,15.23996877670288
taxi-M,0.5,drivers,150,4,Imitation,-5.133333333333334,100.0,689,0,-15.743333333333334,-15.727740067787,2.7825,61.5,0.9059833873011404,0.0,0.09401661269885964,100.0,18.33892297744751
taxi-M,0.5,drivers,150,4,BC,-5.133333333333334,100.0,689,0,-24.015,-15.07003484604588,2.7825,61.5,0.9063997981666807,0.0,0.09360020183331931,98.41666666666666,18.33892297744751
taxi-M,0.5,drivers,150,4,RECO,-5.133333333333334,100.0,689,0,-17.260277777777777,-16.984153445902425,0.03,3.0,0.9038189022574036,0.09520628931952957,0.0009748084230668556,100.0,18.33892297744751
taxi-M,0.5,drivers,150,4,RECO-greedy,-5.133333333333334,100.0,689,0,-6.305833333333333,-7.636341071225902,0.03,3.0,0.891598254341258,0.10730307931760613,0.001098666341135899,100.0,18.33892297744751
taxi-M,0.5,drivers,150,4,In-data planning (POR-style),-5.133333333333334,100.0,689,0,-5.1466666666666665,-6.605751335638051,2.7825,61.5,0.893581081081081,0.0,0.10641891891891891,100.0,18.33892297744751
taxi-M,0.5,drivers,150,4,Ours,-5.133333333333334,100.0,689,0,-7.193333333333333,-8.316676464418844,0.03,3.0,0.8232147079687869,0.17572121068810592,0.0010640813431071175,100.0,18.33892297744751
taxi-M,0.5,drivers,150,4,Ours w/o stitching,-5.133333333333334,100.0,689,0,-6.174166666666666,-7.481151386180624,0.03,3.0,0.859670643073998,0.13922536722990586,0.0011039896960961697,100.0,18.33892297744751
taxi-M,0.5,drivers,150,4,Ours w/o execution rule,-5.133333333333334,100.0,689,0,-53.18083333333333,-25.481613244736867,0.03,3.0,0.23553413810221452,0.7640299790534077,0.0004358828443777167,74.5,18.33892297744751
taxi-M,0.5,drivers,150,4,Factored Batch RL,-5.133333333333334,100.0,689,0,-5.733333333333333,-7.139419672295556,0.2375,13.750000000000002,0.8799563591022443,0.11115960099750623,0.008884039900249377,100.0,18.33892297744751
taxi-M,0.5,drivers,150,5,Imitation,-3.953333333333333,100.0,820,4,-17.813055555555554,-17.59111807854163,1.1908333333333334,51.33333333333333,0.9614686320330756,0.0,0.03853136796692432,100.0,13.832172155380249
taxi-M,0.5,drivers,150,5,BC,-3.953333333333333,100.0,820,4,-57.34916666666667,-29.503494700089615,1.1908333333333334,51.33333333333333,0.9641414268148855,0.0,0.03585857318511455,96.83333333333334,13.832172155380249
taxi-M,0.5,drivers,150,5,RECO,-3.953333333333333,100.0,820,4,-18.53361111111111,-18.213358841931356,0.0,0.0,0.9691417976337631,0.030858202366236976,0.0,100.0,13.832172155380249
taxi-M,0.5,drivers,150,5,RECO-greedy,-3.953333333333333,100.0,820,4,-5.389166666666667,-6.833208526021478,0.0,0.0,0.9632109135693309,0.03678908643066915,0.0,100.0,13.832172155380249
taxi-M,0.5,drivers,150,5,In-data planning (POR-style),-3.953333333333333,100.0,820,4,-4.8966666666666665,-6.375080524498531,1.1908333333333334,51.33333333333333,0.9540159608701249,0.0,0.04598403912987514,100.0,13.832172155380249
taxi-M,0.5,drivers,150,5,Ours,-3.953333333333333,100.0,820,4,-4.693333333333333,-6.1978202790562875,0.0,0.0,0.9047093928386092,0.09529060716139076,0.0,100.0,13.832172155380249
taxi-M,0.5,drivers,150,5,Ours w/o stitching,-3.953333333333333,100.0,820,4,-5.094166666666666,-6.560152611379513,0.0,0.0,0.9451984798645929,0.05480152013540702,0.0,100.0,13.832172155380249
taxi-M,0.5,drivers,150,5,Ours w/o execution rule,-3.953333333333333,100.0,820,4,-33.2725,-17.35311974027943,0.0,0.0,0.37908752692383,0.6209124730761699,0.0,84.75,13.832172155380249
taxi-M,0.5,drivers,150,5,Factored Batch RL,-3.953333333333333,100.0,820,4,-4.253333333333333,-5.815780448574815,0.3575,10.5,0.9357510559662091,0.050092397043294615,0.014156546990496304,100.0,13.832172155380249
taxi-M,0.5,drivers,150,6,Imitation,-100.51666666666667,52.666666666666664,723,0,-127.84666666666666,-58.31730921937549,11.681666666666667,52.416666666666664,0.8957474974342193,0.0,0.10425250256578067,50.0,79.37323498725891
taxi-M,0.5,drivers,150,6,BC,-100.51666666666667,52.666666666666664,723,0,-185.1075,-80.47539450733873,11.681666666666667,52.416666666666664,0.9084185906733043,0.0,0.09158140932669567,40.833333333333336,79.37323498725891
taxi-M,0.5,drivers,150,6,RECO,-100.51666666666667,52.666666666666664,723,0,-130.36944444444444,-59.81160358676831,0.03,2.0,0.981598261935049,0.018136008995421095,0.0002657290695299794,50.0,79.37323498725891
taxi-M,0.5,drivers,150,6,RECO-greedy,-100.51666666666667,52.666666666666664,723,0,-136.85166666666666,-60.54206238760637,0.03,2.0,0.981426708884336,0.01830508474576271,0.00026820636990128517,50.0,79.37323498725891
taxi-M,0.5,drivers,150,6,In-data planning (POR-style),-100.51666666666667,52.666666666666664,723,0,-125.64166666666667,-55.35405370752387,11.681666666666667,52.416666666666664,0.8947755592253416,0.0,0.10522444077465846,50.0,79.37323498725891
taxi-M,0.5,drivers,150,6,Ours,-100.51666666666667,52.666666666666664,723,0,-123.80916666666667,-53.82440489670144,0.03,2.0,0.9163421501962077,0.08338825150525717,0.0002695982985351826,50.0,79.37323498725891
taxi-M,0.5,drivers,150,6,Ours w/o stitching,-100.51666666666667,52.666666666666664,723,0,-125.45916666666666,-55.546395352271574,0.03,2.0,0.9810756972111554,0.01865470449030944,0.0002695982985351826,50.0,79.37323498725891
taxi-M,0.5,drivers,150,6,Ours w/o execution rule,-100.51666666666667,52.666666666666664,723,0,-100.77666666666667,-44.92039490123553,0.03,2.0,0.09348321001707456,0.9062471916843903,0.0002695982985351826,50.0,79.37323498725891
taxi-M,0.5,drivers,150,6,Factored Batch RL,-100.51666666666667,52.666666666666664,723,0,-125.54166666666667,-55.61973810747411,0.23,8.25,0.9831843943982967,0.01474645395387891,0.002069151647824392,50.0,79.37323498725891
taxi-M,0.5,drivers,150,7,Imitation,-5.633333333333334,100.0,658,1,-17.432777777777776,-17.219073622447414,2.444166666666667,61.75000000000001,0.919896946634379,0.0,0.08010305336562096,100.0,15.48090386390686
taxi-M,0.5,drivers,150,7,BC,-5.633333333333334,100.0,658,1,-68.72583333333333,-33.940192468533226,2.444166666666667,61.75000000000001,0.9401977775512285,0.0,0.059802222448771536,92.25,15.48090386390686
taxi-M,0.5,drivers,150,7,RECO,-5.633333333333334,100.0,658,1,-18.6925,-18.204048858364775,0.0,0.0,0.9181305058817324,0.08186949411826766,0.0,100.0,15.48090386390686
taxi-M,0.5,drivers,150,7,RECO-greedy,-5.633333333333334,100.0,658,1,-6.673333333333333,-7.928733656343717,0.0,0.0,0.9065285473379908,0.09347145266200915,0.0,100.0,15.48090386390686
taxi-M,0.5,drivers,150,7,In-data planning (POR-style),-5.633333333333334,100.0,658,1,-5.64,-7.028267864053638,2.444166666666667,61.75000000000001,0.908252002002002,0.0,0.091747997997998,100.0,15.48090386390686
taxi-M,0.5,drivers,150,7,Ours,-5.633333333333334,100.0,658,1,-8.823333333333334,-9.631804726977734,0.0,0.0,0.8061081926902872,0.19389180730971275,0.0,100.0,15.48090386390686
taxi-M,0.5,drivers,150,7,Ours w/o stitching,-5.633333333333334,100.0,658,1,-7.1675,-8.297520635237388,0.0,0.0,0.8602999911245229,0.13970000887547707,0.0,100.0,15.48090386390686
taxi-M,0.5,drivers,150,7,Ours w/o execution rule,-5.633333333333334,100.0,658,1,-68.1025,-31.505498457816394,0.0,0.0,0.17144625750933593,0.828553742490664,0.0,66.75,15.48090386390686
taxi-M,0.5,drivers,150,7,Factored Batch RL,-5.633333333333334,100.0,658,1,-6.318333333333333,-7.620158962499152,0.235,9.75,0.8886584101031053,0.10273930815691538,0.008602281739979257,100.0,15.48090386390686
taxi-M,0.5,drivers,150,8,Imitation,-5.633333333333334,100.0,600,0,-18.0575,-17.655329641186416,2.725,67.33333333333333,0.9132787015673483,0.0,0.08672129843265176,100.0,16.690956830978394
taxi-M,0.5,drivers,150,8,BC,-5.633333333333334,100.0,600,0,-127.98,-58.89126872137036,2.725,67.33333333333333,0.9303825764833621,0.0,0.06961742351663792,93.5,16.690956830978394
taxi-M,0.5,drivers,150,8,RECO,-5.633333333333334,100.0,600,0,-19.245555555555555,-18.649525387518718,0.09666666666666666,5.083333333333333,0.912956439556663,0.08405361285333791,0.002989947589999141,100.0,16.690956830978394
taxi-M,0.5,drivers,150,8,RECO-greedy,-5.633333333333334,100.0,600,0,-7.4075,-8.597671268429893,0.09666666666666666,5.083333333333333,0.9009357857373346,0.09566135703599402,0.00340285722667136,100.0,16.690956830978394
taxi-M,0.5,drivers,150,8,In-data planning (POR-style),-5.633333333333334,100.0,600,0,-6.525,-7.819251683397084,2.725,67.33333333333333,0.9009990917347865,0.0,0.09900090826521345,100.0,16.690956830978394
taxi-M,0.5,drivers,150,8,Ours,-5.633333333333334,100.0,600,0,-9.245833333333334,-9.980877044765672,0.18,9.0,0.7297974927675989,0.2642512742802039,0.005951232952197272,100.0,16.690956830978394
taxi-M,0.5,drivers,150,8,Ours w/o stitching,-5.633333333333334,100.0,600,0,-8.5025,-9.387830283929219,0.17166666666666666,8.666666666666668,0.8276982176651696,0.1664830664068017,0.0058187159280286985,100.0,16.690956830978394
taxi-M,0.5,drivers,150,8,Ours w/o execution rule,-5.633333333333334,100.0,600,0,-65.47,-30.586753068091586,0.01,1.0,0.1674863987134906,0.8323882919290332,0.00012530935747626955,68.25,16.690956830978394
taxi-M,0.5,drivers,150,8,Factored Batch RL,-5.633333333333334,100.0,600,0,-7.221666666666667,-8.427613860830864,0.475,18.0,0.8696627886375716,0.1135061713813264,0.01683103998110199,100.0,16.690956830978394
taxi-M,0.5,drivers,150,9,Imitation,-5.133333333333334,100.0,645,0,-14.431666666666667,-14.660207319911404,2.3733333333333335,62.5,0.9180172140821555,0.0,0.0819827859178445,100.0,16.727594137191772
taxi-M,0.5,drivers,150,9,BC,-5.133333333333334,100.0,645,0,-28.953333333333333,-16.770317554656362,2.3733333333333335,62.5,0.9274283966975844,0.0,0.07257160330241566,96.25,16.727594137191772
taxi-M,0.5,drivers,150,9,RECO,-5.133333333333334,100.0,645,0,-15.347777777777777,-15.394885948598963,0.0,0.0,0.9037002903092023,0.09629970969079765,0.0,100.0,16.727594137191772
taxi-M,0.5,drivers,150,9,RECO-greedy,-5.133333333333334,100.0,645,0,-6.371666666666667,-7.7170819130423025,0.0,0.0,0.8939596906777081,0.1060403093222919,0.0,100.0,16.727594137191772
taxi-M,0.5,drivers,150,9,In-data planning (POR-style),-5.133333333333334,100.0,645,0,-5.2,-6.68321161356596,2.3733333333333335,62.5,0.9094147582697201,0.0,0.0905852417302799,100.0,16.727594137191772
taxi-M,0.5,drivers,150,9,Ours,-5.133333333333334,100.0,645,0,-9.540833333333333,-10.366529988495092,0.0,0.0,0.769679936696772,0.2303200633032279,0.0,100.0,16.727594137191772
taxi-M,0.5,drivers,150,9,Ours w/o stitching,-5.133333333333334,100.0,645,0,-6.808333333333334,-8.060743073037639,0.0,0.0,0.8548696433922685,0.1451303566077315,0.0,100.0,16.727594137191772
taxi-M,0.5,drivers,150,9,Ours w/o execution rule,-5.133333333333334,100.0,645,0,-106.21,-47.193261802509156,0.0,0.0,0.08332436369376933,0.9166756363062307,0.0,47.25,16.727594137191772
taxi-M,0.5,drivers,150,9,Factored Batch RL,-5.133333333333334,100.0,645,0,-6.223333333333334,-7.583668039387885,0.18,7.5,0.8818109464919799,0.11157707848659239,0.006611975021427697,100.0,16.727594137191772
taxi-M,0.5,drivers,150,10,Imitation,-4.138333333333334,100.0,695,1,-16.789722222222224,-16.73421568499522,2.3066666666666666,61.5,0.9230975819820153,0.0,0.07690241801798464,100.0,17.401710987091064
taxi-M,0.5,drivers,150,10,BC,-4.138333333333334,100.0,695,1,-27.35333333333333,-16.95893919451141,2.3066666666666666,61.5,0.9235464714818395,0.0,0.07645352851816048,98.66666666666667,17.401710987091064
taxi-M,0.5,drivers,150,10,RECO,-4.138333333333334,100.0,695,1,-18.74416666666667,-18.31469111176803,0.0,0.0,0.9299765622942617,0.07002343770573828,0.0,100.0,17.401710987091064
taxi-M,0.5,drivers,150,10,RECO-greedy,-4.138333333333334,100.0,695,1,-5.778333333333333,-7.156862152156916,0.0,0.0,0.9172527540922387,0.08274724590776125,0.0,100.0,17.401710987091064
taxi-M,0.5,drivers,150,10,In-data planning (POR-style),-4.138333333333334,100.0,695,1,-4.24,-5.807552504881246,2.3066666666666666,61.5,0.9086106708927628,0.0,0.09138932910723718,100.0,17.401710987091064
taxi-M,0.5,drivers,150,10,Ours,-4.138333333333334,100.0,695,1,-6.510833333333333,-7.7985075719367005,0.0,0.0,0.8079544421894406,0.1920455578105595,0.0,100.0,17.401710987091064
taxi-M,0.5,drivers,150,10,Ours w/o stitching,-4.138333333333334,100.0,695,1,-5.7275,-7.117796785548662,0.0,0.0,0.8624699903345493,0.1375300096654507,0.0,100.0,17.401710987091064
taxi-M,0.5,drivers,150,10,Ours w/o execution rule,-4.138333333333334,100.0,695,1,-70.70333333333333,-32.65902712319405,0.0,0.0,0.16455846077947706,0.8354415392205229,0.0,65.5,17.401710987091064
taxi-M,0.5,drivers,150,10,Factored Batch RL,-4.138333333333334,100.0,695,1,-5.443333333333333,-6.869676383646353,0.3575,16.5,0.8832408924744737,0.10323963191730745,0.013519475608218832,100.0,17.401710987091064
taxi-M,0.5,drivers,150,11,Imitation,-4.093333333333334,100.0,802,1,-16.843055555555555,-16.776133098191345,1.3991666666666667,52.916666666666664,0.9544067996053477,0.0,0.04559320039465228,100.0,16.02937889099121
taxi-M,0.5,drivers,150,11,BC,-4.093333333333334,100.0,802,1,-61.513333333333335,-30.823893966941203,1.3991666666666667,52.916666666666664,0.967691034695095,0.0,0.032308965304905034,90.58333333333334,16.02937889099121
taxi-M,0.5,drivers,150,11,RECO,-4.093333333333334,100.0,802,1,-18.219444444444445,-17.97744245097799,0.0,0.0,0.9634055529945746,0.03659444700542534,0.0,100.0,16.02937889099121
taxi-M,0.5,drivers,150,11,RECO-greedy,-4.093333333333334,100.0,802,1,-5.526666666666666,-6.977609543240971,0.0,0.0,0.9567730585574264,0.04322694144257351,0.0,100.0,16.02937889099121
taxi-M,0.5,drivers,150,11,In-data planning (POR-style),-4.093333333333334,100.0,802,1,-5.016666666666667,-6.492773875421846,1.3991666666666667,52.916666666666664,0.9462203715566945,0.0,0.053779628443305576,100.0,16.02937889099121
taxi-M,0.5,drivers,150,11,Ours,-4.093333333333334,100.0,802,1,-4.820833333333334,-6.3292569624491986,0.0,0.0,0.8977569791834759,0.10224302081652413,0.0,100.0,16.02937889099121
taxi-M,0.5,drivers,150,11,Ours w/o stitching,-4.093333333333334,100.0,802,1,-5.221666666666667,-6.683583390612625,0.0,0.0,0.9299879234729549,0.07001207652704507,0.0,100.0,16.02937889099121
taxi-M,0.5,drivers,150,11,Ours w/o execution rule,-4.093333333333334,100.0,802,1,-53.6475,-25.667220515732595,0.0,0.0,0.2418520123242827,0.7581479876757173,0.0,74.25,16.02937889099121
taxi-M,0.5,drivers,150,11,Factored Batch RL,-4.093333333333334,100.0,802,1,-4.443333333333333,-5.990682000436136,0.225,10.0,0.9309249312197039,0.06023188785536486,0.00884318092493122,100.0,16.02937889099121
taxi-M,0.5,drivers,150,12,Imitation,-5.633333333333334,100.0,608,1,-17.689166666666665,-17.365975075452997,2.5741666666666667,65.5,0.9162917999024444,0.0,0.08370820009755568,100.0,15.304166793823242
taxi-M,0.5,drivers,150,12,BC,-5.633333333333334,100.0,608,1,-37.275,-21.15485542778947,2.5741666666666667,65.5,0.9265363394216134,0.0,0.0734636605783866,96.0,15.304166793823242
taxi-M,0.5,drivers,150,12,RECO,-5.633333333333334,100.0,608,1,-19.488333333333333,-18.82654504522187,0.03,2.0,0.8966274712495155,0.1024421759917302,0.0009303527587543611,100.0,15.304166793823242
taxi-M,0.5,drivers,150,12,RECO-greedy,-5.633333333333334,100.0,608,1,-6.989166666666667,-8.195671326023628,0.03,2.0,0.8809063030339119,0.11802185369339328,0.0010718432726947926,100.0,15.304166793823242
taxi-M,0.5,drivers,150,12,In-data planning (POR-style),-5.633333333333334,100.0,608,1,-5.636666666666667,-7.024989228508048,2.5741666666666667,65.5,0.9033600300337881,0.0,0.09663996996621199,100.0,15.304166793823242
taxi-M,0.5,drivers,150,12,Ours,-5.633333333333334,100.0,608,1,-9.990833333333333,-10.5251422637791,0.03,2.0,0.7380945978649601,0.260937373954664,0.0009680281803759177,100.0,15.304166793823242
taxi-M,0.5,drivers,150,12,Ours w/o stitching,-5.633333333333334,100.0,608,1,-8.010833333333334,-8.966805623020758,0.03,2.0,0.8337977192428115,0.1651681842989688,0.0010340964582196306,100.0,15.304166793823242
taxi-M,0.5,drivers,150,12,Ours w/o execution rule,-5.633333333333334,100.0,608,1,-59.21083333333333,-28.039627440870838,0.03,2.0,0.1916448675775505,0.8079509604697376,0.00040417195271188154,71.5,15.304166793823242
taxi-M,0.5,drivers,150,12,Factored Batch RL,-5.633333333333334,100.0,608,1,-6.458333333333333,-7.738966122133882,0.23,10.0,0.8452807283763277,0.14634294385432473,0.008376327769347497,100.0,15.304166793823242
taxi-M,0.5,drivers,150,13,Imitation,-76.60833333333333,71.33333333333333,592,1,-90.03472222222223,-43.304118927778475,38.45666666666666,62.916666666666664,0.5780471376366568,0.0,0.42195286236334323,62.5,56.88540267944336
taxi-M,0.5,drivers,150,13,BC,-76.60833333333333,71.33333333333333,592,1,-95.86083333333333,-43.36135096150979,38.45666666666666,62.916666666666664,0.5891637807472825,0.0,0.4108362192527175,60.333333333333336,56.88540267944336
taxi-M,0.5,drivers,150,13,RECO,-76.60833333333333,71.33333333333333,592,1,-91.36,-44.356556122272124,28.92,21.0,0.6616397236989621,0.02459223897869878,0.31376803732233916,62.5,56.88540267944336
taxi-M,0.5,drivers,150,13,RECO-greedy,-76.60833333333333,71.33333333333333,592,1,-80.59333333333333,-37.31732263524076,28.92,21.0,0.6562537314803759,0.024983696301127022,0.31876257221849713,62.5,56.88540267944336
taxi-M,0.5,drivers,150,13,In-data planning (POR-style),-76.60833333333333,71.33333333333333,592,1,-82.59666666666666,-37.69518879679092,38.45666666666666,62.916666666666664,0.5715930189379874,0.0,0.42840698106201264,62.5,56.88540267944336
taxi-M,0.5,drivers,150,13,Ours,-76.60833333333333,71.33333333333333,592,1,-85.45083333333334,-39.132849113609325,28.92,21.0,0.6452163798833174,0.034423233143785543,0.32036038697289715,62.5,56.88540267944336
taxi-M,0.5,drivers,150,13,Ours w/o stitching,-76.60833333333333,71.33333333333333,592,1,-85.47833333333334,-39.42270304588402,28.92,21.0,0.649097386296515,0.030613186650915534,0.3202894270525694,62.5,56.88540267944336
taxi-M,0.5,drivers,150,13,Ours w/o execution rule,-76.60833333333333,71.33333333333333,592,1,-89.86666666666666,-40.97966964529318,0.18,9.0,0.3905678635962696,0.6075823620590729,0.001849774344657492,58.333333333333336,56.88540267944336
taxi-M,0.5,drivers,150,13,Factored Batch RL,-76.60833333333333,71.33333333333333,592,1,-85.49333333333334,-39.333249302963694,35.12416666666667,21.666666666666668,0.588876993502658,0.022122341996455994,0.389000664500886,62.5,56.88540267944336
taxi-M,0.5,drivers,150,14,Imitation,-4.138333333333334,100.0,770,3,-15.290277777777778,-15.351899838341915,1.4091666666666667,53.75,0.9523491950179407,0.0,0.04765080498205933,100.0,12.75979471206665
taxi-M,0.5,drivers,150,14,BC,-4.138333333333334,100.0,770,3,-37.983333333333334,-20.415365190353228,1.4091666666666667,53.75,0.9571073457792207,0.0,0.042892654220779224,96.0,12.75979471206665
taxi-M,0.5,drivers,150,14,RECO,-4.138333333333334,100.0,770,3,-16.01972222222222,-15.975908510449813,0.0,0.0,0.9622716258671998,0.03772837413280019,0.0,100.0,12.75979471206665
taxi-M,0.5,drivers,150,14,RECO-greedy,-4.138333333333334,100.0,770,3,-4.904166666666667,-6.414488365001645,0.0,0.0,0.9560881454077529,0.043911854592247064,0.0,100.0,12.75979471206665
taxi-M,0.5,drivers,150,14,In-data planning (POR-style),-4.138333333333334,100.0,770,3,-4.496666666666667,-6.032806906768143,1.4091666666666667,53.75,0.9447313374297294,0.0,0.055268662570270626,100.0,12.75979471206665
taxi-M,0.5,drivers,150,14,Ours,-4.138333333333334,100.0,770,3,-4.758333333333334,-6.268091087210047,0.0,0.0,0.9106438045939825,0.08935619540601747,0.0,100.0,12.75979471206665
taxi-M,0.5,drivers,150,14,Ours w/o stitching,-4.138333333333334,100.0,770,3,-4.700833333333334,-6.2209815239438155,0.0,0.0,0.9341461042119257,0.06585389578807431,0.0,100.0,12.75979471206665
taxi-M,0.5,drivers,150,14,Ours w/o execution rule,-4.138333333333334,100.0,770,3,-38.354166666666664,-19.549391343616097,0.0,0.0,0.3412631831255992,0.6587368168744008,0.0,82.25,12.75979471206665
taxi-M,0.5,drivers,150,14,Factored Batch RL,-4.138333333333334,100.0,770,3,-4.583333333333333,-6.128061936613016,0.07,4.0,0.924527687296417,0.07273615635179154,0.002736156351791531,100.0,12.75979471206665
taxi-M,0.5,drivers,150,15,Imitation,-76.60833333333333,75.33333333333333,601,2,-91.12694444444445,-43.806531572868906,37.4075,64.47222222222221,0.5899399527417115,0.0,0.4100600472582885,62.5,64.47198820114136
taxi-M,0.5,drivers,150,15,BC,-76.60833333333333,75.33333333333333,601,2,-109.635,-49.034278604632576,37.399166666666666,64.25,0.5976529230879571,0.0,0.4023470769120429,60.66666666666667,64.47198820114136
taxi-M,0.5,drivers,150,15,RECO,-76.60833333333333,75.33333333333333,601,2,-92.55083333333333,-44.97938107742131,19.5025,16.0,0.7367028959341374,0.05203293132086372,0.21126417274499892,62.5,64.47198820114136
taxi-M,0.5,drivers,150,15,RECO-greedy,-76.60833333333333,75.33333333333333,601,2,-79.1575,-36.716015622011305,19.5025,16.0,0.7356777646205674,0.04949558927473173,0.21482664610470079,62.5,64.47198820114136
taxi-M,0.5,drivers,150,15,In-data planning (POR-style),-76.60833333333333,75.33333333333333,601,2,-78.14166666666667,-35.791953100460496,37.399166666666666,64.25,0.5833735610842926,0.0,0.4166264389157074,62.5,64.47198820114136
taxi-M,0.5,drivers,150,15,Ours,-76.60833333333333,75.33333333333333,601,2,-86.8325,-39.908342857101474,19.49416666666667,16.0,0.7178574057714959,0.0668801531213192,0.21526244110718493,62.5,64.47198820114136
taxi-M,0.5,drivers,150,15,Ours w/o stitching,-76.60833333333333,75.33333333333333,601,2,-86.7925,-39.92189815378228,19.49416666666667,16.0,0.7282032888202186,0.05665305521833499,0.2151436559614465,62.5,64.47198820114136
taxi-M,0.5,drivers,150,15,Ours w/o execution rule,-76.60833333333333,75.33333333333333,601,2,-90.57583333333334,-41.364090948269286,0.09,5.0,0.5278854598195672,0.47115649034409957,0.000958049836333153,60.416666666666664,64.47198820114136
taxi-M,0.5,drivers,150,15,Factored Batch RL,-76.60833333333333,75.33333333333333,601,2,-86.65083333333334,-39.73108125317023,33.05583333333333,33.33333333333333,0.609326607444224,0.02284824094508633,0.36782515161068974,62.5,64.47198820114136
taxi-M,0.5,drivers,150,16,Imitation,-5.133333333333334,100.0,757,0,-16.403055555555557,-16.45037132436581,1.41,54.666666666666664,0.9527528272909201,0.0,0.04724717270907991,100.0,20.67602777481079
taxi-M,0.5,drivers,150,16,BC,-5.133333333333334,100.0,757,0,-62.725833333333334,-31.37971103001444,1.41,54.666666666666664,0.9600943396226415,0.0,0.03990566037735849,95.16666666666667,20.67602777481079
taxi-M,0.5,drivers,150,16,RECO,-5.133333333333334,100.0,757,0,-17.244444444444444,-17.141681994770476,0.0,0.0,0.9499322425444061,0.05006775745559386,0.0,100.0,20.67602777481079
taxi-M,0.5,drivers,150,16,RECO-greedy,-5.133333333333334,100.0,757,0,-5.804166666666666,-7.237501086753372,0.0,0.0,0.9429504119384424,0.05704958806155759,0.0,100.0,20.67602777481079
taxi-M,0.5,drivers,150,16,In-data planning (POR-style),-5.133333333333334,100.0,757,0,-5.1466666666666665,-6.635322662012004,1.41,54.666666666666664,0.9460734319224885,0.0,0.05392656807751147,100.0,20.67602777481079
taxi-M,0.5,drivers,150,16,Ours,-5.133333333333334,100.0,757,0,-9.045833333333333,-10.000152953298766,0.0,0.0,0.8401331299403689,0.15986687005963113,0.0,100.0,20.67602777481079
taxi-M,0.5,drivers,150,16,Ours w/o stitching,-5.133333333333334,100.0,757,0,-5.7925,-7.214834293468275,0.0,0.0,0.9203135205747878,0.07968647942521227,0.0,100.0,20.67602777481079
taxi-M,0.5,drivers,150,16,Ours w/o execution rule,-5.133333333333334,100.0,757,0,-110.95916666666666,-49.07492134512053,0.0,0.0,0.08021297809289057,0.9197870219071094,0.0,44.75,20.67602777481079
taxi-M,0.5,drivers,150,16,Factored Batch RL,-5.133333333333334,100.0,757,0,-5.378333333333333,-6.846098452429095,0.265,14.249999999999998,0.9413976116762495,0.048556264611107604,0.010046123712642952,100.0,20.67602777481079
taxi-M,0.5,drivers,150,17,Imitation,-5.133333333333334,100.0,661,0,-14.851944444444445,-15.054256670460035,1.725,61.916666666666664,0.9405161018410314,0.0,0.05948389815896856,100.0,14.992812871932983
taxi-M,0.5,drivers,150,17,BC,-5.133333333333334,100.0,661,0,-34.0225,-18.93447817674653,1.725,61.916666666666664,0.9412215691285458,0.0,0.05877843087145413,98.16666666666667,14.992812871932983
taxi-M,0.5,drivers,150,17,RECO,-5.133333333333334,100.0,661,0,-15.337222222222222,-15.478706284328101,0.03,3.0,0.9405523570816098,0.05842999425216957,0.0010176486662206601,100.0,14.992812871932983
taxi-M,0.5,drivers,150,17,RECO-greedy,-5.133333333333334,100.0,661,0,-5.700833333333334,-7.1288357988458815,0.03,3.0,0.9343653444024843,0.06451109515932711,0.001123560438188571,100.0,14.992812871932983
taxi-M,0.5,drivers,150,17,In-data planning (POR-style),-5.133333333333334,100.0,661,0,-5.14,-6.614581257712247,1.725,61.916666666666664,0.9340091813312931,0.0,0.06599081866870696,100.0,14.992812871932983
taxi-M,0.5,drivers,150,17,Ours,-5.133333333333334,100.0,661,0,-6.708333333333333,-7.935781754364323,0.03,3.0,0.8821353383458647,0.11678195488721804,0.0010827067669172932,100.0,14.992812871932983
taxi-M,0.5,drivers,150,17,Ours w/o stitching,-5.133333333333334,100.0,661,0,-5.62,-7.0365266517763025,0.03,3.0,0.9207362885048835,0.0781367392937641,0.0011269722013523666,100.0,14.992812871932983
taxi-M,0.5,drivers,150,17,Ours w/o execution rule,-5.133333333333334,100.0,661,0,-59.6925,-28.24673821569702,0.03,3.0,0.216216819592347,0.7833813319045386,0.0004018485031143259,71.25,14.992812871932983
taxi-M,0.5,drivers,150,17,Factored Batch RL,-5.133333333333334,100.0,661,0,-5.578333333333333,-7.026813926220975,0.175,12.0,0.9273844610271524,0.06603122844422149,0.006584310528626074,100.0,14.992812871932983
taxi-M,0.5,drivers,150,18,Imitation,-5.633333333333334,100.0,665,2,-14.895833333333334,-15.022072766402468,2.585,63.083333333333336,0.9126197183098591,0.0,0.08738028169014085,100.0,16.79592776298523
taxi-M,0.5,drivers,150,18,BC,-5.633333333333334,100.0,665,2,-24.979166666666668,-15.310766352572204,2.585,63.083333333333336,0.9115458096894693,0.0,0.08845419031053067,98.5,16.79592776298523
taxi-M,0.5,drivers,150,18,RECO,-5.633333333333334,100.0,665,2,-15.828055555555556,-15.777479392602848,0.01,1.0,0.9043336282620792,0.09533799746422089,0.0003283742736999571,100.0,16.79592776298523
taxi-M,0.5,drivers,150,18,RECO-greedy,-5.633333333333334,100.0,665,2,-6.338333333333333,-7.670958809277715,0.01,1.0,0.8934341279034324,0.10620008535024081,0.0003657867463268914,100.0,16.79592776298523
taxi-M,0.5,drivers,150,18,In-data planning (POR-style),-5.633333333333334,100.0,665,2,-5.636666666666667,-7.043738668283112,2.585,63.083333333333336,0.9029533224877988,0.0,0.09704667751220122,100.0,16.79592776298523
taxi-M,0.5,drivers,150,18,Ours,-5.633333333333334,100.0,665,2,-7.433333333333334,-8.54059863994083,0.01,1.0,0.8488276670574443,0.150820633059789,0.00035169988276670573,100.0,16.79592776298523
taxi-M,0.5,drivers,150,18,Ours w/o stitching,-5.633333333333334,100.0,665,2,-6.3625,-7.660157259254617,0.01,1.0,0.8768691944571342,0.12276534186081925,0.0003654636820465966,100.0,16.79592776298523
taxi-M,0.5,drivers,150,18,Ours w/o execution rule,-5.633333333333334,100.0,665,2,-65.68,-30.769612606506065,0.01,1.0,0.19003280737384784,0.8098422121543509,0.00012498047180128105,68.25,16.79592776298523
taxi-M,0.5,drivers,150,18,Factored Batch RL,-5.633333333333334,100.0,665,2,-5.918333333333333,-7.300225240652917,0.1175,10.75,0.8885517924586713,0.10708315274596,0.004365054795368708,100.0,16.79592776298523
taxi-M,0.5,drivers,150,19,Imitation,-5.133333333333334,100.0,612,0,-17.47861111111111,-17.28988206805284,2.5241666666666664,66.58333333333334,0.9158431888272502,0.0,0.08415681117274976,100.0,13.90062928199768
taxi-M,0.5,drivers,150,19,BC,-5.133333333333334,100.0,612,0,-55.843333333333334,-28.36550933572249,2.5241666666666664,66.58333333333334,0.919787087548329,0.0,0.08021291245167099,97.0,13.90062928199768
taxi-M,0.5,drivers,150,19,RECO,-5.133333333333334,100.0,612,0,-20.65138888888889,-19.730119183003577,0.6283333333333333,19.75,0.8481657351767029,0.13282346514266505,0.01901079968063201,100.0,13.90062928199768
taxi-M,0.5,drivers,150,19,RECO-greedy,-5.133333333333334,100.0,612,0,-8.23,-9.276938070446468,0.6283333333333333,19.75,0.8283156574295815,0.1501881628463907,0.021496179724027824,100.0,13.90062928199768
taxi-M,0.5,drivers,150,19,In-data planning (POR-style),-5.133333333333334,100.0,612,0,-5.183333333333334,-6.670126655221883,2.5241666666666664,66.58333333333334,0.9035964353914704,0.0,0.0964035646085296,100.0,13.90062928199768
taxi-M,0.5,drivers,150,19,Ours,-5.133333333333334,100.0,612,0,-11.413333333333334,-11.901572488901882,0.65,25.25,0.7174259563965446,0.2625205676676265,0.020053475935828877,100.0,13.90062928199768
taxi-M,0.5,drivers,150,19,Ours w/o stitching,-5.133333333333334,100.0,612,0,-8.673333333333334,-9.630091510629018,0.5616666666666666,20.833333333333336,0.7994832621882723,0.1815884070995282,0.018928330712199504,100.0,13.90062928199768
taxi-M,0.5,drivers,150,19,Ours w/o execution rule,-5.133333333333334,100.0,612,0,-112.07,-49.59996192530525,0.06,4.0,0.0746729838294366,0.924832629519003,0.0004943866515604078,44.25,13.90062928199768
taxi-M,0.5,drivers,150,19,Factored Batch RL,-5.133333333333334,100.0,612,0,-5.213333333333333,-6.698966289294046,1.365,40.0,0.903293489318413,0.04463377416073245,0.05207273652085453,100.0,13.90062928199768
taxi-M,0.5,drivers,150,20,Imitation,-3.8133333333333335,100.0,829,1,-17.708333333333332,-17.400748741609867,1.0208333333333333,50.33333333333333,0.9664925189419842,0.0,0.03350748105801581,100.0,15.86778998374939
taxi-M,0.5,drivers,150,20,BC,-3.8133333333333335,100.0,829,1,-40.69166666666667,-22.114627298972124,1.0208333333333333,50.33333333333333,0.9731459762807725,0.0,0.02685402371922748,93.75,15.86778998374939
taxi-M,0.5,drivers,150,20,RECO,-3.8133333333333335,100.0,829,1,-18.894166666666667,-18.422627276760323,0.0,0.0,0.9745973900694016,0.025402609930598355,0.0,100.0,15.86778998374939
taxi-M,0.5,drivers,150,20,RECO-greedy,-3.8133333333333335,100.0,829,1,-4.985833333333333,-6.460026355739186,0.0,0.0,0.9695988198698009,0.030401180130199146,0.0,100.0,15.86778998374939
taxi-M,0.5,drivers,150,20,In-data planning (POR-style),-3.8133333333333335,100.0,829,1,-4.508333333333334,-6.016960941726756,1.0208333333333333,50.33333333333333,0.9599803985625612,0.0,0.04001960143743875,100.0,15.86778998374939
taxi-M,0.5,drivers,150,20,Ours,-3.8133333333333335,100.0,829,1,-4.793333333333333,-6.26139764202134,0.0,0.0,0.9034311191522357,0.09656888084776429,0.0,100.0,15.86778998374939
taxi-M,0.5,drivers,150,20,Ours w/o stitching,-3.8133333333333335,100.0,829,1,-4.5525,-6.059526022362754,0.0,0.0,0.9488308384698171,0.05116916153018296,0.0,100.0,15.86778998374939
taxi-M,0.5,drivers,150,20,Ours w/o execution rule,-3.8133333333333335,100.0,829,1,-42.785833333333336,-21.129188777762167,0.0,0.0,0.3025055991041433,0.6974944008958567,0.0,79.75,15.86778998374939
taxi-M,0.5,drivers,150,20,Factored Batch RL,-3.8133333333333335,100.0,829,1,-4.153333333333333,-5.718817895360352,0.0175,1.7500000000000002,0.9310893188444209,0.06821494831698913,0.0006957328385899814,100.0,15.86778998374939
taxi-M,0.5,drivers,150,21,Imitation,-4.093333333333334,100.0,778,3,-15.355555555555556,-15.47830514554189,1.6883333333333332,54.666666666666664,0.9433218012439736,0.0,0.05667819875602637,100.0,17.232191562652588
taxi-M,0.5,drivers,150,21,BC,-4.093333333333334,100.0,778,3,-50.62833333333333,-25.635318820847907,1.6883333333333332,54.666666666666664,0.9495052712907809,0.0,0.05049472870921915,95.41666666666667,17.232191562652588
taxi-M,0.5,drivers,150,21,RECO,-4.093333333333334,100.0,778,3,-16.308611111111112,-16.285785893693955,0.0,0.0,0.9509991837782812,0.04900081622171883,0.0,100.0,17.232191562652588
taxi-M,0.5,drivers,150,21,RECO-greedy,-4.093333333333334,100.0,778,3,-4.6066666666666665,-6.14759076970669,0.0,0.0,0.9420398333767248,0.05796016662327519,0.0,100.0,17.232191562652588
taxi-M,0.5,drivers,150,21,In-data planning (POR-style),-4.093333333333334,100.0,778,3,-4.166666666666667,-5.740974299178947,1.6883333333333332,54.666666666666664,0.9329139072847682,0.0,0.06708609271523179,100.0,17.232191562652588
taxi-M,0.5,drivers,150,21,Ours,-4.093333333333334,100.0,778,3,-5.3758333333333335,-6.829555733950874,0.0,0.0,0.8675555274714859,0.1324444725285141,0.0,100.0,17.232191562652588
taxi-M,0.5,drivers,150,21,Ours w/o stitching,-4.093333333333334,100.0,778,3,-4.420833333333333,-5.975211630515088,0.0,0.0,0.9198492050483528,0.08015079495164727,0.0,100.0,17.232191562652588
taxi-M,0.5,drivers,150,21,Ours w/o execution rule,-4.093333333333334,100.0,778,3,-86.68583333333333,-39.163334369411935,0.0,0.0,0.12996200928661883,0.8700379907133812,0.0,57.25,17.232191562652588
taxi-M,0.5,drivers,150,21,Factored Batch RL,-4.093333333333334,100.0,778,3,-4.613333333333333,-6.143707839590413,0.045,2.25,0.9219482040603852,0.0762948984903696,0.0017568974492451848,100.0,17.232191562652588
taxi-M,0.5,drivers,150,22,Imitation,-5.133333333333334,100.0,753,2,-18.022222222222222,-17.808004853991957,1.18,53.333333333333336,0.9613649592549476,0.0,0.03863504074505238,100.0,20.47682547569275
taxi-M,0.5,drivers,150,22,BC,-5.133333333333334,100.0,753,2,-37.5675,-20.785739578497918,1.18,53.333333333333336,0.9699017982400204,0.0,0.030098201759979595,93.08333333333333,20.47682547569275
taxi-M,0.5,drivers,150,22,RECO,-5.133333333333334,100.0,753,2,-18.561666666666667,-18.267874412190494,0.0,0.0,0.9652999404987288,0.03470005950127116,0.0,100.0,20.47682547569275
taxi-M,0.5,drivers,150,22,RECO-greedy,-5.133333333333334,100.0,753,2,-5.4625,-6.89487462504823,0.0,0.0,0.9595969138718312,0.04040308612816879,0.0,100.0,20.47682547569275
taxi-M,0.5,drivers,150,22,In-data planning (POR-style),-5.133333333333334,100.0,753,2,-5.133333333333334,-6.592843978060828,1.18,53.333333333333336,0.9548469387755102,0.0,0.045153061224489796,100.0,20.47682547569275
taxi-M,0.5,drivers,150,22,Ours,-5.133333333333334,100.0,753,2,-7.328333333333333,-8.424357710624955,0.0,0.0,0.9048655645113843,0.09513443548861564,0.0,100.0,20.47682547569275
taxi-M,0.5,drivers,150,22,Ours w/o stitching,-5.133333333333334,100.0,753,2,-5.418333333333333,-6.839874748369775,0.0,0.0,0.9465017979938174,0.05349820200618258,0.0,100.0,20.47682547569275
taxi-M,0.5,drivers,150,22,Ours w/o execution rule,-5.133333333333334,100.0,753,2,-61.336666666666666,-28.759082572111808,0.0,0.0,0.20876822149451849,0.7912317785054815,0.0,70.25,20.47682547569275
taxi-M,0.5,drivers,150,22,Factored Batch RL,-5.133333333333334,100.0,753,2,-5.363333333333333,-6.803744362594916,0.0625,4.25,0.9457579972183588,0.05187128587684916,0.0023707169047920093,100.0,20.47682547569275
taxi-M,0.5,drivers,150,23,Imitation,-5.133333333333334,100.0,648,2,-15.098333333333333,-15.211625796021472,1.9858333333333333,64.16666666666667,0.9325368739914504,0.0,0.06746312600854967,100.0,14.938906908035278
taxi-M,0.5,drivers,150,23,BC,-5.133333333333334,100.0,648,2,-47.80583333333333,-25.34160180918864,1.9858333333333333,64.16666666666667,0.9491930153721511,0.0,0.05080698462784897,93.33333333333333,14.938906908035278
taxi-M,0.5,drivers,150,23,RECO,-5.133333333333334,100.0,648,2,-16.070833333333333,-16.058960246210347,0.02,2.0,0.9223784256878726,0.07696515507904382,0.0006564192330835294,100.0,14.938906908035278
taxi-M,0.5,drivers,150,23,RECO-greedy,-5.133333333333334,100.0,648,2,-5.994166666666667,-7.38877103295068,0.02,2.0,0.9123884789923749,0.0868706201957213,0.0007409008119038064,100.0,14.938906908035278
taxi-M,0.5,drivers,150,23,In-data planning (POR-style),-5.133333333333334,100.0,648,2,-5.14,-6.62862587728683,1.9858333333333333,64.16666666666667,0.9240308594746238,0.0,0.07596914052537618,100.0,14.938906908035278
taxi-M,0.5,drivers,150,23,Ours,-5.133333333333334,100.0,648,2,-6.640833333333333,-7.932983631773999,0.02,2.0,0.8775061050981338,0.1217703277156381,0.0007235671862281046,100.0,14.938906908035278
taxi-M,0.5,drivers,150,23,Ours w/o stitching,-5.133333333333334,100.0,648,2,-6.064166666666667,-7.436320854080871,0.02,2.0,0.8948486621301228,0.10441235335776088,0.0007389845121162669,100.0,14.938906908035278
taxi-M,0.5,drivers,150,23,Ours w/o execution rule,-5.133333333333334,100.0,648,2,-58.964166666666664,-28.082220396543896,0.02,2.0,0.22142551610797181,0.7783043292284834,0.00027015466354487946,71.75,14.938906908035278
taxi-M,0.5,drivers,150,23,Factored Batch RL,-5.133333333333334,100.0,648,2,-5.913333333333333,-7.338177767102833,0.375,17.0,0.9062422591032945,0.07982412682685162,0.013933614069853852,100.0,14.938906908035278
taxi-M,0.5,drivers,150,24,Imitation,-3.953333333333333,100.0,786,0,-15.933333333333334,-15.914182277674811,1.2675,53.166666666666664,0.9574283475145544,0.0,0.04257165248544559,100.0,20.88453435897827
taxi-M,0.5,drivers,150,24,BC,-3.953333333333333,100.0,786,0,-37.26583333333333,-20.719548965849356,1.2675,53.166666666666664,0.9622327614034216,0.0,0.03776723859657835,96.25,20.88453435897827
taxi-M,0.5,drivers,150,24,RECO,-3.953333333333333,100.0,786,0,-16.5925,-16.48204239331173,0.01,1.0,0.9664545980335454,0.03321490539535652,0.00033049657109807487,100.0,20.88453435897827
taxi-M,0.5,drivers,150,24,RECO-greedy,-3.953333333333333,100.0,786,0,-5.2175,-6.681631074559693,0.01,1.0,0.9612854009726328,0.03833317440640793,0.0003814246209592829,100.0,20.88453435897827
taxi-M,0.5,drivers,150,24,In-data planning (POR-style),-3.953333333333333,100.0,786,0,-4.678333333333334,-6.184482986816722,1.2675,53.166666666666664,0.950639319789706,0.0,0.04936068021029402,100.0,20.88453435897827
taxi-M,0.5,drivers,150,24,Ours,-3.953333333333333,100.0,786,0,-4.575833333333334,-6.102123687196781,0.01,1.0,0.907204066338666,0.09240493955882832,0.00039099410250562056,100.0,20.88453435897827
taxi-M,0.5,drivers,150,24,Ours w/o stitching,-3.953333333333333,100.0,786,0,-4.966666666666667,-6.443875337315726,0.01,1.0,0.9433568677792041,0.05625802310654685,0.0003851091142490372,100.0,20.88453435897827
taxi-M,0.5,drivers,150,24,Ours w/o execution rule,-3.953333333333333,100.0,786,0,-46.4025,-22.725571270146357,0.01,1.0,0.2821778892738157,0.7176628306720291,0.0001592800541552184,78.0,20.88453435897827
taxi-M,0.5,drivers,150,24,Factored Batch RL,-3.953333333333333,100.0,786,0,-4.283333333333333,-5.847644280726072,0.2075,9.5,0.931542518127884,0.06025049439683586,0.008206987475280158,100.0,20.88453435897827
taxi-M,0.5,drivers,150,25,Imitation,-4.553333333333334,100.0,730,2,-15.459166666666667,-15.608018273326541,1.5008333333333332,57.08333333333333,0.9499750013888117,0.0,0.05002499861118827,100.0,17.828262090682983
taxi-M,0.5,drivers,150,25,BC,-4.553333333333334,100.0,730,2,-23.80666666666667,-14.727292036155902,1.5008333333333332,57.08333333333333,0.9513847648868974,0.0,0.04861523511310263,97.5,17.828262090682983
taxi-M,0.5,drivers,150,25,RECO,-4.553333333333334,100.0,730,2,-16.335833333333333,-16.350778930577306,0.0,0.0,0.9393710556124926,0.06062894438750742,0.0,100.0,17.828262090682983
taxi-M,0.5,drivers,150,25,RECO-greedy,-4.553333333333334,100.0,730,2,-5.784166666666667,-7.226258230897938,0.0,0.0,0.9300581811393547,0.06994181886064528,0.0,100.0,17.828262090682983
taxi-M,0.5,drivers,150,25,In-data planning (POR-style),-4.553333333333334,100.0,730,2,-4.95,-6.466454542919085,1.5008333333333332,57.08333333333333,0.9421644187540141,0.0,0.05783558124598587,100.0,17.828262090682983
taxi-M,0.5,drivers,150,25,Ours,-4.553333333333334,100.0,730,2,-6.2508333333333335,-7.6259141485301445,0.0,0.0,0.869270052903581,0.13072994709641908,0.0,100.0,17.828262090682983
taxi-M,0.5,drivers,150,25,Ours w/o stitching,-4.553333333333334,100.0,730,2,-5.5808333333333335,-7.037168439090926,0.0,0.0,0.9172335956359532,0.08276640436404678,0.0,100.0,17.828262090682983
taxi-M,0.5,drivers,150,25,Ours w/o execution rule,-4.553333333333334,100.0,730,2,-91.01666666666667,-41.16959263293168,0.0,0.0,0.12344997279585522,0.8765500272041448,0.0,55.25,17.828262090682983
taxi-M,0.5,drivers,150,25,Factored Batch RL,-4.553333333333334,100.0,730,2,-5.6883333333333335,-7.131252797381831,0.04,3.0,0.9030162992568538,0.09548491850371574,0.0014987822394304628,100.0,17.828262090682983
taxi-M,0.5,drivers,150,26,Imitation,-5.133333333333334,100.0,748,0,-15.01388888888889,-15.19190752362777,1.23,54.91666666666667,0.9582007834993156,0.0,0.04179921650068438,100.0,20.46483016014099
taxi-M,0.5,drivers,150,26,BC,-5.133333333333334,100.0,748,0,-28.5025,-16.516518416457686,1.23,54.91666666666667,0.9585649317837291,0.0,0.04143506821627085,97.91666666666666,20.46483016014099
taxi-M,0.5,drivers,150,26,RECO,-5.133333333333334,100.0,748,0,-15.7375,-15.790669562767846,0.0,0.0,0.9614237533796025,0.03857624662039747,0.0,100.0,20.46483016014099
taxi-M,0.5,drivers,150,26,RECO-greedy,-5.133333333333334,100.0,748,0,-5.530833333333334,-6.95417876092508,0.0,0.0,0.9565285673901436,0.043471432609856454,0.0,100.0,20.46483016014099
taxi-M,0.5,drivers,150,26,In-data planning (POR-style),-5.133333333333334,100.0,748,0,-5.1466666666666665,-6.6041415117448,1.23,54.91666666666667,0.9529576746557878,0.0,0.047042325344212134,100.0,20.46483016014099
taxi-M,0.5,drivers,150,26,Ours,-5.133333333333334,100.0,748,0,-7.690833333333333,-8.724315854406347,0.0,0.0,0.8834703302448518,0.11652966975514828,0.0,100.0,20.46483016014099
taxi-M,0.5,drivers,150,26,Ours w/o stitching,-5.133333333333334,100.0,748,0,-5.465833333333333,-6.877967230933118,0.0,0.0,0.9407097200793476,0.05929027992065242,0.0,100.0,20.46483016014099
taxi-M,0.5,drivers,150,26,Ours w/o execution rule,-5.133333333333334,100.0,748,0,-77.33166666666666,-35.27544281525357,0.0,0.0,0.15316079762409843,0.8468392023759016,0.0,62.0,20.46483016014099
taxi-M,0.5,drivers,150,26,Factored Batch RL,-5.133333333333334,100.0,748,0,-5.428333333333334,-6.869081547592696,0.04,4.0,0.9460490635050767,0.052437409346030146,0.0015135271488932332,100.0,20.46483016014099
taxi-M,0.5,drivers,150,27,Imitation,-5.633333333333334,100.0,640,2,-16.861944444444443,-16.641397236187732,2.8175,66.0,0.9081258321935489,0.0,0.09187416780645102,100.0,22.32453465461731
taxi-M,0.5,drivers,150,27,BC,-5.633333333333334,100.0,640,2,-17.243333333333332,-12.70426087987178,2.8175,66.0,0.907602754700481,0.0,0.09239724529951902,98.66666666666667,22.32453465461731
taxi-M,0.5,drivers,150,27,RECO,-5.633333333333334,100.0,640,2,-17.74111111111111,-17.384808719003818,0.02,2.0,0.8994576920710537,0.09990946885464917,0.0006328390742970652,100.0,22.32453465461731
taxi-M,0.5,drivers,150,27,RECO-greedy,-5.633333333333334,100.0,640,2,-6.6225,-7.928917974232259,0.02,2.0,0.8849669653362295,0.11430898723866413,0.0007240474251063445,100.0,22.32453465461731
taxi-M,0.5,drivers,150,27,In-data planning (POR-style),-5.633333333333334,100.0,640,2,-5.651666666666666,-7.058023769281047,2.8175,66.0,0.894284284910262,0.0,0.10571571508973798,100.0,22.32453465461731
taxi-M,0.5,drivers,150,27,Ours,-5.633333333333334,100.0,640,2,-7.440833333333333,-8.56541031665147,0.02,2.0,0.8483694218992646,0.15092736382548566,0.0007032142752497876,100.0,22.32453465461731
taxi-M,0.5,drivers,150,27,Ours w/o stitching,-5.633333333333334,100.0,640,2,-6.364166666666667,-7.658527940659648,0.02,2.0,0.8716691536985718,0.12759996345585772,0.0007308828455705454,100.0,22.32453465461731
taxi-M,0.5,drivers,150,27,Ours w/o execution rule,-5.633333333333334,100.0,640,2,-76.09666666666666,-34.8900982606711,0.02,2.0,0.15186364103090666,0.8479123299946794,0.00022402897441402422,62.74999999999999,22.32453465461731
taxi-M,0.5,drivers,150,27,Factored Batch RL,-5.633333333333334,100.0,640,2,-6.488333333333333,-7.83144198194813,1.415,27.250000000000004,0.8834657127266113,0.06505790335293761,0.0514763839204511,100.0,22.32453465461731
taxi-M,0.5,drivers,150,28,Imitation,-4.138333333333334,100.0,707,2,-15.676944444444445,-15.791002818322752,2.4091666666666667,61.25000000000001,0.9175421416415512,0.0,0.08245785835844877,100.0,18.23748254776001
taxi-M,0.5,drivers,150,28,BC,-4.138333333333334,100.0,707,2,-54.71083333333333,-27.334633696678562,2.4091666666666667,61.25000000000001,0.9349240292628025,0.0,0.06507597073719752,93.33333333333333,18.23748254776001
taxi-M,0.5,drivers,150,28,RECO,-4.138333333333334,100.0,707,2,-16.449166666666667,-16.429047567775296,0.0,0.0,0.9146718146718147,0.08532818532818533,0.0,100.0,18.23748254776001
taxi-M,0.5,drivers,150,28,RECO-greedy,-4.138333333333334,100.0,707,2,-5.26,-6.729004057097321,0.0,0.0,0.9018151815181518,0.09818481848184818,0.0,100.0,18.23748254776001
taxi-M,0.5,drivers,150,28,In-data planning (POR-style),-4.138333333333334,100.0,707,2,-4.22,-5.78759462124992,2.4091666666666667,61.25000000000001,0.9044739624636532,0.0,0.09552603753634681,100.0,18.23748254776001
taxi-M,0.5,drivers,150,28,Ours,-4.138333333333334,100.0,707,2,-5.098333333333334,-6.574677490618907,0.0,0.0,0.8687017050897248,0.13129829491027525,0.0,100.0,18.23748254776001
taxi-M,0.5,drivers,150,28,Ours w/o stitching,-4.138333333333334,100.0,707,2,-4.835,-6.344393003869397,0.0,0.0,0.88578156247984,0.11421843752015999,0.0,100.0,18.23748254776001
taxi-M,0.5,drivers,150,28,Ours w/o execution rule,-4.138333333333334,100.0,707,2,-49.01083333333333,-23.887319818858657,0.0,0.0,0.2614965324871408,0.7385034675128592,0.0,76.75,18.23748254776001
taxi-M,0.5,drivers,150,28,Factored Batch RL,-4.138333333333334,100.0,707,2,-5.053333333333334,-6.548586141155576,0.3475,11.5,0.8776228249744115,0.10903915046059365,0.013338024564994883,100.0,18.23748254776001
taxi-M,0.5,drivers,150,29,Imitation,-5.133333333333334,100.0,621,0,-14.299166666666666,-14.546286489017152,2.4691666666666667,65.75,0.91519748139668,0.0,0.08480251860331997,100.0,18.70322561264038
taxi-M,0.5,drivers,150,29,BC,-5.133333333333334,100.0,621,0,-33.09916666666667,-18.569822365745516,2.4691666666666667,65.75,0.9171536418286034,0.0,0.08284635817139661,97.91666666666666,18.70322561264038
taxi-M,0.5,drivers,150,29,RECO,-5.133333333333334,100.0,621,0,-15.695277777777777,-15.692769193199828,0.07,4.0,0.9015798208374975,0.09610958803627262,0.002310591126229794,100.0,18.70322561264038
taxi-M,0.5,drivers,150,29,RECO-greedy,-5.133333333333334,100.0,621,0,-6.3225,-7.6603935083676165,0.07,4.0,0.8908713819501631,0.10656662701680544,0.0025619910330313845,100.0,18.70322561264038
taxi-M,0.5,drivers,150,29,In-data planning (POR-style),-5.133333333333334,100.0,621,0,-5.133333333333334,-6.607700269618855,2.4691666666666667,65.75,0.905516581632653,0.0,0.09448341836734694,100.0,18.70322561264038
taxi-M,0.5,drivers,150,29,Ours,-5.133333333333334,100.0,621,0,-7.9783333333333335,-9.007694990641513,0.07,4.0,0.8175360901823201,0.1800483119572094,0.0024155978604704664,100.0,18.70322561264038
taxi-M,0.5,drivers,150,29,Ours w/o stitching,-5.133333333333334,100.0,621,0,-6.6883333333333335,-7.925902274301375,0.07,4.0,0.8555348221272497,0.14193703725997714,0.0025281406127731294,100.0,18.70322561264038
taxi-M,0.5,drivers,150,29,Ours w/o execution rule,-5.133333333333334,100.0,621,0,-79.05416666666666,-36.118314182334785,0.07,4.0,0.14437896645512238,0.8548594741613781,0.0007615593834995467,61.25000000000001,18.70322561264038
taxi-M,0.5,drivers,150,29,Factored Batch RL,-5.133333333333334,100.0,621,0,-5.693333333333333,-7.111896782809252,0.5575,15.75,0.8924200799200799,0.08669455544455544,0.020885364635364636,100.0,18.70322561264038
taxi-M,0.5,noisy_expert,50,0,Imitation,-5.633333333333334,100.0,477,0,-16.99111111111111,-16.878332506440508,2.5775,72.41666666666666,0.9131529440393849,0.0,0.08684705596061511,100.0,17.24359369277954
taxi-M,0.5,noisy_expert,50,0,BC,-5.633333333333334,100.0,477,0,-365.9791666666667,-156.57677552069907,2.5775,72.41666666666666,0.964396302648694,0.0,0.03560369735130593,73.08333333333333,17.24359369277954
taxi-M,0.5,noisy_expert,50,0,RECO,-5.633333333333334,100.0,477,0,-19.155,-18.606694506638846,0.04,3.0,0.9052098408104197,0.09350377874256312,0.0012863804470172053,100.0,17.24359369277954
taxi-M,0.5,noisy_expert,50,0,RECO-greedy,-5.633333333333334,100.0,477,0,-7.006666666666667,-8.206347280048044,0.04,3.0,0.894757200666508,0.10381456796000953,0.0014282313734825041,100.0,17.24359369277954
taxi-M,0.5,noisy_expert,50,0,In-data planning (POR-style),-5.633333333333334,100.0,477,0,-5.633333333333334,-7.021846436583392,2.5775,72.41666666666666,0.9032227784730914,0.0,0.09677722152690864,100.0,17.24359369277954
taxi-M,0.5,noisy_expert,50,0,Ours,-5.633333333333334,100.0,477,0,-9.903333333333334,-10.456513580096978,0.04,3.0,0.779123071944774,0.2195825693021249,0.0012943587531010678,100.0,17.24359369277954
taxi-M,0.5,noisy_expert,50,0,Ours w/o stitching,-5.633333333333334,100.0,477,0,-8.466666666666667,-9.322278974326997,0.04,3.0,0.8203337104072398,0.17830882352941177,0.0013574660633484162,100.0,17.24359369277954
taxi-M,0.5,noisy_expert,50,0,Ours w/o execution rule,-5.633333333333334,100.0,477,0,-51.58416666666667,-25.014494910903583,0.04,3.0,0.24796421466259716,0.7514426581981292,0.0005931271392736664,75.5,17.24359369277954
taxi-M,0.5,noisy_expert,50,0,Factored Batch RL,-5.633333333333334,100.0,477,0,-5.963333333333333,-7.333724648728259,0.525,26.5,0.9007602917542341,0.07976882185684263,0.01947088638892323,100.0,17.24359369277954
taxi-M,0.5,noisy_expert,50,1,Imitation,-5.133333333333334,100.0,456,0,-13.9775,-14.318220246447824,3.158333333333333,73.58333333333333,0.8901353740905006,0.0,0.10986462590949937,100.0,23.886794090270996
taxi-M,0.5,noisy_expert,50,1,BC,-5.133333333333334,100.0,456,0,-160.6925,-71.35337169111034,3.158333333333333,73.58333333333333,0.948094279414383,0.0,0.05190572058561705,80.08333333333333,23.886794090270996
taxi-M,0.5,noisy_expert,50,1,RECO,-5.133333333333334,100.0,456,0,-15.336666666666666,-15.493421452329232,0.0,0.0,0.9006358413743097,0.09936415862569022,0.0,100.0,23.886794090270996
taxi-M,0.5,noisy_expert,50,1,RECO-greedy,-5.133333333333334,100.0,456,0,-6.236666666666666,-7.6195162741146,0.0,0.0,0.8909864153714355,0.10901358462856443,0.0,100.0,23.886794090270996
taxi-M,0.5,noisy_expert,50,1,In-data planning (POR-style),-5.133333333333334,100.0,456,0,-5.141666666666667,-6.6295985699982625,3.158333333333333,73.58333333333333,0.8791839336946127,0.0,0.12081606630538731,100.0,23.886794090270996
taxi-M,0.5,noisy_expert,50,1,Ours,-5.133333333333334,100.0,456,0,-8.395833333333334,-9.461129296122175,0.0,0.0,0.7816300496102055,0.21836995038979448,0.0,100.0,23.886794090270996
taxi-M,0.5,noisy_expert,50,1,Ours w/o stitching,-5.133333333333334,100.0,456,0,-6.543333333333333,-7.862468016551406,0.0,0.0,0.8364092944451168,0.16359070555488323,0.0,100.0,23.886794090270996
taxi-M,0.5,noisy_expert,50,1,Ours w/o execution rule,-5.133333333333334,100.0,456,0,-104.34083333333334,-46.47177805562712,0.0,0.0,0.08713819812474521,0.9128618018752548,0.0,48.25,23.886794090270996
taxi-M,0.5,noisy_expert,50,1,Factored Batch RL,-5.133333333333334,100.0,456,0,-5.828333333333333,-7.268495446772408,0.1075,8.5,0.872491768652544,0.12350127352922904,0.0040069578182269985,100.0,23.886794090270996
taxi-M,0.5,noisy_expert,50,2,Imitation,-5.633333333333334,100.0,437,0,-15.949444444444444,-15.845250325231072,3.13,74.75,0.8926038886770873,0.0,0.1073961113229127,100.0,20.713666200637817
taxi-M,0.5,noisy_expert,50,2,BC,-5.633333333333334,100.0,437,0,-196.825,-86.34732402238086,3.13,74.75,0.9477222430999207,0.0,0.05227775690007933,80.91666666666667,20.713666200637817
taxi-M,0.5,noisy_expert,50,2,RECO,-5.633333333333334,100.0,437,0,-17.483333333333334,-17.12069259251067,0.04,4.0,0.8763805358119191,0.12230727173318753,0.0013121924548933845,100.0,20.713666200637817
taxi-M,0.5,noisy_expert,50,2,RECO-greedy,-5.633333333333334,100.0,437,0,-6.871666666666667,-8.13972395007626,0.04,4.0,0.864796986186689,0.13376786461759255,0.0014351491957184715,100.0,20.713666200637817
taxi-M,0.5,noisy_expert,50,2,In-data planning (POR-style),-5.633333333333334,100.0,437,0,-5.645,-7.052627218647534,3.13,74.75,0.8825295552636517,0.0,0.11747044473634828,100.0,20.713666200637817
taxi-M,0.5,noisy_expert,50,2,Ours,-5.633333333333334,100.0,437,0,-8.688333333333333,-9.61724312791875,0.04,4.0,0.7861674058272049,0.21248526357154887,0.0013473306012462807,100.0,20.713666200637817
taxi-M,0.5,noisy_expert,50,2,Ours w/o stitching,-5.633333333333334,100.0,437,0,-7.035,-8.272005437205395,0.04,4.0,0.8428749777064384,0.15569823434991975,0.0014267879436418763,100.0,20.713666200637817
taxi-M,0.5,noisy_expert,50,2,Ours w/o execution rule,-5.633333333333334,100.0,437,0,-73.58416666666666,-34.074371311847074,0.04,4.0,0.16194541208896374,0.8375952226007732,0.0004593653102629866,64.25,20.713666200637817
taxi-M,0.5,noisy_expert,50,2,Factored Batch RL,-5.633333333333334,100.0,437,0,-6.4383333333333335,-7.799616112608176,0.0875,8.75,0.8706189637368645,0.12619206705946667,0.003188969203668833,100.0,20.713666200637817
taxi-M,0.5,noisy_expert,50,3,Imitation,-5.633333333333334,100.0,430,0,-16.148611111111112,-16.14785266230282,4.265833333333333,75.91666666666667,0.8554744113384404,0.0,0.1445255886615596,100.0,18.860418558120728
taxi-M,0.5,noisy_expert,50,3,BC,-5.633333333333334,100.0,430,0,-67.67166666666667,-32.93162231716376,4.265833333333333,75.91666666666667,0.8828845317897915,0.0,0.11711546821020842,94.41666666666667,18.860418558120728
taxi-M,0.5,noisy_expert,50,3,RECO,-5.633333333333334,100.0,430,0,-17.43027777777778,-17.198523215004208,0.9458333333333333,12.916666666666668,0.8491692105215055,0.11971045752828706,0.03112033195020747,100.0,18.860418558120728
taxi-M,0.5,noisy_expert,50,3,RECO-greedy,-5.633333333333334,100.0,430,0,-6.425,-7.753510040132924,0.9458333333333333,12.916666666666668,0.8328471589182619,0.13266484351261015,0.034487997569127925,100.0,18.860418558120728
taxi-M,0.5,noisy_expert,50,3,In-data planning (POR-style),-5.633333333333334,100.0,430,0,-5.641666666666667,-7.049012465061569,4.265833333333333,75.91666666666667,0.839881138567407,0.0,0.16011886143259305,100.0,18.860418558120728
taxi-M,0.5,noisy_expert,50,3,Ours,-5.633333333333334,100.0,430,0,-8.49,-9.42661936672211,0.9458333333333333,12.916666666666668,0.7509890358313552,0.2169379450661241,0.032073019102520625,100.0,18.860418558120728
taxi-M,0.5,noisy_expert,50,3,Ours w/o stitching,-5.633333333333334,100.0,430,0,-6.7025,-7.9423565124235695,0.9458333333333333,12.916666666666668,0.809072586709984,0.15678488704388893,0.03414252624612701,100.0,18.860418558120728
taxi-M,0.5,noisy_expert,50,3,Ours w/o execution rule,-5.633333333333334,100.0,430,0,-75.09416666666667,-34.63677483835329,0.9458333333333333,12.916666666666668,0.14107301072633702,0.8482289290629065,0.0106980602107565,63.416666666666664,18.860418558120728
taxi-M,0.5,noisy_expert,50,3,Factored Batch RL,-5.633333333333334,100.0,430,0,-6.338333333333333,-7.703216663951372,0.23,14.75,0.8282021581418033,0.16338474669267816,0.008413095165518502,100.0,18.860418558120728
taxi-M,0.5,noisy_expert,50,4,Imitation,-5.133333333333334,100.0,447,0,-14.783888888888889,-14.892047613597283,3.2625,74.91666666666667,0.88612123797704,0.0,0.11387876202295998,100.0,15.60806131362915
taxi-M,0.5,noisy_expert,50,4,BC,-5.133333333333334,100.0,447,0,-184.06666666666666,-80.2903208593347,3.2625,74.91666666666667,0.934761960307277,0.0,0.065238039692723,85.91666666666666,15.60806131362915
taxi-M,0.5,noisy_expert,50,4,RECO,-5.133333333333334,100.0,447,0,-15.509444444444444,-15.470285950027,0.02,2.0,0.8969153876279816,0.1024132336211559,0.0006713787508625352,100.0,15.60806131362915
taxi-M,0.5,noisy_expert,50,4,RECO-greedy,-5.133333333333334,100.0,447,0,-6.365,-7.670883946768327,0.02,2.0,0.88778244716487,0.11148669224678726,0.0007308605883427736,100.0,15.60806131362915
taxi-M,0.5,noisy_expert,50,4,In-data planning (POR-style),-5.133333333333334,100.0,447,0,-5.165,-6.621799880440592,3.2625,74.91666666666667,0.8753105293330785,0.0,0.12468947066692146,100.0,15.60806131362915
taxi-M,0.5,noisy_expert,50,4,Ours,-5.133333333333334,100.0,447,0,-6.968333333333334,-8.120708998258584,0.02,2.0,0.8161313390143615,0.18315356653357964,0.0007150944520588761,100.0,15.60806131362915
taxi-M,0.5,noisy_expert,50,4,Ours w/o stitching,-5.133333333333334,100.0,447,0,-6.470833333333333,-7.716198055766563,0.02,2.0,0.8408008493857121,0.15847110571818596,0.0007280448961019262,100.0,15.60806131362915
taxi-M,0.5,noisy_expert,50,4,Ours w/o execution rule,-5.133333333333334,100.0,447,0,-37.583333333333336,-19.336888315828176,0.02,2.0,0.32457962488438735,0.6750564796142707,0.00036389550134186465,82.75,15.60806131362915
taxi-M,0.5,noisy_expert,50,4,Factored Batch RL,-5.133333333333334,100.0,447,0,-5.618333333333333,-7.051411361744122,0.2225,14.249999999999998,0.8573038632521445,0.13433723624068625,0.008358900507169245,100.0,15.60806131362915
taxi-M,0.5,noisy_expert,50,5,Imitation,-3.953333333333333,100.0,468,0,-17.415277777777778,-17.241076584930347,2.9758333333333336,73.5,0.895273473776822,0.0,0.10472652622317806,100.0,17.650732040405273
taxi-M,0.5,noisy_expert,50,5,BC,-3.953333333333333,100.0,468,0,-357.92333333333335,-153.14121910198853,2.9758333333333336,73.5,0.9543169287057529,0.0,0.04568307129424708,77.08333333333334,17.650732040405273
taxi-M,0.5,noisy_expert,50,5,RECO,-3.953333333333333,100.0,468,0,-19.134166666666665,-18.72733131779061,0.01,1.0,0.9044784500912537,0.09518461322476485,0.0003369366839814685,100.0,17.650732040405273
taxi-M,0.5,noisy_expert,50,5,RECO-greedy,-3.953333333333333,100.0,468,0,-5.180833333333333,-6.668343775358938,0.01,1.0,0.8917146767673553,0.10790336442053665,0.0003819588121080943,100.0,17.650732040405273
taxi-M,0.5,noisy_expert,50,5,In-data planning (POR-style),-3.953333333333333,100.0,468,0,-3.973333333333333,-5.556431406901708,2.9758333333333336,73.5,0.8808395621996796,0.0,0.11916043780032035,100.0,17.650732040405273
taxi-M,0.5,noisy_expert,50,5,Ours,-3.953333333333333,100.0,468,0,-4.743333333333333,-6.269586343674862,0.01,1.0,0.8639129871811472,0.13569856273468858,0.0003884500841641849,100.0,17.650732040405273
taxi-M,0.5,noisy_expert,50,5,Ours w/o stitching,-3.953333333333333,100.0,468,0,-4.661666666666667,-6.197823703986617,0.01,1.0,0.8666948106774047,0.13291550302006885,0.0003896863025264662,100.0,17.650732040405273
taxi-M,0.5,noisy_expert,50,5,Ours w/o execution rule,-3.953333333333333,100.0,468,0,-26.5925,-14.944722367568462,0.01,1.0,0.4319997048678361,0.5677789460092598,0.0002213491229041005,88.5,17.650732040405273
taxi-M,0.5,noisy_expert,50,5,Factored Batch RL,-3.953333333333333,100.0,468,0,-4.843333333333334,-6.371595867474724,0.1525,10.0,0.870630723590868,0.12346833483812718,0.005900941571004772,100.0,17.650732040405273
taxi-M,0.5,noisy_expert,50,6,Imitation,-100.51666666666667,64.0,442,0,-129.67416666666668,-58.11995667208495,52.18416666666667,74.08333333333333,0.5341600583220508,0.0,0.46583994167794923,50.0,63.08315443992615
taxi-M,0.5,noisy_expert,50,6,BC,-100.51666666666667,64.0,442,0,-203.9775,-88.28805639268838,52.18416666666667,74.08333333333333,0.5935416869503132,0.0,0.4064583130496868,40.08333333333333,63.08315443992615
taxi-M,0.5,noisy_expert,50,6,RECO,-100.51666666666667,64.0,442,0,-145.6125,-65.34204608869287,23.174166666666668,19.166666666666668,0.7476506721789741,0.04850390699447303,0.2038454208265529,50.0,63.08315443992615
taxi-M,0.5,noisy_expert,50,6,RECO-greedy,-100.51666666666667,64.0,442,0,-119.9775,-53.79056882440229,23.174166666666668,19.166666666666668,0.7452473452473453,0.04896584896584896,0.20578680578680578,50.0,63.08315443992615
taxi-M,0.5,noisy_expert,50,6,In-data planning (POR-style),-100.51666666666667,64.0,442,0,-113.90833333333333,-50.41868039199849,52.18416666666667,74.08333333333333,0.5300558340587759,0.0,0.4699441659412241,50.0,63.08315443992615
taxi-M,0.5,noisy_expert,50,6,Ours,-100.51666666666667,64.0,442,0,-144.77666666666667,-61.46348939773122,22.983333333333334,19.166666666666668,0.6922614631250927,0.10310876984715833,0.20462976702774893,50.0,63.08315443992615
taxi-M,0.5,noisy_expert,50,6,Ours w/o stitching,-100.51666666666667,64.0,442,0,-145.68833333333333,-63.496185816307964,22.983333333333334,19.166666666666668,0.7312182891730706,0.06420051627451562,0.20458119455241372,50.0,63.08315443992615
taxi-M,0.5,noisy_expert,50,6,Ours w/o execution rule,-100.51666666666667,64.0,442,0,-112.3225,-49.88054962870842,0.06,3.0,0.14797832137924266,0.8515168724452952,0.0005048061754622131,45.83333333333333,63.08315443992615
taxi-M,0.5,noisy_expert,50,6,Factored Batch RL,-100.51666666666667,64.0,442,0,-139.93916666666667,-60.49297907878283,25.23,23.416666666666668,0.7480645594355524,0.02612658303375647,0.2258088575306911,50.0,63.08315443992615
taxi-M,0.5,noisy_expert,50,7,Imitation,-5.633333333333334,100.0,484,0,-15.375555555555556,-15.433136950451628,3.1816666666666666,72.33333333333334,0.8926764364154267,0.0,0.10732356358457329,100.0,17.067615032196045
taxi-M,0.5,noisy_expert,50,7,BC,-5.633333333333334,100.0,484,0,-172.2675,-76.68231184916286,3.1816666666666666,72.33333333333334,0.9405379308196671,0.0,0.05946206918033298,84.33333333333334,17.067615032196045
taxi-M,0.5,noisy_expert,50,7,RECO,-5.633333333333334,100.0,484,0,-16.585277777777776,-16.39854872094082,0.02,2.0,0.9104295255850996,0.08891885532246095,0.0006516190924394084,100.0,17.067615032196045
taxi-M,0.5,noisy_expert,50,7,RECO-greedy,-5.633333333333334,100.0,484,0,-6.704166666666667,-7.970724966819683,0.02,2.0,0.9007670326364867,0.09851105429387878,0.0007219130696345315,100.0,17.067615032196045
taxi-M,0.5,noisy_expert,50,7,In-data planning (POR-style),-5.633333333333334,100.0,484,0,-5.673333333333333,-7.060423038578622,3.1816666666666666,72.33333333333334,0.8807173206698325,0.0,0.11928267933016745,100.0,17.067615032196045
taxi-M,0.5,noisy_expert,50,7,Ours,-5.633333333333334,100.0,484,0,-8.463333333333333,-9.339175966983163,0.02,2.0,0.8000622242335106,0.19925896594637402,0.0006788098201153976,100.0,17.067615032196045
taxi-M,0.5,noisy_expert,50,7,Ours w/o stitching,-5.633333333333334,100.0,484,0,-7.0841666666666665,-8.242771566428,0.02,2.0,0.8360879499124655,0.16319990504732798,0.0007121450402065221,100.0,17.067615032196045
taxi-M,0.5,noisy_expert,50,7,Ours w/o execution rule,-5.633333333333334,100.0,484,0,-53.24333333333333,-25.542599930661385,0.02,2.0,0.23203009701691144,0.7676795780611134,0.0002903249219751772,74.5,17.067615032196045
taxi-M,0.5,noisy_expert,50,7,Factored Batch RL,-5.633333333333334,100.0,484,0,-6.248333333333333,-7.587987558366936,0.265,12.75,0.8718881888800538,0.11838644565416845,0.009725365465777723,100.0,17.067615032196045
taxi-M,0.5,noisy_expert,50,8,Imitation,-5.633333333333334,100.0,449,0,-14.374722222222223,-14.5791693447761,3.4616666666666664,75.16666666666667,0.8832676077446913,0.0,0.11673239225530879,100.0,18.57175636291504
taxi-M,0.5,noisy_expert,50,8,BC,-5.633333333333334,100.0,449,0,-143.9075,-64.89233330607712,3.4616666666666664,75.16666666666667,0.9474130619168787,0.0,0.05258693808312129,77.33333333333333,18.57175636291504
taxi-M,0.5,noisy_expert,50,8,RECO,-5.633333333333334,100.0,449,0,-15.985555555555555,-15.927328270146786,0.06,3.0,0.8821042158935456,0.11597704620960435,0.0019187378968500719,100.0,18.57175636291504
taxi-M,0.5,noisy_expert,50,8,RECO-greedy,-5.633333333333334,100.0,449,0,-7.276666666666666,-8.485052594910053,0.06,3.0,0.8696215961334434,0.1282565130260521,0.0021218908405045383,100.0,18.57175636291504
taxi-M,0.5,noisy_expert,50,8,In-data planning (POR-style),-5.633333333333334,100.0,449,0,-5.848333333333334,-7.224255869671356,3.4616666666666664,75.16666666666667,0.8710658638028431,0.0,0.12893413619715688,100.0,18.57175636291504
taxi-M,0.5,noisy_expert,50,8,Ours,-5.633333333333334,100.0,449,0,-8.578333333333333,-9.446583767906146,0.06,3.0,0.8011494900546571,0.19682199808418324,0.0020285118611596325,100.0,18.57175636291504
taxi-M,0.5,noisy_expert,50,8,Ours w/o stitching,-5.633333333333334,100.0,449,0,-7.579166666666667,-8.690885021331477,0.06,3.0,0.827205131943432,0.17069543665257325,0.0020994314039947514,100.0,18.57175636291504
taxi-M,0.5,noisy_expert,50,8,Ours w/o execution rule,-5.633333333333334,100.0,449,0,-53.405833333333334,-25.692952813637337,0.06,3.0,0.2293117389362909,0.7698193359964277,0.0008689250672813507,74.5,18.57175636291504
taxi-M,0.5,noisy_expert,50,8,Factored Batch RL,-5.633333333333334,100.0,449,0,-6.278333333333333,-7.6251679903680465,0.4325,19.75,0.865124946538767,0.11901997922649234,0.015855074234740637,100.0,18.57175636291504
taxi-M,0.5,noisy_expert,50,9,Imitation,-5.133333333333334,100.0,439,1,-13.284166666666666,-13.614948462017981,3.1483333333333334,75.58333333333334,0.8882645214716669,0.0,0.11173547852833314,100.0,15.58480954170227
taxi-M,0.5,noisy_expert,50,9,BC,-5.133333333333334,100.0,439,1,-40.711666666666666,-21.478707111035867,3.1483333333333334,75.58333333333334,0.9225581633698883,0.0,0.07744183663011171,91.58333333333334,15.58480954170227
taxi-M,0.5,noisy_expert,50,9,RECO,-5.133333333333334,100.0,439,1,-14.872222222222222,-14.97256002930877,0.03,2.0,0.8845611196809511,0.11442304074645397,0.0010158395725949057,100.0,15.58480954170227
taxi-M,0.5,noisy_expert,50,9,RECO-greedy,-5.133333333333334,100.0,439,1,-6.408333333333333,-7.783093612192943,0.03,2.0,0.875615688659167,0.12328975372453634,0.0010945576162967468,100.0,15.58480954170227
taxi-M,0.5,noisy_expert,50,9,In-data planning (POR-style),-5.133333333333334,100.0,439,1,-5.138333333333334,-6.6270173287691785,3.1483333333333334,75.58333333333334,0.8795511062934388,0.0,0.12044889370656124,100.0,15.58480954170227
taxi-M,0.5,noisy_expert,50,9,Ours,-5.133333333333334,100.0,439,1,-8.638333333333334,-9.666575463926343,0.03,2.0,0.780830006185683,0.21815779114885003,0.001012202665467019,100.0,15.58480954170227
taxi-M,0.5,noisy_expert,50,9,Ours w/o stitching,-5.133333333333334,100.0,439,1,-6.668333333333333,-7.9748129803853045,0.03,2.0,0.8364857538702488,0.1624299740979459,0.001084272031805313,100.0,15.58480954170227
taxi-M,0.5,noisy_expert,50,9,Ours w/o execution rule,-5.133333333333334,100.0,439,1,-100.49,-44.91644846985308,0.03,2.0,0.09506870492529136,0.9046611282466923,0.00027016682801630007,50.24999999999999,15.58480954170227
taxi-M,0.5,noisy_expert,50,9,Factored Batch RL,-5.133333333333334,100.0,439,1,-5.673333333333333,-7.133909518526187,0.5975,19.75,0.8754998750312422,0.1020994751312172,0.022400649837540615,100.0,15.58480954170227
taxi-M,0.5,noisy_expert,50,10,Imitation,-4.138333333333334,100.0,466,0,-13.949722222222222,-14.140149866559911,2.79,74.08333333333333,0.9003205541716701,0.0,0.09967944582832984,100.0,20.700376749038696
taxi-M,0.5,noisy_expert,50,10,BC,-4.138333333333334,100.0,466,0,-79.04083333333334,-36.915385064656704,2.79,74.08333333333333,0.939186980055945,0.0,0.06081301994405493,87.83333333333333,20.700376749038696
taxi-M,0.5,noisy_expert,50,10,RECO,-4.138333333333334,100.0,466,0,-16.0725,-15.967106080800933,0.0,0.0,0.9110655036770994,0.08893449632290064,0.0,100.0,20.700376749038696
taxi-M,0.5,noisy_expert,50,10,RECO-greedy,-4.138333333333334,100.0,466,0,-5.2091666666666665,-6.7019777496358195,0.0,0.0,0.9007980668341229,0.09920193316587708,0.0,100.0,20.700376749038696
taxi-M,0.5,noisy_expert,50,10,In-data planning (POR-style),-4.138333333333334,100.0,466,0,-4.151666666666666,-5.725269922711802,2.79,74.08333333333333,0.8890729573918229,0.0,0.11092704260817705,100.0,20.700376749038696
taxi-M,0.5,noisy_expert,50,10,Ours,-4.138333333333334,100.0,466,0,-5.803333333333334,-7.213374050756093,0.0,0.0,0.8302139037433155,0.1697860962566845,0.0,100.0,20.700376749038696
taxi-M,0.5,noisy_expert,50,10,Ours w/o stitching,-4.138333333333334,100.0,466,0,-4.9025,-6.415647676399402,0.0,0.0,0.8617894025673197,0.13821059743268024,0.0,100.0,20.700376749038696
taxi-M,0.5,noisy_expert,50,10,Ours w/o execution rule,-4.138333333333334,100.0,466,0,-74.74416666666667,-34.39609173782848,0.0,0.0,0.15208855669615404,0.8479114433038459,0.0,63.5,20.700376749038696
taxi-M,0.5,noisy_expert,50,10,Factored Batch RL,-4.138333333333334,100.0,466,0,-4.818333333333333,-6.353158222534556,0.205,10.5,0.8806726486346911,0.1113872571170357,0.00794009424827319,100.0,20.700376749038696
taxi-M,0.5,noisy_expert,50,11,Imitation,-4.093333333333334,100.0,456,0,-13.511111111111111,-13.89436256851977,3.279166666666667,73.75,0.8841431697957661,0.0,0.11585683020423386,100.0,20.150296926498413
taxi-M,0.5,noisy_expert,50,11,BC,-4.093333333333334,100.0,456,0,-171.86833333333334,-76.34662749033626,3.279166666666667,73.75,0.928649138712602,0.0,0.07135086128739801,88.0,20.150296926498413
taxi-M,0.5,noisy_expert,50,11,RECO,-4.093333333333334,100.0,456,0,-15.0525,-15.245875289715343,0.9058333333333334,9.25,0.8935433517808997,0.0756066411238825,0.030850007095217822,100.0,20.150296926498413
taxi-M,0.5,noisy_expert,50,11,RECO-greedy,-4.093333333333334,100.0,456,0,-5.279166666666667,-6.758923759993313,0.9058333333333334,9.25,0.8810527984778818,0.08447756461074996,0.03446963691136832,100.0,20.150296926498413
taxi-M,0.5,noisy_expert,50,11,In-data planning (POR-style),-4.093333333333334,100.0,456,0,-4.155,-5.731731830438195,3.279166666666667,73.75,0.8696415556880673,0.0,0.1303584443119327,100.0,20.150296926498413
taxi-M,0.5,noisy_expert,50,11,Ours,-4.093333333333334,100.0,456,0,-4.924166666666666,-6.4266846785255165,0.9058333333333334,9.25,0.848950464495805,0.11610787874891511,0.03494165675527982,100.0,20.150296926498413
taxi-M,0.5,noisy_expert,50,11,Ours w/o stitching,-4.093333333333334,100.0,456,0,-4.8933333333333335,-6.402347797107294,0.9058333333333334,9.25,0.8518601956745623,0.11315653964984553,0.03498326467559217,100.0,20.150296926498413
taxi-M,0.5,noisy_expert,50,11,Ours w/o execution rule,-4.093333333333334,100.0,456,0,-50.20166666666667,-24.324859979772235,0.9058333333333334,9.25,0.24184348045079646,0.7444689290436316,0.013687590505571995,76.08333333333334,20.150296926498413
taxi-M,0.5,noisy_expert,50,11,Factored Batch RL,-4.093333333333334,100.0,456,0,-5.878333333333333,-7.319958907917818,0.1225,7.249999999999999,0.8410429714143982,0.15439945433124574,0.004557574254356049,100.0,20.150296926498413
taxi-M,0.5,noisy_expert,50,12,Imitation,-5.633333333333334,100.0,445,0,-16.725833333333334,-16.44350395684339,3.861666666666667,75.16666666666667,0.8723345638878175,0.0,0.12766543611218248,100.0,22.050244092941284
taxi-M,0.5,noisy_expert,50,12,BC,-5.633333333333334,100.0,445,0,-194.04333333333332,-83.28317815944011,3.861666666666667,75.16666666666667,0.9526311485464284,0.0,0.04736885145357157,67.83333333333333,22.050244092941284
taxi-M,0.5,noisy_expert,50,12,RECO,-5.633333333333334,100.0,445,0,-18.72138888888889,-18.046492511129294,0.12,7.000000000000001,0.8665891055583531,0.12966017815902342,0.0037507162826234176,100.0,22.050244092941284
taxi-M,0.5,noisy_expert,50,12,RECO-greedy,-5.633333333333334,100.0,445,0,-7.465,-8.583702694207737,0.12,7.000000000000001,0.8500497687218221,0.14573452778265705,0.004215703495520815,100.0,22.050244092941284
taxi-M,0.5,noisy_expert,50,12,In-data planning (POR-style),-5.633333333333334,100.0,445,0,-5.751666666666667,-7.126940434065411,3.861666666666667,75.16666666666667,0.8556476232010467,0.0,0.14435237679895332,100.0,22.050244092941284
taxi-M,0.5,noisy_expert,50,12,Ours,-5.633333333333334,100.0,445,0,-8.448333333333334,-9.324808302663275,0.12,7.000000000000001,0.7752278001018733,0.22069726639877751,0.004074933499349143,100.0,22.050244092941284
taxi-M,0.5,noisy_expert,50,12,Ours w/o stitching,-5.633333333333334,100.0,445,0,-7.625,-8.661656939025935,0.12,7.000000000000001,0.8054730713245997,0.19033478893740902,0.004192139737991266,100.0,22.050244092941284
taxi-M,0.5,noisy_expert,50,12,Ours w/o execution rule,-5.633333333333334,100.0,445,0,-48.596666666666664,-23.75271703517942,0.12,7.000000000000001,0.2549408131755018,0.743206381883685,0.0018528049408131754,77.0,22.050244092941284
taxi-M,0.5,noisy_expert,50,12,Factored Batch RL,-5.633333333333334,100.0,445,0,-6.178333333333334,-7.528973047587078,0.4,20.0,0.8479487336726559,0.13733366039124303,0.014717605936101061,100.0,22.050244092941284
taxi-M,0.5,noisy_expert,50,13,Imitation,-76.60833333333333,48.0,407,2,-94.91694444444444,-45.68817202714156,33.925,76.66666666666667,0.6286747156456463,0.0,0.3713252843543537,62.5,54.74886202812195
taxi-M,0.5,noisy_expert,50,13,BC,-76.60833333333333,48.0,407,2,-291.6675,-124.09113416245401,33.925,76.66666666666667,0.7228236447567302,0.0,0.2771763552432697,43.583333333333336,54.74886202812195
taxi-M,0.5,noisy_expert,50,13,RECO,-76.60833333333333,48.0,407,2,-100.6288888888889,-48.876327344875364,12.26,13.750000000000002,0.8266948224714518,0.04091690338139617,0.13238827414715207,62.5,54.74886202812195
taxi-M,0.5,noisy_expert,50,13,RECO-greedy,-76.60833333333333,48.0,407,2,-77.7725,-36.2052743726673,12.26,13.750000000000002,0.8234366548401588,0.04168614831724378,0.13487719684259744,62.5,54.74886202812195
taxi-M,0.5,noisy_expert,50,13,In-data planning (POR-style),-76.60833333333333,48.0,407,2,-76.61333333333333,-35.114282051040355,33.925,76.66666666666667,0.6219564288765485,0.0,0.3780435711234515,62.5,54.74886202812195
taxi-M,0.5,noisy_expert,50,13,Ours,-76.60833333333333,48.0,407,2,-92.57083333333334,-42.11037037760374,12.26,13.750000000000002,0.8070343430623331,0.0575085167111684,0.1354571402264985,62.5,54.74886202812195
taxi-M,0.5,noisy_expert,50,13,Ours w/o stitching,-76.60833333333333,48.0,407,2,-94.46083333333333,-43.00337246519127,12.26,13.750000000000002,0.8203756560169414,0.04416720375656017,0.1354571402264985,62.5,54.74886202812195
taxi-M,0.5,noisy_expert,50,13,Ours w/o execution rule,-76.60833333333333,48.0,407,2,-91.3175,-41.56027269153858,0.06,5.0,0.382160825445553,0.6172252067877547,0.0006139677666922486,58.333333333333336,54.74886202812195
taxi-M,0.5,noisy_expert,50,13,Factored Batch RL,-76.60833333333333,48.0,407,2,-91.81583333333333,-41.584042097642644,16.8025,27.500000000000004,0.7809729189419321,0.032412120763378564,0.1866149602946893,62.5,54.74886202812195
taxi-M,0.5,noisy_expert,50,14,Imitation,-4.138333333333334,100.0,469,0,-13.794166666666667,-14.066875282877541,2.8825,74.91666666666667,0.895982438202923,0.0,0.10401756179707704,100.0,18.862592220306396
taxi-M,0.5,noisy_expert,50,14,BC,-4.138333333333334,100.0,469,0,-326.1333333333333,-136.92216941602362,2.8825,74.91666666666667,0.951061812934169,0.0,0.04893818706583099,80.5,18.862592220306396
taxi-M,0.5,noisy_expert,50,14,RECO,-4.138333333333334,100.0,469,0,-15.306111111111111,-15.359133894431618,0.02,2.0,0.9019271370590674,0.09737874654146864,0.0006941163994639879,100.0,18.862592220306396
taxi-M,0.5,noisy_expert,50,14,RECO-greedy,-4.138333333333334,100.0,469,0,-5.1925,-6.6755030255657,0.02,2.0,0.8921128821863765,0.10712354045369221,0.000763577359931278,100.0,18.862592220306396
taxi-M,0.5,noisy_expert,50,14,In-data planning (POR-style),-4.138333333333334,100.0,469,0,-4.198333333333333,-5.767847208922793,2.8825,74.91666666666667,0.8856075137244527,0.0,0.11439248627554732,100.0,18.862592220306396
taxi-M,0.5,noisy_expert,50,14,Ours,-4.138333333333334,100.0,469,0,-5.960833333333333,-7.347541344117962,0.02,2.0,0.8305875807498532,0.1686706024170865,0.0007418168330603035,100.0,18.862592220306396
taxi-M,0.5,noisy_expert,50,14,Ours w/o stitching,-4.138333333333334,100.0,469,0,-5.028333333333333,-6.522897508347395,0.02,2.0,0.8667797912531215,0.1324518153294487,0.0007683934174297241,100.0,18.862592220306396
taxi-M,0.5,noisy_expert,50,14,Ours w/o execution rule,-4.138333333333334,100.0,469,0,-63.79083333333333,-30.030217993277606,0.02,2.0,0.18990425531914892,0.8098404255319149,0.0002553191489361702,69.25,18.862592220306396
taxi-M,0.5,noisy_expert,50,14,Factored Batch RL,-4.138333333333334,100.0,469,0,-5.108333333333333,-6.602039342598625,0.2425,15.0,0.8691988509415896,0.12151292690711778,0.00928822215129269,100.0,18.862592220306396
taxi-M,0.5,noisy_expert,50,15,Imitation,-76.60833333333333,66.0,451,2,-94.65833333333333,-45.169487329837985,36.2425,74.08333333333333,0.6035315781796966,0.0,0.3964684218203034,62.5,48.933440923690796
taxi-M,0.5,noisy_expert,50,15,BC,-76.60833333333333,66.0,451,2,-246.46666666666667,-104.80779599938927,36.2425,74.08333333333333,0.6979896531370439,0.0,0.30201034686295614,45.33333333333333,48.933440923690796
taxi-M,0.5,noisy_expert,50,15,RECO,-76.60833333333333,66.0,451,2,-102.88305555555556,-49.147572640351946,11.8525,11.666666666666666,0.8374387795340773,0.0341178985012086,0.12844332196471414,62.5,48.933440923690796
taxi-M,0.5,noisy_expert,50,15,RECO-greedy,-76.60833333333333,66.0,451,2,-133.18166666666667,-59.33268683821451,11.8525,11.666666666666666,0.8344080877956341,0.03475397168535605,0.13083794051900982,62.5,48.933440923690796
taxi-M,0.5,noisy_expert,50,15,In-data planning (POR-style),-76.60833333333333,66.0,451,2,-91.42833333333333,-41.427602570730585,36.2425,74.08333333333333,0.5961088410104012,0.0,0.4038911589895988,62.5,48.933440923690796
taxi-M,0.5,noisy_expert,50,15,Ours,-76.60833333333333,66.0,451,2,-97.02666666666667,-43.55345716036439,11.794166666666667,11.666666666666666,0.8085330280988073,0.06082228704353285,0.1306446848576598,62.5,48.933440923690796
taxi-M,0.5,noisy_expert,50,15,Ours w/o stitching,-76.60833333333333,66.0,451,2,-96.99666666666667,-43.944476268419095,11.794166666666667,11.666666666666666,0.8277886497064579,0.04156666543588229,0.1306446848576598,62.5,48.933440923690796
taxi-M,0.5,noisy_expert,50,15,Ours w/o execution rule,-76.60833333333333,66.0,451,2,-91.86833333333334,-41.634188947170344,0.09,5.0,0.5312711351582244,0.46776777133093655,0.000961093510838999,60.416666666666664,48.933440923690796
taxi-M,0.5,noisy_expert,50,15,Factored Batch RL,-76.60833333333333,66.0,451,2,-95.01583333333333,-43.03578167503369,15.960833333333333,15.416666666666668,0.7924113330992293,0.030596780453545754,0.17699188644722494,62.5,48.933440923690796
taxi-M,0.5,noisy_expert,50,16,Imitation,-5.133333333333334,100.0,454,0,-18.950833333333332,-18.454414999608247,2.5083333333333333,73.66666666666667,0.9151754262364379,0.0,0.08482457376356208,100.0,14.350078344345093
taxi-M,0.5,noisy_expert,50,16,BC,-5.133333333333334,100.0,454,0,-137.9725,-62.20321594039797,2.5083333333333333,73.66666666666667,0.9626151973569814,0.0,0.037384802643018605,76.41666666666667,14.350078344345093
taxi-M,0.5,noisy_expert,50,16,RECO,-5.133333333333334,100.0,454,0,-19.691388888888888,-19.055920721876884,0.0,0.0,0.9110281254815231,0.08897187451847689,0.0,100.0,14.350078344345093
taxi-M,0.5,noisy_expert,50,16,RECO-greedy,-5.133333333333334,100.0,454,0,-6.310833333333333,-7.696450761576387,0.0,0.0,0.9001617184877796,0.09983828151222042,0.0,100.0,14.350078344345093
taxi-M,0.5,noisy_expert,50,16,In-data planning (POR-style),-5.133333333333334,100.0,454,0,-5.156666666666666,-6.642456573547359,2.5083333333333333,73.66666666666667,0.9041034790365745,0.0,0.09589652096342552,100.0,14.350078344345093
taxi-M,0.5,noisy_expert,50,16,Ours,-5.133333333333334,100.0,454,0,-8.910833333333333,-9.866463612518354,0.0,0.0,0.7959212102638398,0.20407878973616025,0.0,100.0,14.350078344345093
taxi-M,0.5,noisy_expert,50,16,Ours w/o stitching,-5.133333333333334,100.0,454,0,-6.876666666666667,-8.142326072592622,0.0,0.0,0.8522061461198135,0.14779385388018654,0.0,100.0,14.350078344345093
taxi-M,0.5,noisy_expert,50,16,Ours w/o execution rule,-5.133333333333334,100.0,454,0,-102.51166666666667,-45.78432897331943,0.0,0.0,0.09293705002769061,0.9070629499723094,0.0,49.25,14.350078344345093
taxi-M,0.5,noisy_expert,50,16,Factored Batch RL,-5.133333333333334,100.0,454,0,-6.198333333333333,-7.592719353536261,0.2225,16.0,0.8865126539616398,0.10530669771432073,0.008180648324039462,100.0,14.350078344345093
taxi-M,0.5,noisy_expert,50,17,Imitation,-5.133333333333334,100.0,493,0,-15.083055555555555,-15.322434734206116,2.078333333333333,71.83333333333334,0.928099173553719,0.0,0.07190082644628099,100.0,14.751327276229858
taxi-M,0.5,noisy_expert,50,17,BC,-5.133333333333334,100.0,493,0,-42.64833333333333,-22.24295677160119,2.078333333333333,71.83333333333334,0.9523600313270043,0.0,0.04763996867299574,89.83333333333333,14.751327276229858
taxi-M,0.5,noisy_expert,50,17,RECO,-5.133333333333334,100.0,493,0,-15.72638888888889,-15.86711064192365,0.06,4.0,0.930262129246767,0.06770337857566709,0.002034492177565956,100.0,14.751327276229858
taxi-M,0.5,noisy_expert,50,17,RECO-greedy,-5.133333333333334,100.0,493,0,-5.769166666666667,-7.1858241654741555,0.06,4.0,0.9231703141051583,0.0745883012171964,0.002241384677645301,100.0,14.751327276229858
taxi-M,0.5,noisy_expert,50,17,In-data planning (POR-style),-5.133333333333334,100.0,493,0,-5.155,-6.62657080533957,2.078333333333333,71.83333333333334,0.920537819409928,0.0,0.07946218059007201,100.0,14.751327276229858
taxi-M,0.5,noisy_expert,50,17,Ours,-5.133333333333334,100.0,493,0,-6.808333333333334,-8.013048002458769,0.06,4.0,0.8678753371291579,0.12996703626011388,0.002157626610728199,100.0,14.751327276229858
taxi-M,0.5,noisy_expert,50,17,Ours w/o stitching,-5.133333333333334,100.0,493,0,-6.288333333333333,-7.585247211849887,0.06,4.0,0.8880779331826788,0.10972332498625786,0.002198741831063336,100.0,14.751327276229858
taxi-M,0.5,noisy_expert,50,17,Ours w/o execution rule,-5.133333333333334,100.0,493,0,-53.54833333333333,-25.825444755415866,0.06,4.0,0.24349648328355333,0.7556363811542538,0.0008671355621928895,74.5,14.751327276229858
taxi-M,0.5,noisy_expert,50,17,Factored Batch RL,-5.133333333333334,100.0,493,0,-5.743333333333333,-7.172239508833624,0.2025,15.0,0.912127633054967,0.08030038638913124,0.007571980555901783,100.0,14.751327276229858
taxi-M,0.5,noisy_expert,50,18,Imitation,-5.633333333333334,100.0,461,1,-18.583055555555557,-18.210807675278247,2.5183333333333335,73.91666666666666,0.9158748422537303,0.0,0.08412515774626976,100.0,15.108832597732544
taxi-M,0.5,noisy_expert,50,18,BC,-5.633333333333334,100.0,461,1,-201.61916666666667,-88.68463122160578,2.5183333333333335,73.91666666666666,0.9554349589299671,0.0,0.04456504107003289,82.5,15.108832597732544
taxi-M,0.5,noisy_expert,50,18,RECO,-5.633333333333334,100.0,461,1,-18.83138888888889,-18.396075915976045,0.05,5.0,0.9154676910810713,0.0829014605153481,0.0016308484035806182,100.0,15.108832597732544
taxi-M,0.5,noisy_expert,50,18,RECO-greedy,-5.633333333333334,100.0,461,1,-6.355833333333333,-7.699115355956137,0.05,5.0,0.9052609132726109,0.09291132299631401,0.0018277637310750298,100.0,15.108832597732544
taxi-M,0.5,noisy_expert,50,18,In-data planning (POR-style),-5.633333333333334,100.0,461,1,-5.64,-7.046898853596224,2.5183333333333335,73.91666666666666,0.9054679679679679,0.0,0.09453203203203203,100.0,15.108832597732544
taxi-M,0.5,noisy_expert,50,18,Ours,-5.633333333333334,100.0,461,1,-8.193333333333333,-9.146884572036878,0.05,5.0,0.8199075131308518,0.17837976707010733,0.001712719799040877,100.0,15.108832597732544
taxi-M,0.5,noisy_expert,50,18,Ours w/o stitching,-5.633333333333334,100.0,461,1,-6.736666666666666,-7.974632281204055,0.05,5.0,0.8733325321475784,0.12486479990385771,0.0018026679485638746,100.0,15.108832597732544
taxi-M,0.5,noisy_expert,50,18,Ours w/o execution rule,-5.633333333333334,100.0,461,1,-61.37,-29.04714611069589,0.05,5.0,0.20687014549830435,0.7924734711738322,0.0006563833278634722,70.5,15.108832597732544
taxi-M,0.5,noisy_expert,50,18,Factored Batch RL,-5.633333333333334,100.0,461,1,-6.0633333333333335,-7.443365637217297,0.3575,22.75,0.8990331321591329,0.08775711294494395,0.013209754895923144,100.0,15.108832597732544
taxi-M,0.5,noisy_expert,50,19,Imitation,-5.133333333333334,100.0,446,0,-15.354722222222222,-15.420077800068933,3.285,74.91666666666667,0.8863900550469291,0.0,0.11360994495307081,100.0,14.815073013305664
taxi-M,0.5,noisy_expert,50,19,BC,-5.133333333333334,100.0,446,0,-236.455,-102.97737050390907,3.285,74.91666666666667,0.9344147741452459,0.0,0.06558522585475418,86.0,14.815073013305664
taxi-M,0.5,noisy_expert,50,19,RECO,-5.133333333333334,100.0,446,0,-16.985277777777778,-16.735456621472593,0.02,2.0,0.8573918383196222,0.14195797249338524,0.0006501891869926041,100.0,14.815073013305664
taxi-M,0.5,noisy_expert,50,19,RECO-greedy,-5.133333333333334,100.0,446,0,-7.0175,-8.274519115136663,0.02,2.0,0.8434311888403081,0.155854971595134,0.0007138395645578656,100.0,14.815073013305664
taxi-M,0.5,noisy_expert,50,19,In-data planning (POR-style),-5.133333333333334,100.0,446,0,-5.1466666666666665,-6.634760513777835,3.285,74.91666666666667,0.8743625701172871,0.0,0.1256374298827129,100.0,14.815073013305664
taxi-M,0.5,noisy_expert,50,19,Ours,-5.133333333333334,100.0,446,0,-8.745833333333334,-9.71248120890297,0.02,2.0,0.7643927720969323,0.2349348648270066,0.000672363076061073,100.0,14.815073013305664
taxi-M,0.5,noisy_expert,50,19,Ours w/o stitching,-5.133333333333334,100.0,446,0,-7.243333333333333,-8.416491576049939,0.02,2.0,0.8089224595774814,0.19036940871002006,0.0007081317124985248,100.0,14.815073013305664
taxi-M,0.5,noisy_expert,50,19,Ours w/o execution rule,-5.133333333333334,100.0,446,0,-98.68833333333333,-44.25026008305568,0.02,2.0,0.09785976960735794,0.9019574999428968,0.00018273044974531944,51.24999999999999,14.815073013305664
taxi-M,0.5,noisy_expert,50,19,Factored Batch RL,-5.133333333333334,100.0,446,0,-5.628333333333333,-7.085313093674343,0.42,24.25,0.8672466670839332,0.11698065969831634,0.015772673217750516,100.0,14.815073013305664
taxi-M,0.5,noisy_expert,50,20,Imitation,-3.8133333333333335,100.0,441,0,-15.811111111111112,-15.774737751763091,3.1066666666666665,75.08333333333333,0.888863494082458,0.0,0.11113650591754196,100.0,17.77854323387146
taxi-M,0.5,noisy_expert,50,20,BC,-3.8133333333333335,100.0,441,0,-147.50666666666666,-65.22288727945426,3.1066666666666665,75.08333333333333,0.9418408736349454,0.0,0.0581591263650546,83.16666666666667,17.77854323387146
taxi-M,0.5,noisy_expert,50,20,RECO,-3.8133333333333335,100.0,441,0,-17.778333333333332,-17.426030055249853,0.0575,4.0,0.9105021790526105,0.08753240094568035,0.0019654200017090607,100.0,17.77854323387146
taxi-M,0.5,noisy_expert,50,20,RECO-greedy,-3.8133333333333335,100.0,441,0,-4.888333333333334,-6.375987411037829,0.0575,4.0,0.8988604905684672,0.0989184317260027,0.0022210777055301618,100.0,17.77854323387146
taxi-M,0.5,noisy_expert,50,20,In-data planning (POR-style),-3.8133333333333335,100.0,441,0,-3.816666666666667,-5.40545243543277,3.1066666666666665,75.08333333333333,0.8748153122901277,0.0,0.1251846877098724,100.0,17.77854323387146
taxi-M,0.5,noisy_expert,50,20,Ours,-3.8133333333333335,100.0,441,0,-4.218333333333334,-5.7824481762879865,0.0575,4.0,0.858105875355231,0.1396140374066486,0.002280087238120415,100.0,17.77854323387146
taxi-M,0.5,noisy_expert,50,20,Ours w/o stitching,-3.8133333333333335,100.0,441,0,-4.218333333333334,-5.7824481762879865,0.0575,4.0,0.8669949111096424,0.13072500165223713,0.002280087238120415,100.0,17.77854323387146
taxi-M,0.5,noisy_expert,50,20,Ours w/o execution rule,-3.8133333333333335,100.0,441,0,-4.218333333333334,-5.7824481762879865,0.0575,4.0,0.858105875355231,0.1396140374066486,0.002280087238120415,100.0,17.77854323387146
taxi-M,0.5,noisy_expert,50,20,Factored Batch RL,-3.8133333333333335,100.0,441,0,-4.408333333333333,-5.958641721265624,0.3825,18.5,0.8583469990160708,0.12659888488028861,0.015054116103640538,100.0,17.77854323387146
taxi-M,0.5,noisy_expert,50,21,Imitation,-4.093333333333334,100.0,471,0,-15.17361111111111,-15.34064855043361,2.890833333333333,73.33333333333333,0.8963342962446459,0.0,0.10366570375535412,100.0,13.872152090072632
taxi-M,0.5,noisy_expert,50,21,BC,-4.093333333333334,100.0,471,0,-351.67833333333334,-150.37380800895545,2.890833333333333,73.33333333333333,0.9600663067377315,0.0,0.03993369326226847,72.66666666666667,13.872152090072632
taxi-M,0.5,noisy_expert,50,21,RECO,-4.093333333333334,100.0,471,0,-15.746666666666666,-15.8298643849996,0.03,3.0,0.9110911410018553,0.08786525974025974,0.0010435992578849721,100.0,13.872152090072632
taxi-M,0.5,noisy_expert,50,21,RECO-greedy,-4.093333333333334,100.0,471,0,-4.904166666666667,-6.415937597504211,0.03,3.0,0.9013350490590317,0.09750683609457939,0.0011581148463889336,100.0,13.872152090072632
taxi-M,0.5,noisy_expert,50,21,In-data planning (POR-style),-4.093333333333334,100.0,471,0,-4.098333333333334,-5.677556571916428,2.890833333333333,73.33333333333333,0.8848197091440335,0.0,0.11518029085596654,100.0,13.872152090072632
taxi-M,0.5,noisy_expert,50,21,Ours,-4.093333333333334,100.0,471,0,-5.748333333333333,-7.170389288210023,0.03,3.0,0.8184622094834569,0.18041622530998816,0.0011215652065549254,100.0,13.872152090072632
taxi-M,0.5,noisy_expert,50,21,Ours w/o stitching,-4.093333333333334,100.0,471,0,-4.8925,-6.40108919391922,0.03,3.0,0.8616394708892536,0.13720189243989572,0.0011586366708506324,100.0,13.872152090072632
taxi-M,0.5,noisy_expert,50,21,Ours w/o execution rule,-4.093333333333334,100.0,471,0,-74.76666666666667,-34.419303903835555,0.03,3.0,0.15274020544446756,0.8469192788634343,0.0003405156920981442,63.5,13.872152090072632
taxi-M,0.5,noisy_expert,50,21,Factored Batch RL,-4.093333333333334,100.0,471,0,-4.443333333333333,-6.002420452140995,0.4325,21.0,0.8713153412812786,0.11168609982968689,0.016998558889034454,100.0,13.872152090072632
taxi-M,0.5,noisy_expert,50,22,Imitation,-5.133333333333334,100.0,453,0,-15.364722222222222,-15.452007428567782,3.1508333333333334,74.0,0.8916484377238817,0.0,0.10835156227611834,100.0,11.878111362457275
taxi-M,0.5,noisy_expert,50,22,BC,-5.133333333333334,100.0,453,0,-91.42833333333333,-42.98939530693152,3.1508333333333334,74.0,0.9205955856101813,0.0,0.07940441438981877,92.08333333333333,11.878111362457275
taxi-M,0.5,noisy_expert,50,22,RECO,-5.133333333333334,100.0,453,0,-17.182777777777776,-16.94497890021845,0.03,2.0,0.8896650464630621,0.1093500642913813,0.0009848892455565992,100.0,11.878111362457275
taxi-M,0.5,noisy_expert,50,22,RECO-greedy,-5.133333333333334,100.0,453,0,-6.318333333333333,-7.638136092908171,0.03,2.0,0.8769751693002258,0.12192666707339393,0.0010981636263803307,100.0,11.878111362457275
taxi-M,0.5,noisy_expert,50,22,In-data planning (POR-style),-5.133333333333334,100.0,453,0,-5.1466666666666665,-6.604638346663176,3.1508333333333334,74.0,0.879493880673126,0.0,0.12050611932687405,100.0,11.878111362457275
taxi-M,0.5,noisy_expert,50,22,Ours,-5.133333333333334,100.0,453,0,-7.490833333333334,-8.57892148611755,0.03,2.0,0.8125420456872093,0.18640498405920033,0.001052970253590336,100.0,11.878111362457275
taxi-M,0.5,noisy_expert,50,22,Ours w/o stitching,-5.133333333333334,100.0,453,0,-6.073333333333333,-7.403923899837477,0.03,2.0,0.8538229500123122,0.14506894853484364,0.001108101452844127,100.0,11.878111362457275
taxi-M,0.5,noisy_expert,50,22,Ours w/o execution rule,-5.133333333333334,100.0,453,0,-63.94,-29.91733336987085,0.03,2.0,0.18128692252114412,0.8183305707849887,0.0003825066938671427,69.0,11.878111362457275
taxi-M,0.5,noisy_expert,50,22,Factored Batch RL,-5.133333333333334,100.0,453,0,-5.748333333333333,-7.1601220963304,0.14,7.000000000000001,0.8635740544582217,0.1311919745778553,0.005233970963922986,100.0,11.878111362457275
taxi-M,0.5,noisy_expert,50,23,Imitation,-5.133333333333334,100.0,451,0,-16.072222222222223,-16.08490288954033,2.6491666666666664,74.58333333333333,0.9099909396353203,0.0,0.09000906036467968,100.0,15.38155198097229
taxi-M,0.5,noisy_expert,50,23,BC,-5.133333333333334,100.0,451,0,-63.17166666666667,-30.9280935924896,2.6491666666666664,74.58333333333333,0.9312023891966759,0.0,0.0687976108033241,92.83333333333333,15.38155198097229
taxi-M,0.5,noisy_expert,50,23,RECO,-5.133333333333334,100.0,451,0,-17.46638888888889,-17.25645802419151,0.02,2.0,0.9136585768380904,0.08568127848020024,0.000660144681709408,100.0,15.38155198097229
taxi-M,0.5,noisy_expert,50,23,RECO-greedy,-5.133333333333334,100.0,451,0,-5.898333333333333,-7.320731953461342,0.02,2.0,0.9027510998203111,0.096505359687713,0.0007435404919759589,100.0,15.38155198097229
taxi-M,0.5,noisy_expert,50,23,In-data planning (POR-style),-5.133333333333334,100.0,451,0,-5.138333333333334,-6.6270173287691785,2.6491666666666664,74.58333333333333,0.898648217815469,0.0,0.10135178218453102,100.0,15.38155198097229
taxi-M,0.5,noisy_expert,50,23,Ours,-5.133333333333334,100.0,451,0,-7.428333333333334,-8.626973485328751,0.02,2.0,0.8231517851908308,0.1761446913290731,0.0007035234800961482,100.0,15.38155198097229
taxi-M,0.5,noisy_expert,50,23,Ours w/o stitching,-5.133333333333334,100.0,451,0,-6.25,-7.612159776368095,0.02,2.0,0.8640978593272172,0.13516819571865443,0.0007339449541284404,100.0,15.38155198097229
taxi-M,0.5,noisy_expert,50,23,Ours w/o execution rule,-5.133333333333334,100.0,451,0,-87.08083333333333,-39.538528172975205,0.02,2.0,0.12794726043523594,0.8718509300057179,0.00020180955904611347,57.25,15.38155198097229
taxi-M,0.5,noisy_expert,50,23,Factored Batch RL,-5.133333333333334,100.0,451,0,-5.6433333333333335,-7.110670800942628,0.13,10.0,0.8944701613912173,0.10065056924809208,0.0048792693606906044,100.0,15.38155198097229
taxi-M,0.5,noisy_expert,50,24,Imitation,-3.953333333333333,100.0,435,0,-14.772222222222222,-14.800778085497866,3.390833333333333,76.0,0.8779934434094271,0.0,0.1220065565905729,100.0,11.782572746276855
taxi-M,0.5,noisy_expert,50,24,BC,-3.953333333333333,100.0,435,0,-64.26083333333334,-30.59131919687723,3.390833333333333,76.0,0.9188472277622657,0.0,0.08115277223773434,90.0,11.782572746276855
taxi-M,0.5,noisy_expert,50,24,RECO,-3.953333333333333,100.0,435,0,-16.579444444444444,-16.298524855010044,0.04,3.0,0.8936566106881765,0.10498328201447003,0.001360107297353458,100.0,11.782572746276855
taxi-M,0.5,noisy_expert,50,24,RECO-greedy,-3.953333333333333,100.0,435,0,-5.429166666666666,-6.873153952972324,0.04,3.0,0.881664827368753,0.11682169320510799,0.001513479426139051,100.0,11.782572746276855
taxi-M,0.5,noisy_expert,50,24,In-data planning (POR-style),-3.953333333333333,100.0,435,0,-3.953333333333333,-5.537595675959461,3.390833333333333,76.0,0.8641130109537803,0.0,0.1358869890462196,100.0,11.782572746276855
taxi-M,0.5,noisy_expert,50,24,Ours,-3.953333333333333,100.0,435,0,-4.710833333333333,-6.229195748020963,0.04,3.0,0.8405341457880919,0.1579100897805724,0.0015557644313356886,100.0,11.782572746276855
taxi-M,0.5,noisy_expert,50,24,Ours w/o stitching,-3.953333333333333,100.0,435,0,-4.695,-6.214935535771942,0.04,3.0,0.8412466757475514,0.15719660115456963,0.0015567230978789648,100.0,11.782572746276855
taxi-M,0.5,noisy_expert,50,24,Ours w/o execution rule,-3.953333333333333,100.0,435,0,-25.0775,-14.287940446411248,0.04,3.0,0.436691769359501,0.5623954054465237,0.0009128251939753537,89.25,11.782572746276855
taxi-M,0.5,noisy_expert,50,24,Factored Batch RL,-3.953333333333333,100.0,435,0,-4.803333333333334,-6.316131701475329,0.3,15.5,0.8550251905438574,0.13334840459888903,0.011626404857253584,100.0,11.782572746276855
taxi-M,0.5,noisy_expert,50,25,Imitation,-4.553333333333334,100.0,457,0,-13.60388888888889,-13.97810413154099,2.859166666666667,74.0,0.8967954759660698,0.0,0.10320452403393025,100.0,14.633867502212524
taxi-M,0.5,noisy_expert,50,25,BC,-4.553333333333334,100.0,457,0,-95.86833333333334,-44.14763375037268,2.859166666666667,74.0,0.9444129416911038,0.0,0.055587058308896195,84.66666666666667,14.633867502212524
taxi-M,0.5,noisy_expert,50,25,RECO,-4.553333333333334,100.0,457,0,-15.108888888888888,-15.286958626702544,0.02,2.0,0.9094337444442306,0.0898735882092625,0.00069266734650684,100.0,14.633867502212524
taxi-M,0.5,noisy_expert,50,25,RECO-greedy,-4.553333333333334,100.0,457,0,-5.695833333333334,-7.163520792851015,0.02,2.0,0.9020446386764477,0.09720618073981582,0.0007491805837365382,100.0,14.633867502212524
taxi-M,0.5,noisy_expert,50,25,In-data planning (POR-style),-4.553333333333334,100.0,457,0,-4.57,-6.122216355250119,2.859166666666667,74.0,0.8881827662625472,0.0,0.11181723373745274,100.0,14.633867502212524
taxi-M,0.5,noisy_expert,50,25,Ours,-4.553333333333334,100.0,457,0,-7.613333333333333,-8.842445888392568,0.02,2.0,0.8031803355079217,0.1961206896551724,0.0006989748369058714,100.0,14.633867502212524
taxi-M,0.5,noisy_expert,50,25,Ours w/o stitching,-4.553333333333334,100.0,457,0,-5.663333333333333,-7.121649880157949,0.02,2.0,0.860388798599825,0.1388611076384548,0.0007500937617202151,100.0,14.633867502212524
taxi-M,0.5,noisy_expert,50,25,Ours w/o execution rule,-4.553333333333334,100.0,457,0,-116.7125,-51.64527117089652,0.02,2.0,0.07079839882102244,0.9290422798876785,0.00015932129129906598,42.0,14.633867502212524
taxi-M,0.5,noisy_expert,50,25,Factored Batch RL,-4.553333333333334,100.0,457,0,-5.648333333333333,-7.116927719794721,0.1175,8.5,0.8720370254550003,0.12355369316405028,0.004409281380949402,100.0,14.633867502212524
taxi-M,0.5,noisy_expert,50,26,Imitation,-5.133333333333334,100.0,469,0,-16.05638888888889,-15.99470183521033,2.8508333333333336,73.33333333333333,0.9023733650416171,0.0,0.09762663495838288,100.0,11.304386377334595
taxi-M,0.5,noisy_expert,50,26,BC,-5.133333333333334,100.0,469,0,-254.83416666666668,-110.03141898871554,2.8508333333333336,73.33333333333333,0.9513481995562888,0.0,0.04865180044371124,81.25,11.304386377334595
taxi-M,0.5,noisy_expert,50,26,RECO,-5.133333333333334,100.0,469,0,-16.932777777777776,-16.751353796795957,0.01,1.0,0.8931297006341248,0.1065384898982451,0.00033180946763014307,100.0,11.304386377334595
taxi-M,0.5,noisy_expert,50,26,RECO-greedy,-5.133333333333334,100.0,469,0,-6.126666666666667,-7.485926201160061,0.01,1.0,0.8812668960432539,0.11836446301302532,0.00036864094372081595,100.0,11.304386377334595
taxi-M,0.5,noisy_expert,50,26,In-data planning (POR-style),-5.133333333333334,100.0,469,0,-5.1433333333333335,-6.601413969162225,2.8508333333333336,73.33333333333333,0.8909537166900421,0.0,0.10904628330995793,100.0,11.304386377334595
taxi-M,0.5,noisy_expert,50,26,Ours,-5.133333333333334,100.0,469,0,-7.528333333333333,-8.60702033629356,0.01,1.0,0.8326517497224981,0.16699772156335807,0.0003505287141438336,100.0,11.304386377334595
taxi-M,0.5,noisy_expert,50,26,Ours w/o stitching,-5.133333333333334,100.0,469,0,-6.304166666666666,-7.611885726873088,0.01,1.0,0.8602166946436747,0.13941706088814285,0.0003662444681825118,100.0,11.304386377334595
taxi-M,0.5,noisy_expert,50,26,Ours w/o execution rule,-5.133333333333334,100.0,469,0,-45.75416666666667,-22.63158866271406,0.01,1.0,0.27708972110273544,0.722749608365579,0.00016067053168556777,78.5,11.304386377334595
taxi-M,0.5,noisy_expert,50,26,Factored Batch RL,-5.133333333333334,100.0,469,0,-5.693333333333333,-7.122541848052718,0.1625,12.25,0.8806193806193806,0.11329295704295704,0.006087662337662338,100.0,11.304386377334595
taxi-M,0.5,noisy_expert,50,27,Imitation,-5.633333333333334,100.0,440,0,-15.44138888888889,-15.486031830113106,4.0216666666666665,74.58333333333333,0.8616385859956612,0.0,0.13836141400433874,100.0,15.81617546081543
taxi-M,0.5,noisy_expert,50,27,BC,-5.633333333333334,100.0,440,0,-32.854166666666664,-18.559730668680995,4.0216666666666665,74.58333333333333,0.8647686832740213,0.0,0.13523131672597866,98.16666666666667,15.81617546081543
taxi-M,0.5,noisy_expert,50,27,RECO,-5.633333333333334,100.0,440,0,-16.97222222222222,-16.728640848989738,1.2283333333333333,12.0,0.8412735891893856,0.11856802949670342,0.040158381313911036,100.0,15.81617546081543
taxi-M,0.5,noisy_expert,50,27,RECO-greedy,-5.633333333333334,100.0,440,0,-7.1225,-8.336071504730647,1.2283333333333333,12.0,0.827362432216197,0.12895961122470145,0.04367795655910155,100.0,15.81617546081543
taxi-M,0.5,noisy_expert,50,27,In-data planning (POR-style),-5.633333333333334,100.0,440,0,-5.635,-7.042452806041356,4.0216666666666665,74.58333333333333,0.8490081972342156,0.0,0.15099180276578436,100.0,15.81617546081543
taxi-M,0.5,noisy_expert,50,27,Ours,-5.633333333333334,100.0,440,0,-8.75,-9.694779314350962,1.2283333333333333,12.0,0.759187675070028,0.19952380952380952,0.04128851540616246,100.0,15.81617546081543
taxi-M,0.5,noisy_expert,50,27,Ours w/o stitching,-5.633333333333334,100.0,440,0,-7.6033333333333335,-8.716349853382477,1.2283333333333333,12.0,0.7964980771471857,0.16055820999883463,0.04294371285397972,100.0,15.81617546081543
taxi-M,0.5,noisy_expert,50,27,Ours w/o execution rule,-5.633333333333334,100.0,440,0,-81.20333333333333,-37.338710450474444,1.2283333333333333,12.0,0.12951459756855088,0.8574052710977017,0.013080131333747448,60.5,15.81617546081543
taxi-M,0.5,noisy_expert,50,27,Factored Batch RL,-5.633333333333334,100.0,440,0,-6.568333333333333,-7.898831868000828,0.27,17.5,0.8326582431533764,0.15754791125083126,0.009793845595792274,100.0,15.81617546081543
taxi-M,0.5,noisy_expert,50,28,Imitation,-4.138333333333334,100.0,437,0,-12.879444444444445,-13.384013313480919,3.2133333333333334,75.5,0.883646312147333,0.0,0.11635368785266695,100.0,10.291254043579102
taxi-M,0.5,noisy_expert,50,28,BC,-4.138333333333334,100.0,437,0,-124.75833333333334,-56.09410918996235,3.2133333333333334,75.5,0.930852685376132,0.0,0.06914731462386801,87.66666666666667,10.291254043579102
taxi-M,0.5,noisy_expert,50,28,RECO,-4.138333333333334,100.0,437,0,-14.712777777777777,-14.93662712314703,0.02,2.0,0.8766596258298129,0.12266143633071816,0.0006789378394689197,100.0,10.291254043579102
taxi-M,0.5,noisy_expert,50,28,RECO-greedy,-4.138333333333334,100.0,437,0,-5.8675,-7.279013983322166,0.02,2.0,0.8647684625166713,0.1344871436990168,0.000744393784311901,100.0,10.291254043579102
taxi-M,0.5,noisy_expert,50,28,In-data planning (POR-style),-4.138333333333334,100.0,437,0,-4.138333333333334,-5.713683199779245,3.2133333333333334,75.5,0.872173970695485,0.0,0.127826029304515,100.0,10.291254043579102
taxi-M,0.5,noisy_expert,50,28,Ours,-4.138333333333334,100.0,437,0,-6.733333333333333,-8.009789926193635,0.02,2.0,0.7975060096153846,0.20177283653846154,0.0007211538461538462,100.0,10.291254043579102
taxi-M,0.5,noisy_expert,50,28,Ours w/o stitching,-4.138333333333334,100.0,437,0,-5.660833333333334,-7.0708898075024305,0.02,2.0,0.8297752633388554,0.1694745725627481,0.0007501640983965242,100.0,10.291254043579102
taxi-M,0.5,noisy_expert,50,28,Ours w/o execution rule,-4.138333333333334,100.0,437,0,-74.75416666666666,-34.40613706201332,0.02,2.0,0.15078471624395737,0.84898824108148,0.00022704267456270634,63.5,10.291254043579102
taxi-M,0.5,noisy_expert,50,28,Factored Batch RL,-4.138333333333334,100.0,437,0,-5.298333333333333,-6.766142803938284,0.57,27.250000000000004,0.8623486912985614,0.11597693136447176,0.021674377336966855,100.0,10.291254043579102
taxi-M,0.5,noisy_expert,50,29,Imitation,-5.133333333333334,100.0,438,0,-14.457222222222223,-14.736543052161943,3.8558333333333334,74.0,0.8650141491544543,0.0,0.13498585084554568,100.0,10.212677240371704
taxi-M,0.5,noisy_expert,50,29,BC,-5.133333333333334,100.0,438,0,-333.9941666666667,-143.2077872773005,3.8558333333333334,74.0,0.9425738150497065,0.0,0.05742618495029352,76.0,10.212677240371704
taxi-M,0.5,noisy_expert,50,29,RECO,-5.133333333333334,100.0,438,0,-15.881944444444445,-15.970893573043883,1.1083333333333334,8.333333333333332,0.8578075753902389,0.10498685216612894,0.03720557244363216,100.0,10.212677240371704
taxi-M,0.5,noisy_expert,50,29,RECO-greedy,-5.133333333333334,100.0,438,0,-6.224166666666667,-7.611112425049077,1.1083333333333334,8.333333333333332,0.844409072821329,0.11487954941993939,0.04071137775873152,100.0,10.212677240371704
taxi-M,0.5,noisy_expert,50,29,In-data planning (POR-style),-5.133333333333334,100.0,438,0,-5.133333333333334,-6.607700269618855,3.8558333333333334,74.0,0.8524553571428571,0.0,0.14754464285714286,100.0,10.212677240371704
taxi-M,0.5,noisy_expert,50,29,Ours,-5.133333333333334,100.0,438,0,-7.545833333333333,-8.692085434775072,1.1083333333333334,8.333333333333332,0.7858414829951832,0.17533206831119544,0.03882644869362137,100.0,10.212677240371704
taxi-M,0.5,noisy_expert,50,29,Ours w/o stitching,-5.133333333333334,100.0,438,0,-6.260833333333333,-7.6209225231869615,1.1083333333333334,8.333333333333332,0.8236786598599944,0.1356647204475285,0.040656619692477,100.0,10.212677240371704
taxi-M,0.5,noisy_expert,50,29,Ours w/o execution rule,-5.133333333333334,100.0,438,0,-59.553333333333335,-28.529471323284938,1.1083333333333334,8.333333333333332,0.19710915508690408,0.7880344935436308,0.01485635136946517,71.66666666666667,10.212677240371704
taxi-M,0.5,noisy_expert,50,29,Factored Batch RL,-5.133333333333334,100.0,438,0,-6.163333333333333,-7.551461984835426,0.2275,13.5,0.8332003926862191,0.15842434654558843,0.008375260768192417,100.0,10.212677240371704
taxi-M,0.5,noisy_expert,150,0,Imitation,-5.633333333333334,100.0,757,1,-18.109166666666667,-17.84760484882666,1.3475,52.583333333333336,0.9550221134321716,0.0,0.04497788656782843,100.0,10.894981861114502
taxi-M,0.5,noisy_expert,150,0,BC,-5.633333333333334,100.0,757,1,-76.405,-36.83080734888133,1.3475,52.583333333333336,0.9698461538461538,0.0,0.030153846153846153,89.5,10.894981861114502
taxi-M,0.5,noisy_expert,150,0,RECO,-5.633333333333334,100.0,757,1,-18.787777777777777,-18.43390195282207,0.0,0.0,0.9671271903792243,0.032872809620775614,0.0,100.0,10.894981861114502
taxi-M,0.5,noisy_expert,150,0,RECO-greedy,-5.633333333333334,100.0,757,1,-6.0216666666666665,-7.3749284574281315,0.0,0.0,0.9629926602109419,0.037007339789058166,0.0,100.0,10.894981861114502
taxi-M,0.5,noisy_expert,150,0,In-data planning (POR-style),-5.633333333333334,100.0,757,1,-5.653333333333333,-7.038846454379703,1.3475,52.583333333333336,0.949443471735868,0.0,0.05055652826413207,100.0,10.894981861114502
taxi-M,0.5,noisy_expert,150,0,Ours,-5.633333333333334,100.0,757,1,-6.9558333333333335,-8.08504519214716,0.0,0.0,0.9141801055235937,0.08581989447640624,0.0,100.0,10.894981861114502
taxi-M,0.5,noisy_expert,150,0,Ours w/o stitching,-5.633333333333334,100.0,757,1,-6.015,-7.339866999573152,0.0,0.0,0.9384909618113394,0.061509038188660624,0.0,100.0,10.894981861114502
taxi-M,0.5,noisy_expert,150,0,Ours w/o execution rule,-5.633333333333334,100.0,757,1,-35.6,-18.724056282323115,0.0,0.0,0.38004007012271473,0.6199599298772852,0.0,84.0,10.894981861114502
taxi-M,0.5,noisy_expert,150,0,Factored Batch RL,-5.633333333333334,100.0,757,1,-5.808333333333334,-7.18642104596441,0.0,0.0,0.9485856387939073,0.051414361206092635,0.0,100.0,10.894981861114502
taxi-M,0.5,noisy_expert,150,1,Imitation,-5.133333333333334,100.0,747,1,-15.49388888888889,-15.691584668091338,1.3925,53.083333333333336,0.9520800672962949,0.0,0.04791993270370512,100.0,14.311504125595093
taxi-M,0.5,noisy_expert,150,1,BC,-5.133333333333334,100.0,747,1,-101.48416666666667,-47.39349175255865,1.3925,53.083333333333336,0.9720123942718365,0.0,0.02798760572816347,86.41666666666666,14.311504125595093
taxi-M,0.5,noisy_expert,150,1,RECO,-5.133333333333334,100.0,747,1,-15.9275,-16.072190703014087,0.0,0.0,0.9627617430673457,0.037238256932654215,0.0,100.0,14.311504125595093
taxi-M,0.5,noisy_expert,150,1,RECO-greedy,-5.133333333333334,100.0,747,1,-5.536666666666667,-6.995532546463928,0.0,0.0,0.9586735334756941,0.041326466524305994,0.0,100.0,14.311504125595093
taxi-M,0.5,noisy_expert,150,1,In-data planning (POR-style),-5.133333333333334,100.0,747,1,-5.145,-6.633625024993754,1.3925,53.083333333333336,0.9467393383056034,0.0,0.05326066169439663,100.0,14.311504125595093
taxi-M,0.5,noisy_expert,150,1,Ours,-5.133333333333334,100.0,747,1,-7.698333333333333,-8.82689138013154,0.0,0.0,0.8720889714849875,0.1279110285150125,0.0,100.0,14.311504125595093
taxi-M,0.5,noisy_expert,150,1,Ours w/o stitching,-5.133333333333334,100.0,747,1,-5.653333333333333,-7.070113099478755,0.0,0.0,0.9299024512256128,0.07009754877438719,0.0,100.0,14.311504125595093
taxi-M,0.5,noisy_expert,150,1,Ours w/o execution rule,-5.133333333333334,100.0,747,1,-84.3925,-38.30105552744774,0.0,0.0,0.13737253583650108,0.8626274641634989,0.0,58.5,14.311504125595093
taxi-M,0.5,noisy_expert,150,1,Factored Batch RL,-5.133333333333334,100.0,747,1,-5.293333333333333,-6.776433649777959,0.0,0.0,0.9449480223123732,0.05505197768762678,0.0,100.0,14.311504125595093
taxi-M,0.5,noisy_expert,150,2,Imitation,-5.633333333333334,100.0,679,0,-14.982777777777779,-15.05852461967976,1.3891666666666667,59.08333333333333,0.9528260951590386,0.0,0.0471739048409614,100.0,13.213029384613037
taxi-M,0.5,noisy_expert,150,2,BC,-5.633333333333334,100.0,679,0,-50.75833333333333,-26.28801204613047,1.3891666666666667,59.08333333333333,0.9603274709060187,0.0,0.03967252909398129,95.25,13.213029384613037
taxi-M,0.5,noisy_expert,150,2,RECO,-5.633333333333334,100.0,679,0,-15.752777777777778,-15.736682573070157,0.0,0.0,0.9585079981782185,0.04149200182178144,0.0,100.0,13.213029384613037
taxi-M,0.5,noisy_expert,150,2,RECO-greedy,-5.633333333333334,100.0,679,0,-5.96,-7.341470070679913,0.0,0.0,0.9540059347181009,0.04599406528189911,0.0,100.0,13.213029384613037
taxi-M,0.5,noisy_expert,150,2,In-data planning (POR-style),-5.633333333333334,100.0,679,0,-5.64,-7.047510881705072,1.3891666666666667,59.08333333333333,0.9478541041041041,0.0,0.0521458958958959,100.0,13.213029384613037
taxi-M,0.5,noisy_expert,150,2,Ours,-5.633333333333334,100.0,679,0,-8.093333333333334,-9.091668077479968,0.0,0.0,0.8617094408799266,0.13829055912007332,0.0,100.0,13.213029384613037
taxi-M,0.5,noisy_expert,150,2,Ours w/o stitching,-5.633333333333334,100.0,679,0,-5.928333333333334,-7.298533155815095,0.0,0.0,0.937147985393328,0.06285201460667203,0.0,100.0,13.213029384613037
taxi-M,0.5,noisy_expert,150,2,Ours w/o execution rule,-5.633333333333334,100.0,679,0,-93.46166666666667,-41.918752196652825,0.0,0.0,0.11507649225530832,0.8849235077446916,0.0,53.75,13.213029384613037
taxi-M,0.5,noisy_expert,150,2,Factored Batch RL,-5.633333333333334,100.0,679,0,-5.838333333333333,-7.236968990957814,0.02,2.0,0.9459106998695895,0.05334409737316028,0.0007452027572502018,100.0,13.213029384613037
taxi-M,0.5,noisy_expert,150,3,Imitation,-5.633333333333334,100.0,700,0,-18.078611111111112,-17.757544431474937,1.34,57.75,0.955791788856305,0.0,0.04420821114369501,100.0,12.002380132675171
taxi-M,0.5,noisy_expert,150,3,BC,-5.633333333333334,100.0,700,0,-57.43083333333333,-29.00420210098969,1.34,57.75,0.9624211264314092,0.0,0.03757887356859079,94.75,12.002380132675171
taxi-M,0.5,noisy_expert,150,3,RECO,-5.633333333333334,100.0,700,0,-18.9725,-18.52438650012025,0.0,0.0,0.9618845662398391,0.038115433760160945,0.0,100.0,12.002380132675171
taxi-M,0.5,noisy_expert,150,3,RECO-greedy,-5.633333333333334,100.0,700,0,-5.91,-7.299142735634469,0.0,0.0,0.9565836739749783,0.04341632602502168,0.0,100.0,12.002380132675171
taxi-M,0.5,noisy_expert,150,3,In-data planning (POR-style),-5.633333333333334,100.0,700,0,-5.653333333333333,-7.0604356858018,1.34,57.75,0.9497248624312156,0.0,0.05027513756878439,100.0,12.002380132675171
taxi-M,0.5,noisy_expert,150,3,Ours,-5.633333333333334,100.0,700,0,-8.453333333333333,-9.367723651079782,0.0,0.0,0.8430002263467632,0.15699977365323675,0.0,100.0,12.002380132675171
taxi-M,0.5,noisy_expert,150,3,Ours w/o stitching,-5.633333333333334,100.0,700,0,-6.004166666666666,-7.3558320529843755,0.0,0.0,0.9338990896466595,0.06610091035334054,0.0,100.0,12.002380132675171
taxi-M,0.5,noisy_expert,150,3,Ours w/o execution rule,-5.633333333333334,100.0,700,0,-82.7875,-37.564962074195186,0.0,0.0,0.13958311456473801,0.860416885435262,0.0,59.25,12.002380132675171
taxi-M,0.5,noisy_expert,150,3,Factored Batch RL,-5.633333333333334,100.0,700,0,-5.773333333333333,-7.173054348352994,0.0075,0.75,0.943351593625498,0.05636827689243028,0.00028012948207171317,100.0,12.002380132675171
taxi-M,0.5,noisy_expert,150,4,Imitation,-5.133333333333334,100.0,722,0,-16.8525,-16.78527913665858,1.345,54.666666666666664,0.9541659567217584,0.0,0.04583404327824161,100.0,15.125914812088013
taxi-M,0.5,noisy_expert,150,4,BC,-5.133333333333334,100.0,722,0,-98.6075,-46.30028628534286,1.345,54.666666666666664,0.9645959463016583,0.0,0.03540405369834167,93.16666666666666,15.125914812088013
taxi-M,0.5,noisy_expert,150,4,RECO,-5.133333333333334,100.0,722,0,-17.364444444444445,-17.228702487081495,0.0,0.0,0.9587237441849538,0.041276255815046285,0.0,100.0,15.125914812088013
taxi-M,0.5,noisy_expert,150,4,RECO-greedy,-5.133333333333334,100.0,722,0,-5.3566666666666665,-6.797762712431048,0.0,0.0,0.9537119008473505,0.04628809915264955,0.0,100.0,15.125914812088013
taxi-M,0.5,noisy_expert,150,4,In-data planning (POR-style),-5.133333333333334,100.0,722,0,-5.138333333333334,-6.597191038073961,1.345,54.666666666666664,0.9485430083529937,0.0,0.05145699164700631,100.0,15.125914812088013
taxi-M,0.5,noisy_expert,150,4,Ours,-5.133333333333334,100.0,722,0,-6.675833333333333,-7.851607837748322,0.0,0.0,0.8979253861672337,0.10207461383276625,0.0,100.0,15.125914812088013
taxi-M,0.5,noisy_expert,150,4,Ours w/o stitching,-5.133333333333334,100.0,722,0,-5.7125,-7.065078230625683,0.0,0.0,0.9282483231945095,0.07175167680549056,0.0,100.0,15.125914812088013
taxi-M,0.5,noisy_expert,150,4,Ours w/o execution rule,-5.133333333333334,100.0,722,0,-37.8,-19.28051529844942,0.0,0.0,0.3470748299319728,0.6529251700680272,0.0,82.5,15.125914812088013
taxi-M,0.5,noisy_expert,150,4,Factored Batch RL,-5.133333333333334,100.0,722,0,-5.163333333333333,-6.619512173087484,0.03,3.0,0.9466492546821251,0.05220410243343101,0.0011466428844438782,100.0,15.125914812088013
taxi-M,0.5,noisy_expert,150,5,Imitation,-3.953333333333333,100.0,714,0,-15.913611111111111,-16.07529277683708,1.3508333333333333,55.833333333333336,0.9523534253017715,0.0,0.04764657469822856,100.0,16.274927139282227
taxi-M,0.5,noisy_expert,150,5,BC,-3.953333333333333,100.0,714,0,-67.94666666666667,-32.759758989166215,1.3508333333333333,55.833333333333336,0.9634827663888264,0.0,0.03651723361117369,93.16666666666666,16.274927139282227
taxi-M,0.5,noisy_expert,150,5,RECO,-3.953333333333333,100.0,714,0,-17.129166666666666,-17.167017390279227,0.0,0.0,0.963009983265047,0.03699001673495297,0.0,100.0,16.274927139282227
taxi-M,0.5,noisy_expert,150,5,RECO-greedy,-3.953333333333333,100.0,714,0,-4.418333333333333,-5.96962977885882,0.0,0.0,0.9579699691823487,0.042030030817651304,0.0,100.0,16.274927139282227
taxi-M,0.5,noisy_expert,150,5,In-data planning (POR-style),-3.953333333333333,100.0,714,0,-3.9783333333333335,-5.562219079831125,1.3508333333333333,55.833333333333336,0.9459197971575365,0.0,0.05408020284246347,100.0,16.274927139282227
taxi-M,0.5,noisy_expert,150,5,Ours,-3.953333333333333,100.0,714,0,-4.2283333333333335,-5.789736847111059,0.0,0.0,0.9374380656669089,0.0625619343330911,0.0,100.0,16.274927139282227
taxi-M,0.5,noisy_expert,150,5,Ours w/o stitching,-3.953333333333333,100.0,714,0,-4.1,-5.675226037610393,0.0,0.0,0.9425630810092962,0.05743691899070385,0.0,100.0,16.274927139282227
taxi-M,0.5,noisy_expert,150,5,Ours w/o execution rule,-3.953333333333333,100.0,714,0,-28.081666666666667,-15.311485079873236,0.0,0.0,0.4392982707899835,0.5607017292100165,0.0,87.5,16.274927139282227
taxi-M,0.5,noisy_expert,150,5,Factored Batch RL,-3.953333333333333,100.0,714,0,-4.208333333333333,-5.77532319465659,0.0075,0.75,0.9414545454545454,0.05824793388429752,0.0002975206611570248,100.0,16.274927139282227
taxi-M,0.5,noisy_expert,150,6,Imitation,-100.51666666666667,53.333333333333336,718,0,-126.18972222222222,-57.49295804441153,23.0075,52.5,0.7945983077243555,0.0,0.20540169227564453,50.0,86.70238137245178
taxi-M,0.5,noisy_expert,150,6,BC,-100.51666666666667,53.333333333333336,718,0,-197.59583333333333,-85.8799519019991,23.0075,52.5,0.8037084171684927,0.0,0.19629158283150733,46.5,86.70238137245178
taxi-M,0.5,noisy_expert,150,6,RECO,-100.51666666666667,53.333333333333336,718,0,-133.7538888888889,-61.11708423817425,0.01,1.0,0.9877194497563383,0.012191721670470668,8.882857319104312e-05,50.0,86.70238137245178
taxi-M,0.5,noisy_expert,150,6,RECO-greedy,-100.51666666666667,53.333333333333336,718,0,-163.05083333333334,-71.48281416496398,0.01,1.0,0.9876004334990097,0.01230987705071191,8.968945027841101e-05,50.0,86.70238137245178
taxi-M,0.5,noisy_expert,150,6,In-data planning (POR-style),-100.51666666666667,53.333333333333336,718,0,-133.23333333333332,-58.68927414736296,23.0075,52.5,0.7928154407240091,0.0,0.20718455927599094,50.0,86.70238137245178
taxi-M,0.5,noisy_expert,150,6,Ours,-100.51666666666667,53.333333333333336,718,0,-124.07166666666667,-53.61132150808558,0.01,1.0,0.9218323382039665,0.07807765009451229,9.001170152119776e-05,50.0,86.70238137245178
taxi-M,0.5,noisy_expert,150,6,Ours w/o stitching,-100.51666666666667,53.333333333333336,718,0,-129.4775,-57.05650875802867,0.01,1.0,0.9759430071241095,0.02396700412448444,8.998875140607424e-05,50.0,86.70238137245178
taxi-M,0.5,noisy_expert,150,6,Ours w/o execution rule,-100.51666666666667,53.333333333333336,718,0,-100.59666666666666,-44.75619777901037,0.01,1.0,0.09543490653784992,0.9044750817606289,9.001170152119776e-05,50.0,86.70238137245178
taxi-M,0.5,noisy_expert,150,6,Factored Batch RL,-100.51666666666667,53.333333333333336,718,0,-129.52666666666667,-57.35685889992019,0.01,1.0,0.9847280742528977,0.015181958585116433,8.996716198587515e-05,50.0,86.70238137245178
taxi-M,0.5,noisy_expert,150,7,Imitation,-5.633333333333334,100.0,733,0,-15.577222222222222,-15.686586783907936,1.4333333333333333,53.25,0.951795973655939,0.0,0.04820402634406091,100.0,12.292359113693237
taxi-M,0.5,noisy_expert,150,7,BC,-5.633333333333334,100.0,733,0,-62.098333333333336,-31.036924369705314,1.4333333333333333,53.25,0.9568738560288845,0.0,0.04312614397111551,96.16666666666667,12.292359113693237
taxi-M,0.5,noisy_expert,150,7,RECO,-5.633333333333334,100.0,733,0,-16.476111111111113,-16.45567521228296,0.01,1.0,0.9642625318839653,0.03540834331373822,0.00032912480229655973,100.0,12.292359113693237
taxi-M,0.5,noisy_expert,150,7,RECO-greedy,-5.633333333333334,100.0,733,0,-6.159166666666667,-7.496594002669528,0.01,1.0,0.9600196373231874,0.03961216286704919,0.00036819980976343165,100.0,12.292359113693237
taxi-M,0.5,noisy_expert,150,7,In-data planning (POR-style),-5.633333333333334,100.0,733,0,-5.641666666666667,-7.029283325358019,1.4333333333333333,53.25,0.9461995620894589,0.0,0.053800437910541135,100.0,12.292359113693237
taxi-M,0.5,noisy_expert,150,7,Ours,-5.633333333333334,100.0,733,0,-8.200833333333334,-9.107057029996652,0.01,1.0,0.8768014611455153,0.1228560828743472,0.0003424559801375532,100.0,12.292359113693237
taxi-M,0.5,noisy_expert,150,7,Ours w/o stitching,-5.633333333333334,100.0,733,0,-6.046666666666667,-7.359268929191894,0.01,1.0,0.9328013310327828,0.06682893763864925,0.0003697313285679073,100.0,12.292359113693237
taxi-M,0.5,noisy_expert,150,7,Ours w/o execution rule,-5.633333333333334,100.0,733,0,-53.565,-25.584690991937695,0.01,1.0,0.24014025955247081,0.7597151429707552,0.0001445974767740303,74.25,12.292359113693237
taxi-M,0.5,noisy_expert,150,7,Factored Batch RL,-5.633333333333334,100.0,733,0,-5.708333333333333,-7.090669196183581,0.03,2.0,0.9438065522620905,0.055070202808112326,0.001123244929797192,100.0,12.292359113693237
taxi-M,0.5,noisy_expert,150,8,Imitation,-5.633333333333334,100.0,714,0,-16.703055555555554,-16.667185705777374,1.5675,56.00000000000001,0.9473473043835259,0.0,0.05265269561647414,100.0,11.620992660522461
taxi-M,0.5,noisy_expert,150,8,BC,-5.633333333333334,100.0,714,0,-152.06083333333333,-68.06859231934007,1.5675,56.00000000000001,0.9660095050506876,0.0,0.033990494949312416,88.5,11.620992660522461
taxi-M,0.5,noisy_expert,150,8,RECO,-5.633333333333334,100.0,714,0,-17.445833333333333,-17.273602375502104,0.0,0.0,0.9595072837507888,0.04049271624921127,0.0,100.0,11.620992660522461
taxi-M,0.5,noisy_expert,150,8,RECO-greedy,-5.633333333333334,100.0,714,0,-6.241666666666666,-7.57585046685429,0.0,0.0,0.9548485775466503,0.045151422453349646,0.0,100.0,11.620992660522461
taxi-M,0.5,noisy_expert,150,8,In-data planning (POR-style),-5.633333333333334,100.0,714,0,-5.6466666666666665,-7.034249836474195,1.5675,56.00000000000001,0.94117463097323,0.0,0.058825369026770075,100.0,11.620992660522461
taxi-M,0.5,noisy_expert,150,8,Ours,-5.633333333333334,100.0,714,0,-8.548333333333334,-9.384907367023043,0.0,0.0,0.8660950984263072,0.1339049015736928,0.0,100.0,11.620992660522461
taxi-M,0.5,noisy_expert,150,8,Ours w/o stitching,-5.633333333333334,100.0,714,0,-6.2283333333333335,-7.525204476021677,0.0,0.0,0.9225990083858726,0.07740099161412745,0.0,100.0,11.620992660522461
taxi-M,0.5,noisy_expert,150,8,Ours w/o execution rule,-5.633333333333334,100.0,714,0,-66.18083333333334,-30.732255205640236,0.0,0.0,0.1875116592392994,0.8124883407607006,0.0,67.75,11.620992660522461
taxi-M,0.5,noisy_expert,150,8,Factored Batch RL,-5.633333333333334,100.0,714,0,-5.693333333333333,-7.07857683571319,0.0375,2.75,0.9403409090909091,0.05825424575424575,0.0014048451548451548,100.0,11.620992660522461
taxi-M,0.5,noisy_expert,150,9,Imitation,-5.133333333333334,100.0,687,3,-15.068888888888889,-15.25917400186424,1.5566666666666666,57.99999999999999,0.9455118232731798,0.0,0.05448817672682016,100.0,13.293256759643555
taxi-M,0.5,noisy_expert,150,9,BC,-5.133333333333334,100.0,687,3,-30.5875,-17.362499454369868,1.5566666666666666,57.99999999999999,0.9545100331190337,0.0,0.0454899668809663,95.33333333333334,13.293256759643555
taxi-M,0.5,noisy_expert,150,9,RECO,-5.133333333333334,100.0,687,3,-15.745277777777778,-15.839957627617345,0.0,0.0,0.9558869957044591,0.04411300429554087,0.0,100.0,13.293256759643555
taxi-M,0.5,noisy_expert,150,9,RECO-greedy,-5.133333333333334,100.0,687,3,-5.639166666666667,-7.0863611114538765,0.0,0.0,0.9519191666405982,0.04808083335940189,0.0,100.0,13.293256759643555
taxi-M,0.5,noisy_expert,150,9,In-data planning (POR-style),-5.133333333333334,100.0,687,3,-5.175,-6.663119627983837,1.5566666666666666,57.99999999999999,0.940528494110156,0.0,0.059471505889844,100.0,13.293256759643555
taxi-M,0.5,noisy_expert,150,9,Ours,-5.133333333333334,100.0,687,3,-6.620833333333334,-7.910681987688298,0.0,0.0,0.8829084326444411,0.11709156735555891,0.0,100.0,13.293256759643555
taxi-M,0.5,noisy_expert,150,9,Ours w/o stitching,-5.133333333333334,100.0,687,3,-5.293333333333333,-6.769912575599295,0.0,0.0,0.936042089249493,0.0639579107505071,0.0,100.0,13.293256759643555
taxi-M,0.5,noisy_expert,150,9,Ours w/o execution rule,-5.133333333333334,100.0,687,3,-56.344166666666666,-27.152226009985778,0.0,0.0,0.24074031043777303,0.759259689562227,0.0,73.25,13.293256759643555
taxi-M,0.5,noisy_expert,150,9,Factored Batch RL,-5.133333333333334,100.0,687,3,-5.3533333333333335,-6.828621726020146,0.0,0.0,0.9354287882620794,0.06457121173792056,0.0,100.0,13.293256759643555
taxi-M,0.5,noisy_expert,150,10,Imitation,-4.138333333333334,100.0,693,0,-14.462777777777777,-14.697327223333248,1.475,57.41666666666667,0.9471331428400752,0.0,0.05286685715992473,100.0,16.55095601081848
taxi-M,0.5,noisy_expert,150,10,BC,-4.138333333333334,100.0,693,0,-63.10333333333333,-30.620257368733085,1.475,57.41666666666667,0.9533277080476743,0.0,0.0466722919523257,96.25,16.55095601081848
taxi-M,0.5,noisy_expert,150,10,RECO,-4.138333333333334,100.0,693,0,-14.918055555555556,-15.091992041835686,0.0,0.0,0.960475200125569,0.03952479987443101,0.0,100.0,16.55095601081848
taxi-M,0.5,noisy_expert,150,10,RECO-greedy,-4.138333333333334,100.0,693,0,-4.579166666666667,-6.126683603112646,0.0,0.0,0.9562469457566379,0.04375305424336211,0.0,100.0,16.55095601081848
taxi-M,0.5,noisy_expert,150,10,In-data planning (POR-style),-4.138333333333334,100.0,693,0,-4.155,-5.7283812867172115,1.475,57.41666666666667,0.9413635460147088,0.0,0.058636453985291194,100.0,16.55095601081848
taxi-M,0.5,noisy_expert,150,10,Ours,-4.138333333333334,100.0,693,0,-5.340833333333333,-6.7956731968573365,0.0,0.0,0.8902211395488626,0.10977886045113733,0.0,100.0,16.55095601081848
taxi-M,0.5,noisy_expert,150,10,Ours w/o stitching,-4.138333333333334,100.0,693,0,-4.379166666666666,-5.937852763965842,0.0,0.0,0.9324248891807585,0.0675751108192415,0.0,100.0,16.55095601081848
taxi-M,0.5,noisy_expert,150,10,Ours w/o execution rule,-4.138333333333334,100.0,693,0,-76.9775,-35.203518702697004,0.0,0.0,0.1562372755876365,0.8437627244123636,0.0,62.25000000000001,16.55095601081848
taxi-M,0.5,noisy_expert,150,10,Factored Batch RL,-4.138333333333334,100.0,693,0,-4.278333333333333,-5.847881936567373,0.0525,3.5000000000000004,0.9390782620162195,0.05884486055251533,0.002076877431265247,100.0,16.55095601081848
taxi-M,0.5,noisy_expert,150,11,Imitation,-4.093333333333334,100.0,712,1,-13.615833333333333,-14.045067157975652,1.3583333333333334,55.75,0.9515155120616318,0.0,0.04848448793836818,100.0,14.358434677124023
taxi-M,0.5,noisy_expert,150,11,BC,-4.093333333333334,100.0,712,1,-88.36583333333333,-41.25313672737272,1.3583333333333334,55.75,0.9656972094785135,0.0,0.0343027905214866,91.66666666666666,14.358434677124023
taxi-M,0.5,noisy_expert,150,11,RECO,-4.093333333333334,100.0,712,1,-14.336944444444445,-14.69336120201475,0.0,0.0,0.9620712529753775,0.03792874702462247,0.0,100.0,14.358434677124023
taxi-M,0.5,noisy_expert,150,11,RECO-greedy,-4.093333333333334,100.0,712,1,-4.514166666666667,-6.0676053230704845,0.0,0.0,0.9576705751706568,0.042329424829343175,0.0,100.0,14.358434677124023
taxi-M,0.5,noisy_expert,150,11,In-data planning (POR-style),-4.093333333333334,100.0,712,1,-4.095,-5.674368580878531,1.3583333333333334,55.75,0.9458723517300923,0.0,0.05412764826990769,100.0,14.358434677124023
taxi-M,0.5,noisy_expert,150,11,Ours,-4.093333333333334,100.0,712,1,-4.3308333333333335,-5.8894175493671375,0.0,0.0,0.9391716287791558,0.06082837122084416,0.0,100.0,14.358434677124023
taxi-M,0.5,noisy_expert,150,11,Ours w/o stitching,-4.093333333333334,100.0,712,1,-4.185833333333333,-5.7594793357406555,0.0,0.0,0.9442808457135294,0.05571915428647057,0.0,100.0,14.358434677124023
taxi-M,0.5,noisy_expert,150,11,Ours w/o execution rule,-4.093333333333334,100.0,712,1,-36.2625,-18.619957376671262,0.0,0.0,0.36096381058703136,0.6390361894129687,0.0,83.25,14.358434677124023
taxi-M,0.5,noisy_expert,150,11,Factored Batch RL,-4.093333333333334,100.0,712,1,-4.2683333333333335,-5.839164062614084,0.0,0.0,0.9442319108238243,0.05576808917617571,0.0,100.0,14.358434677124023
taxi-M,0.5,noisy_expert,150,12,Imitation,-5.633333333333334,100.0,739,1,-16.86861111111111,-16.671734963011428,1.5833333333333333,53.5,0.9469545391093946,0.0,0.05304546089060537,100.0,13.325530767440796
taxi-M,0.5,noisy_expert,150,12,BC,-5.633333333333334,100.0,739,1,-59.225833333333334,-29.648044117367014,1.5833333333333333,53.5,0.9574439492015141,0.0,0.0425560507984859,93.75,13.325530767440796
taxi-M,0.5,noisy_expert,150,12,RECO,-5.633333333333334,100.0,739,1,-17.83416666666667,-17.498237989867455,0.0,0.0,0.9526993831541023,0.0473006168458977,0.0,100.0,13.325530767440796
taxi-M,0.5,noisy_expert,150,12,RECO-greedy,-5.633333333333334,100.0,739,1,-6.220833333333333,-7.532707425683951,0.0,0.0,0.9469462727690189,0.053053727230981174,0.0,100.0,13.325530767440796
taxi-M,0.5,noisy_expert,150,12,In-data planning (POR-style),-5.633333333333334,100.0,739,1,-5.6466666666666665,-7.034295035587434,1.5833333333333333,53.5,0.9405804353264948,0.0,0.05941956467350513,100.0,13.325530767440796
taxi-M,0.5,noisy_expert,150,12,Ours,-5.633333333333334,100.0,739,1,-8.108333333333333,-9.032462842795137,0.0,0.0,0.8760377898654452,0.12396221013455483,0.0,100.0,13.325530767440796
taxi-M,0.5,noisy_expert,150,12,Ours w/o stitching,-5.633333333333334,100.0,739,1,-6.5216666666666665,-7.733648985166732,0.0,0.0,0.9112820202264882,0.08871797977351178,0.0,100.0,13.325530767440796
taxi-M,0.5,noisy_expert,150,12,Ours w/o execution rule,-5.633333333333334,100.0,739,1,-52.1425,-25.021661373139988,0.0,0.0,0.2513409679517865,0.7486590320482135,0.0,75.0,13.325530767440796
taxi-M,0.5,noisy_expert,150,12,Factored Batch RL,-5.633333333333334,100.0,739,1,-5.683333333333334,-7.070305056113245,0.0475,3.75,0.9405996252342286,0.05762023735165522,0.0017801374141161773,100.0,13.325530767440796
taxi-M,0.5,noisy_expert,150,13,Imitation,-76.60833333333333,60.0,725,2,-102.21444444444444,-48.764908883191744,9.09,53.0,0.9007229471244421,0.0,0.09927705287555784,62.5,81.25577521324158
taxi-M,0.5,noisy_expert,150,13,BC,-76.60833333333333,60.0,725,2,-113.73666666666666,-50.985755873903415,9.09,53.0,0.9081067875285376,0.0,0.09189321247146238,57.333333333333336,81.25577521324158
taxi-M,0.5,noisy_expert,150,13,RECO,-76.60833333333333,60.0,725,2,-105.61166666666666,-50.377626359257754,0.02,2.0,0.9892846773608187,0.010497568411119982,0.00021775422806126152,62.5,81.25577521324158
taxi-M,0.5,noisy_expert,150,13,RECO-greedy,-76.60833333333333,60.0,725,2,-87.28666666666666,-39.819890029524956,0.02,2.0,0.9890631945473404,0.010714550303748703,0.00022225514891094977,62.5,81.25577521324158
taxi-M,0.5,noisy_expert,150,13,In-data planning (POR-style),-76.60833333333333,60.0,725,2,-84.08833333333334,-38.33671916607839,9.09,53.0,0.8987111391746834,0.0,0.10128886082531664,62.5,81.25577521324158
taxi-M,0.5,noisy_expert,150,13,Ours,-76.60833333333333,60.0,725,2,-98.29833333333333,-43.6630310527281,0.02,2.0,0.9624134152909061,0.03736373934520604,0.0002228453638879088,62.5,81.25577521324158
taxi-M,0.5,noisy_expert,150,13,Ours w/o stitching,-76.60833333333333,60.0,725,2,-99.10166666666667,-44.95089561464976,0.02,2.0,0.9855071118208489,0.014270063505032123,0.0002228246741189141,62.5,81.25577521324158
taxi-M,0.5,noisy_expert,150,13,Ours w/o execution rule,-76.60833333333333,60.0,725,2,-76.62333333333333,-35.123352602088104,0.02,2.0,0.1651934112054077,0.8345837434307044,0.0002228453638879088,62.5,81.25577521324158
taxi-M,0.5,noisy_expert,150,13,Factored Batch RL,-76.60833333333333,60.0,725,2,-99.06083333333333,-44.68614618339948,0.02,2.0,0.9863628773401117,0.0134144757593187,0.00022264690056960498,62.5,81.25577521324158
taxi-M,0.5,noisy_expert,150,14,Imitation,-4.138333333333334,100.0,710,1,-15.761111111111111,-15.885547699594042,1.3883333333333334,57.333333333333336,0.950879124119156,0.0,0.04912087588084404,100.0,11.360294818878174
taxi-M,0.5,noisy_expert,150,14,BC,-4.138333333333334,100.0,710,1,-99.55166666666666,-45.8544408417724,1.3883333333333334,57.333333333333336,0.9636316007771398,0.0,0.036368399222860136,92.58333333333333,11.360294818878174
taxi-M,0.5,noisy_expert,150,14,RECO,-4.138333333333334,100.0,710,1,-16.19333333333333,-16.23679567435377,0.01,1.0,0.9613752615670774,0.03827598232969077,0.00034875610323180655,100.0,11.360294818878174
taxi-M,0.5,noisy_expert,150,14,RECO-greedy,-4.138333333333334,100.0,710,1,-4.611666666666666,-6.15319760823424,0.01,1.0,0.9567579878961411,0.04285156504197306,0.0003904470618858593,100.0,11.360294818878174
taxi-M,0.5,noisy_expert,150,14,In-data planning (POR-style),-4.138333333333334,100.0,710,1,-4.2316666666666665,-5.798793435620741,1.3883333333333334,57.333333333333336,0.9449765506308211,0.0,0.05502344936917894,100.0,11.360294818878174
taxi-M,0.5,noisy_expert,150,14,Ours,-4.138333333333334,100.0,710,1,-4.770833333333333,-6.282349400785321,0.01,1.0,0.9124979789814066,0.08711398544866612,0.0003880355699272433,100.0,11.360294818878174
taxi-M,0.5,noisy_expert,150,14,Ours w/o stitching,-4.138333333333334,100.0,710,1,-4.340833333333333,-5.8986889328005345,0.01,1.0,0.9403137229109803,0.059291657075208,0.00039462001381170047,100.0,11.360294818878174
taxi-M,0.5,noisy_expert,150,14,Ours w/o execution rule,-4.138333333333334,100.0,710,1,-48.471666666666664,-23.640121767996334,0.01,1.0,0.2736367152249581,0.7262085857934769,0.00015469898156503803,77.0,11.360294818878174
taxi-M,0.5,noisy_expert,150,14,Factored Batch RL,-4.138333333333334,100.0,710,1,-4.383333333333334,-5.942487095126494,0.01,1.0,0.9382140512147078,0.06139198949441891,0.0003939592908732764,100.0,11.360294818878174
taxi-M,0.5,noisy_expert,150,15,Imitation,-76.60833333333333,62.666666666666664,737,3,-100.70555555555555,-47.90688498554277,15.2225,53.41666666666667,0.8334073056251368,0.0,0.1665926943748632,62.5,63.65744423866272
taxi-M,0.5,noisy_expert,150,15,BC,-76.60833333333333,62.666666666666664,737,3,-101.02,-45.50753125785454,15.2225,53.41666666666667,0.8361850955071294,0.0,0.1638149044928706,60.66666666666667,63.65744423866272
taxi-M,0.5,noisy_expert,150,15,RECO,-76.60833333333333,62.666666666666664,737,3,-103.9786111111111,-49.65618740480725,3.9208333333333334,2.083333333333333,0.9436419075792754,0.013575771536647612,0.04278232088407703,62.5,63.65744423866272
taxi-M,0.5,noisy_expert,150,15,RECO-greedy,-76.60833333333333,62.666666666666664,737,3,-90.21166666666667,-41.04734678261187,3.9208333333333334,2.083333333333333,0.9425834661133138,0.013830733316041057,0.04358580057064512,62.5,63.65744423866272
taxi-M,0.5,noisy_expert,150,15,In-data planning (POR-style),-76.60833333333333,62.666666666666664,737,3,-84.06333333333333,-38.312651694472194,15.2225,53.41666666666667,0.830358469539376,0.0,0.16964153046062408,62.5,63.65744423866272
taxi-M,0.5,noisy_expert,150,15,Ours,-76.60833333333333,62.666666666666664,737,3,-97.89083333333333,-44.008600785018956,3.9175,2.083333333333333,0.917022580405556,0.03933001559830647,0.04364740399613756,62.5,63.65744423866272
taxi-M,0.5,noisy_expert,150,15,Ours w/o stitching,-76.60833333333333,62.666666666666664,737,3,-98.17583333333333,-44.326811269311925,3.9175,2.083333333333333,0.938915917700364,0.017436678303498477,0.04364740399613756,62.5,63.65744423866272
taxi-M,0.5,noisy_expert,150,15,Ours w/o execution rule,-76.60833333333333,62.666666666666664,737,3,-87.45833333333333,-39.758025209052235,0.0,0.0,0.5720771744781995,0.4279228255218005,0.0,62.5,63.65744423866272
taxi-M,0.5,noisy_expert,150,15,Factored Batch RL,-76.60833333333333,62.666666666666664,737,3,-98.30083333333333,-44.38299956691747,4.166666666666667,2.083333333333333,0.9403597349321553,0.013234830063297013,0.04640543500454773,62.5,63.65744423866272
taxi-M,0.5,noisy_expert,150,16,Imitation,-5.133333333333334,100.0,688,2,-16.07027777777778,-16.08658281514974,1.5025,56.25,0.9481141125009592,0.0,0.05188588749904075,100.0,15.63919997215271
taxi-M,0.5,noisy_expert,150,16,BC,-5.133333333333334,100.0,688,2,-48.285833333333336,-24.8678184080779,1.5025,56.25,0.9543913791358899,0.0,0.045608620864110085,96.08333333333333,15.63919997215271
taxi-M,0.5,noisy_expert,150,16,RECO,-5.133333333333334,100.0,688,2,-16.426944444444445,-16.40195516481132,0.0,0.0,0.9569609964937483,0.04303900350625171,0.0,100.0,15.63919997215271
taxi-M,0.5,noisy_expert,150,16,RECO-greedy,-5.133333333333334,100.0,688,2,-5.6066666666666665,-7.05566930252775,0.0,0.0,0.952455524931095,0.04754447506890504,0.0,100.0,15.63919997215271
taxi-M,0.5,noisy_expert,150,16,In-data planning (POR-style),-5.133333333333334,100.0,688,2,-5.176666666666667,-6.661538438431222,1.5025,56.25,0.9426015535464154,0.0,0.05739844645358462,100.0,15.63919997215271
taxi-M,0.5,noisy_expert,150,16,Ours,-5.133333333333334,100.0,688,2,-6.778333333333333,-8.0508604487141,0.0,0.0,0.8864822703545929,0.11351772964540709,0.0,100.0,15.63919997215271
taxi-M,0.5,noisy_expert,150,16,Ours w/o stitching,-5.133333333333334,100.0,688,2,-5.5275,-6.9733494244862735,0.0,0.0,0.9264285489900418,0.07357145100995822,0.0,100.0,15.63919997215271
taxi-M,0.5,noisy_expert,150,16,Ours w/o execution rule,-5.133333333333334,100.0,688,2,-69.32166666666667,-32.38266680485142,0.0,0.0,0.18838549587769152,0.8116145041223085,0.0,66.5,15.63919997215271
taxi-M,0.5,noisy_expert,150,16,Factored Batch RL,-5.133333333333334,100.0,688,2,-5.403333333333333,-6.879103999854568,0.0075,0.75,0.9383916172200479,0.06132432773639692,0.0002840550435551067,100.0,15.63919997215271
taxi-M,0.5,noisy_expert,150,17,Imitation,-5.133333333333334,100.0,712,1,-15.432222222222222,-15.618736530022908,1.24,55.166666666666664,0.9571893011613745,0.0,0.04281069883862553,100.0,14.589483499526978
taxi-M,0.5,noisy_expert,150,17,BC,-5.133333333333334,100.0,712,1,-37.75,-20.45836286656512,1.24,55.166666666666664,0.9619690231559577,0.0,0.03803097684404232,96.25,14.589483499526978
taxi-M,0.5,noisy_expert,150,17,RECO,-5.133333333333334,100.0,712,1,-16.161666666666665,-16.288211437369263,0.01,1.0,0.9625639567936327,0.03709494030699261,0.00034110289937464467,100.0,14.589483499526978
taxi-M,0.5,noisy_expert,150,17,RECO-greedy,-5.133333333333334,100.0,712,1,-5.384166666666666,-6.839945383491419,0.01,1.0,0.9584030826568964,0.041217902150911215,0.00037901519219228706,100.0,14.589483499526978
taxi-M,0.5,noisy_expert,150,17,In-data planning (POR-style),-5.133333333333334,100.0,712,1,-5.15,-6.622110037747273,1.24,55.166666666666664,0.9525812619502868,0.0,0.047418738049713194,100.0,14.589483499526978
taxi-M,0.5,noisy_expert,150,17,Ours,-5.133333333333334,100.0,712,1,-6.380833333333333,-7.6583103348691415,0.01,1.0,0.9144778890343002,0.0851568919864869,0.0003652189792129531,100.0,14.589483499526978
taxi-M,0.5,noisy_expert,150,17,Ours w/o stitching,-5.133333333333334,100.0,712,1,-5.5,-6.916285238914963,0.01,1.0,0.9407861635220126,0.058836477987421386,0.0003773584905660377,100.0,14.589483499526978
taxi-M,0.5,noisy_expert,150,17,Ours w/o execution rule,-5.133333333333334,100.0,712,1,-50.001666666666665,-24.300166651143968,0.01,1.0,0.269071032732873,0.7307774846308241,0.00015148263630281378,76.25,14.589483499526978
taxi-M,0.5,noisy_expert,150,17,Factored Batch RL,-5.133333333333334,100.0,712,1,-5.173333333333333,-6.64572690065504,0.02,2.0,0.9513818135506877,0.04785404992358635,0.0007641365257259297,100.0,14.589483499526978
taxi-M,0.5,noisy_expert,150,18,Imitation,-5.633333333333334,100.0,687,2,-16.42361111111111,-16.449716856862093,1.2508333333333332,57.08333333333333,0.9579036917237704,0.0,0.04209630827622956,100.0,12.983120918273926
taxi-M,0.5,noisy_expert,150,18,BC,-5.633333333333334,100.0,687,2,-117.14083333333333,-54.01892271221232,1.2508333333333332,57.08333333333333,0.9698981228942725,0.0,0.03010187710572758,91.16666666666666,12.983120918273926
taxi-M,0.5,noisy_expert,150,18,RECO,-5.633333333333334,100.0,687,2,-16.88888888888889,-16.86747054511943,0.0,0.0,0.9659521509770413,0.03404784902295861,0.0,100.0,12.983120918273926
taxi-M,0.5,noisy_expert,150,18,RECO-greedy,-5.633333333333334,100.0,687,2,-5.898333333333333,-7.285926589318057,0.0,0.0,0.9621413966168908,0.037858603383109236,0.0,100.0,12.983120918273926
taxi-M,0.5,noisy_expert,150,18,In-data planning (POR-style),-5.633333333333334,100.0,687,2,-5.6466666666666665,-7.053161375492857,1.2508333333333332,57.08333333333333,0.953058543907931,0.0,0.04694145609206905,100.0,12.983120918273926
taxi-M,0.5,noisy_expert,150,18,Ours,-5.633333333333334,100.0,687,2,-6.805833333333333,-8.016398469816094,0.0,0.0,0.9174633620043756,0.08253663799562443,0.0,100.0,12.983120918273926
taxi-M,0.5,noisy_expert,150,18,Ours w/o stitching,-5.633333333333334,100.0,687,2,-6.064166666666667,-7.4070395636664355,0.0,0.0,0.9398651353265388,0.06013486467346122,0.0,100.0,12.983120918273926
taxi-M,0.5,noisy_expert,150,18,Ours w/o execution rule,-5.633333333333334,100.0,687,2,-57.354166666666664,-27.335413816281033,0.0,0.0,0.235191457603766,0.764808542396234,0.0,72.5,12.983120918273926
taxi-M,0.5,noisy_expert,150,18,Factored Batch RL,-5.633333333333334,100.0,687,2,-5.743333333333333,-7.147825623160676,0.0075,0.75,0.951576716938801,0.04814283933690639,0.00028044372429265863,100.0,12.983120918273926
taxi-M,0.5,noisy_expert,150,19,Imitation,-5.133333333333334,100.0,712,2,-17.046388888888888,-16.98113529367858,1.4841666666666666,55.75,0.9497257167590354,0.0,0.05027428324096465,100.0,13.325056076049805
taxi-M,0.5,noisy_expert,150,19,BC,-5.133333333333334,100.0,712,2,-69.01916666666666,-33.75002510335457,1.4841666666666666,55.75,0.9608623038720169,0.0,0.039137696127983124,93.16666666666666,13.325056076049805
taxi-M,0.5,noisy_expert,150,19,RECO,-5.133333333333334,100.0,712,2,-18.034166666666668,-17.783758855487076,0.0,0.0,0.9578057902756615,0.04219420972433855,0.0,100.0,13.325056076049805
taxi-M,0.5,noisy_expert,150,19,RECO-greedy,-5.133333333333334,100.0,712,2,-5.5675,-7.017192731328411,0.0,0.0,0.9522286001066466,0.04777139989335341,0.0,100.0,13.325056076049805
taxi-M,0.5,noisy_expert,150,19,In-data planning (POR-style),-5.133333333333334,100.0,712,2,-5.163333333333333,-6.6510255181630455,1.4841666666666666,55.75,0.9432730284112626,0.0,0.05672697158873742,100.0,13.325056076049805
taxi-M,0.5,noisy_expert,150,19,Ours,-5.133333333333334,100.0,712,2,-7.260833333333333,-8.437293434504355,0.0,0.0,0.8779524076312918,0.12204759236870817,0.0,100.0,13.325056076049805
taxi-M,0.5,noisy_expert,150,19,Ours w/o stitching,-5.133333333333334,100.0,712,2,-5.695,-7.103916441513663,0.0,0.0,0.9239557969657239,0.07604420303427609,0.0,100.0,13.325056076049805
taxi-M,0.5,noisy_expert,150,19,Ours w/o execution rule,-5.133333333333334,100.0,712,2,-68.44,-31.826533608736632,0.0,0.0,0.18521662674711215,0.8147833732528879,0.0,66.75,13.325056076049805
taxi-M,0.5,noisy_expert,150,19,Factored Batch RL,-5.133333333333334,100.0,712,2,-5.253333333333333,-6.734869706848365,0.0,0.0,0.9398171660741493,0.060182833925850686,0.0,100.0,13.325056076049805
taxi-M,0.5,noisy_expert,150,20,Imitation,-3.8133333333333335,100.0,692,0,-14.688055555555556,-14.901659783725611,1.2775,56.91666666666667,0.953960737989649,0.0,0.04603926201035108,100.0,13.04361343383789
taxi-M,0.5,noisy_expert,150,20,BC,-3.8133333333333335,100.0,692,0,-40.905833333333334,-20.971530970786915,1.2775,56.91666666666667,0.9637777042672842,0.0,0.03622229573271585,93.83333333333333,13.04361343383789
taxi-M,0.5,noisy_expert,150,20,RECO,-3.8133333333333335,100.0,692,0,-15.416666666666666,-15.527178749295,0.0,0.0,0.9639780505074345,0.03602194949256549,0.0,100.0,13.04361343383789
taxi-M,0.5,noisy_expert,150,20,RECO-greedy,-3.8133333333333335,100.0,692,0,-4.216666666666667,-5.777576423527007,0.0,0.0,0.9596497025776602,0.04035029742233972,0.0,100.0,13.04361343383789
taxi-M,0.5,noisy_expert,150,20,In-data planning (POR-style),-3.8133333333333335,100.0,692,0,-3.8183333333333334,-5.407000299937974,1.2775,56.91666666666667,0.9485259552749983,0.0,0.05147404472500168,100.0,13.04361343383789
taxi-M,0.5,noisy_expert,150,20,Ours,-3.8133333333333335,100.0,692,0,-3.9033333333333333,-5.486524253370451,0.0,0.0,0.9442176415473162,0.05578235845268371,0.0,100.0,13.04361343383789
taxi-M,0.5,noisy_expert,150,20,Ours w/o stitching,-3.8133333333333335,100.0,692,0,-3.908333333333333,-5.491214909800314,0.0,0.0,0.9460689193710271,0.0539310806289729,0.0,100.0,13.04361343383789
taxi-M,0.5,noisy_expert,150,20,Ours w/o execution rule,-3.8133333333333335,100.0,692,0,-3.9033333333333333,-5.486524253370451,0.0,0.0,0.9442176415473162,0.05578235845268371,0.0,100.0,13.04361343383789
taxi-M,0.5,noisy_expert,150,20,Factored Batch RL,-3.8133333333333335,100.0,692,0,-4.088333333333333,-5.6580810851191075,0.0,0.0,0.9433999867136119,0.0566000132863881,0.0,100.0,13.04361343383789
taxi-M,0.5,noisy_expert,150,21,Imitation,-4.093333333333334,100.0,741,1,-16.663055555555555,-16.619642832274288,1.1816666666666666,53.083333333333336,0.9583194528815818,0.0,0.04168054711841822,100.0,12.511578798294067
taxi-M,0.5,noisy_expert,150,21,BC,-4.093333333333334,100.0,741,1,-93.52916666666667,-43.544433632465,1.1816666666666666,53.083333333333336,0.9730408000304194,0.0,0.026959199969580593,89.16666666666667,12.511578798294067
taxi-M,0.5,noisy_expert,150,21,RECO,-4.093333333333334,100.0,741,1,-17.15861111111111,-17.051326428531766,0.0,0.0,0.9680727554179567,0.031927244582043345,0.0,100.0,12.511578798294067
taxi-M,0.5,noisy_expert,150,21,RECO-greedy,-4.093333333333334,100.0,741,1,-4.389166666666667,-5.949084917548936,0.0,0.0,0.963895362195162,0.036104637804838025,0.0,100.0,12.511578798294067
taxi-M,0.5,noisy_expert,150,21,In-data planning (POR-style),-4.093333333333334,100.0,741,1,-4.115,-5.692652863586591,1.1816666666666666,53.083333333333336,0.9529497644170151,0.0,0.047050235582984934,100.0,12.511578798294067
taxi-M,0.5,noisy_expert,150,21,Ours,-4.093333333333334,100.0,741,1,-5.120833333333334,-6.600893046479891,0.0,0.0,0.9082469293348221,0.09175307066517786,0.0,100.0,12.511578798294067
taxi-M,0.5,noisy_expert,150,21,Ours w/o stitching,-4.093333333333334,100.0,741,1,-4.230833333333333,-5.801279691214469,0.0,0.0,0.9497968755160683,0.050203124483931695,0.0,100.0,12.511578798294067
taxi-M,0.5,noisy_expert,150,21,Ours w/o execution rule,-4.093333333333334,100.0,741,1,-54.850833333333334,-26.280054834837525,0.0,0.0,0.24481671919057887,0.7551832808094211,0.0,73.75,12.511578798294067
taxi-M,0.5,noisy_expert,150,21,Factored Batch RL,-4.093333333333334,100.0,741,1,-4.298333333333333,-5.86500785215608,0.0,0.0,0.9489426180907833,0.05105738190921668,0.0,100.0,12.511578798294067
taxi-M,0.5,noisy_expert,150,22,Imitation,-5.133333333333334,100.0,722,1,-17.13722222222222,-16.99429759008407,1.2983333333333333,54.91666666666667,0.9560218291305984,0.0,0.04397817086940158,100.0,14.876373052597046
taxi-M,0.5,noisy_expert,150,22,BC,-5.133333333333334,100.0,722,1,-76.51916666666666,-36.75389239878522,1.2983333333333333,54.91666666666667,0.9690129079735078,0.0,0.030987092026492174,90.75,14.876373052597046
taxi-M,0.5,noisy_expert,150,22,RECO,-5.133333333333334,100.0,722,1,-17.814444444444444,-17.584647839029387,0.0,0.0,0.9653222522489172,0.03467774775108281,0.0,100.0,14.876373052597046
taxi-M,0.5,noisy_expert,150,22,RECO-greedy,-5.133333333333334,100.0,722,1,-5.515,-6.940626337553093,0.0,0.0,0.9607454899742284,0.03925451002577158,0.0,100.0,14.876373052597046
taxi-M,0.5,noisy_expert,150,22,In-data planning (POR-style),-5.133333333333334,100.0,722,1,-5.156666666666666,-6.614243011530413,1.2983333333333333,54.91666666666667,0.950363196125908,0.0,0.04963680387409201,100.0,14.876373052597046
taxi-M,0.5,noisy_expert,150,22,Ours,-5.133333333333334,100.0,722,1,-7.503333333333333,-8.565830108257208,0.0,0.0,0.8849842123728219,0.11501578762717811,0.0,100.0,14.876373052597046
taxi-M,0.5,noisy_expert,150,22,Ours w/o stitching,-5.133333333333334,100.0,722,1,-5.485833333333333,-6.891459867357337,0.0,0.0,0.9408488814775194,0.05915111852248057,0.0,100.0,14.876373052597046
taxi-M,0.5,noisy_expert,150,22,Ours w/o execution rule,-5.133333333333334,100.0,722,1,-70.06666666666666,-32.31672827935492,0.0,0.0,0.17618654929507496,0.8238134507049251,0.0,65.75,14.876373052597046
taxi-M,0.5,noisy_expert,150,22,Factored Batch RL,-5.133333333333334,100.0,722,1,-5.293333333333333,-6.74003257357645,0.0,0.0,0.9465327079107505,0.053467292089249496,0.0,100.0,14.876373052597046
taxi-M,0.5,noisy_expert,150,23,Imitation,-5.133333333333334,100.0,681,0,-17.295555555555556,-17.155113328968095,1.38,57.166666666666664,0.9531378227198551,0.0,0.04686217728014489,100.0,21.134891986846924
taxi-M,0.5,noisy_expert,150,23,BC,-5.133333333333334,100.0,681,0,-54.19916666666666,-27.50952066079979,1.38,57.166666666666664,0.9636905805998948,0.0,0.03630941940010524,93.25,21.134891986846924
taxi-M,0.5,noisy_expert,150,23,RECO,-5.133333333333334,100.0,681,0,-17.621944444444445,-17.446220621478492,0.0,0.0,0.9578012267193646,0.04219877328063536,0.0,100.0,21.134891986846924
taxi-M,0.5,noisy_expert,150,23,RECO-greedy,-5.133333333333334,100.0,681,0,-5.485833333333333,-6.943960977752313,0.0,0.0,0.9525217883774345,0.04747821162256552,0.0,100.0,21.134891986846924
taxi-M,0.5,noisy_expert,150,23,In-data planning (POR-style),-5.133333333333334,100.0,681,0,-5.145,-6.632761928196908,1.38,57.166666666666664,0.9472174411933448,0.0,0.052782558806655194,100.0,21.134891986846924
taxi-M,0.5,noisy_expert,150,23,Ours,-5.133333333333334,100.0,681,0,-7.333333333333333,-8.534489974612692,0.0,0.0,0.8715294117647059,0.12847058823529411,0.0,100.0,21.134891986846924
taxi-M,0.5,noisy_expert,150,23,Ours w/o stitching,-5.133333333333334,100.0,681,0,-5.658333333333333,-7.082703682986086,0.0,0.0,0.9256330103157236,0.07436698968427634,0.0,100.0,21.134891986846924
taxi-M,0.5,noisy_expert,150,23,Ours w/o execution rule,-5.133333333333334,100.0,681,0,-94.64,-42.51073003896106,0.0,0.0,0.11455503319237402,0.885444966807626,0.0,53.25,21.134891986846924
taxi-M,0.5,noisy_expert,150,23,Factored Batch RL,-5.133333333333334,100.0,681,0,-5.2283333333333335,-6.712198824981506,0.0,0.0,0.9451610853402809,0.054838914659719136,0.0,100.0,21.134891986846924
taxi-M,0.5,noisy_expert,150,24,Imitation,-3.953333333333333,100.0,713,1,-14.430277777777778,-14.661000319102872,1.3933333333333333,55.91666666666667,0.9501584872663679,0.0,0.04984151273363209,100.0,14.449015617370605
taxi-M,0.5,noisy_expert,150,24,BC,-3.953333333333333,100.0,713,1,-23.425833333333333,-13.737058529775508,1.3933333333333333,55.91666666666667,0.9520793327792267,0.0,0.04792066722077327,97.58333333333333,14.449015617370605
taxi-M,0.5,noisy_expert,150,24,RECO,-3.953333333333333,100.0,713,1,-15.219166666666666,-15.348642909492389,0.0,0.0,0.9619900205459349,0.03800997945406516,0.0,100.0,14.449015617370605
taxi-M,0.5,noisy_expert,150,24,RECO-greedy,-3.953333333333333,100.0,713,1,-4.394166666666667,-5.944728930437613,0.0,0.0,0.9575033636333804,0.04249663636661963,0.0,100.0,14.449015617370605
taxi-M,0.5,noisy_expert,150,24,In-data planning (POR-style),-3.953333333333333,100.0,713,1,-3.965,-5.549246766884005,1.3933333333333333,55.91666666666667,0.94418853060952,0.0,0.055811469390480005,100.0,14.449015617370605
taxi-M,0.5,noisy_expert,150,24,Ours,-3.953333333333333,100.0,713,1,-4.120833333333334,-5.690193789710755,0.0,0.0,0.93819870625311,0.06180129374689003,0.0,100.0,14.449015617370605
taxi-M,0.5,noisy_expert,150,24,Ours w/o stitching,-3.953333333333333,100.0,713,1,-4.075,-5.649889582191119,0.0,0.0,0.940844134263875,0.05915586573612496,0.0,100.0,14.449015617370605
taxi-M,0.5,noisy_expert,150,24,Ours w/o execution rule,-3.953333333333333,100.0,713,1,-16.02,-10.426645678331194,0.0,0.0,0.6154636047515695,0.38453639524843053,0.0,93.75,14.449015617370605
taxi-M,0.5,noisy_expert,150,24,Factored Batch RL,-3.953333333333333,100.0,713,1,-4.123333333333333,-5.6938848616758255,0.0,0.0,0.9397306620671355,0.060269337932864535,0.0,100.0,14.449015617370605
taxi-M,0.5,noisy_expert,150,25,Imitation,-4.553333333333334,100.0,684,1,-15.383888888888889,-15.575703885886245,1.5033333333333334,57.08333333333333,0.9467307105524769,0.0,0.05326928944752306,100.0,15.620012521743774
taxi-M,0.5,noisy_expert,150,25,BC,-4.553333333333334,100.0,684,1,-44.0025,-22.905360873838152,1.5033333333333334,57.08333333333333,0.9541456967108942,0.0,0.04585430328910579,95.83333333333334,15.620012521743774
taxi-M,0.5,noisy_expert,150,25,RECO,-4.553333333333334,100.0,684,1,-15.863611111111112,-16.00259478670481,0.0,0.0,0.957109714838086,0.04289028516191397,0.0,100.0,15.620012521743774
taxi-M,0.5,noisy_expert,150,25,RECO-greedy,-4.553333333333334,100.0,684,1,-5.025833333333333,-6.543373947298154,0.0,0.0,0.9526432070698985,0.047356792930101504,0.0,100.0,15.620012521743774
taxi-M,0.5,noisy_expert,150,25,In-data planning (POR-style),-4.553333333333334,100.0,684,1,-4.58,-6.1307456814039885,1.5033333333333334,57.08333333333333,0.9412301277039353,0.0,0.05876987229606463,100.0,15.620012521743774
taxi-M,0.5,noisy_expert,150,25,Ours,-4.553333333333334,100.0,684,1,-6.260833333333333,-7.639058928286011,0.0,0.0,0.8757680432855439,0.12423195671445603,0.0,100.0,15.620012521743774
taxi-M,0.5,noisy_expert,150,25,Ours w/o stitching,-4.553333333333334,100.0,684,1,-4.8575,-6.383644590981711,0.0,0.0,0.9319346417867157,0.06806535821328434,0.0,100.0,15.620012521743774
taxi-M,0.5,noisy_expert,150,25,Ours w/o execution rule,-4.553333333333334,100.0,684,1,-100.05833333333334,-44.767201324179545,0.0,0.0,0.10468688815928191,0.895313111840718,0.0,50.5,15.620012521743774
taxi-M,0.5,noisy_expert,150,25,Factored Batch RL,-4.553333333333334,100.0,684,1,-4.778333333333333,-6.314319213095893,0.0,0.0,0.9373504881360315,0.06264951186396844,0.0,100.0,15.620012521743774
taxi-M,0.5,noisy_expert,150,26,Imitation,-5.133333333333334,100.0,730,0,-15.729722222222222,-15.82574494488583,1.2916666666666667,55.08333333333333,0.9557151292356336,0.0,0.044284870764366394,100.0,15.360728740692139
taxi-M,0.5,noisy_expert,150,26,BC,-5.133333333333334,100.0,730,0,-50.494166666666665,-25.919062463866304,1.2916666666666667,55.08333333333333,0.9596753212966336,0.0,0.04032467870336646,96.58333333333333,15.360728740692139
taxi-M,0.5,noisy_expert,150,26,RECO,-5.133333333333334,100.0,730,0,-16.155833333333334,-16.192742601224715,0.0,0.0,0.964868751233541,0.03513124876645896,0.0,100.0,15.360728740692139
taxi-M,0.5,noisy_expert,150,26,RECO-greedy,-5.133333333333334,100.0,730,0,-5.468333333333334,-6.900631254640618,0.0,0.0,0.9607707323216422,0.039229267678357785,0.0,100.0,15.360728740692139
taxi-M,0.5,noisy_expert,150,26,In-data planning (POR-style),-5.133333333333334,100.0,730,0,-5.1433333333333335,-6.601413969162225,1.2916666666666667,55.08333333333333,0.950592885375494,0.0,0.04940711462450593,100.0,15.360728740692139
taxi-M,0.5,noisy_expert,150,26,Ours,-5.133333333333334,100.0,730,0,-7.185833333333333,-8.29421238174245,0.0,0.0,0.8962244626437631,0.10377553735623687,0.0,100.0,15.360728740692139
taxi-M,0.5,noisy_expert,150,26,Ours w/o stitching,-5.133333333333334,100.0,730,0,-5.629166666666666,-7.0147507717508555,0.0,0.0,0.9359724612736661,0.0640275387263339,0.0,100.0,15.360728740692139
taxi-M,0.5,noisy_expert,150,26,Ours w/o execution rule,-5.133333333333334,100.0,730,0,-54.11416666666667,-25.84325135186183,0.0,0.0,0.2420410360710654,0.7579589639289346,0.0,74.0,15.360728740692139
taxi-M,0.5,noisy_expert,150,26,Factored Batch RL,-5.133333333333334,100.0,730,0,-5.273333333333333,-6.725447277790721,0.0175,1.7500000000000002,0.9479193098198426,0.05141461557980208,0.0006660746003552398,100.0,15.360728740692139
taxi-M,0.5,noisy_expert,150,27,Imitation,-5.633333333333334,100.0,676,1,-17.572777777777777,-17.384779419900603,1.36,58.25,0.9541976163301963,0.0,0.04580238366980373,100.0,21.862836599349976
taxi-M,0.5,noisy_expert,150,27,BC,-5.633333333333334,100.0,676,1,-28.049166666666668,-16.57798283052752,1.36,58.25,0.9556051249965997,0.0,0.04439487500340034,97.66666666666667,21.862836599349976
taxi-M,0.5,noisy_expert,150,27,RECO,-5.633333333333334,100.0,676,1,-17.644166666666667,-17.41952367351666,0.0,0.0,0.9596100278551533,0.0403899721448468,0.0,100.0,21.862836599349976
taxi-M,0.5,noisy_expert,150,27,RECO-greedy,-5.633333333333334,100.0,676,1,-5.940833333333333,-7.321624693176691,0.0,0.0,0.9551486281666615,0.04485137183333849,0.0,100.0,21.862836599349976
taxi-M,0.5,noisy_expert,150,27,In-data planning (POR-style),-5.633333333333334,100.0,676,1,-5.638333333333334,-7.045595597966015,1.36,58.25,0.9489457548645436,0.0,0.05105424513545642,100.0,21.862836599349976
taxi-M,0.5,noisy_expert,150,27,Ours,-5.633333333333334,100.0,676,1,-8.250833333333333,-9.197526906764038,0.0,0.0,0.849292042961739,0.150707957038261,0.0,100.0,21.862836599349976
taxi-M,0.5,noisy_expert,150,27,Ours w/o stitching,-5.633333333333334,100.0,676,1,-6.5,-7.7597657883328335,0.0,0.0,0.9188181818181819,0.08118181818181819,0.0,100.0,21.862836599349976
taxi-M,0.5,noisy_expert,150,27,Ours w/o execution rule,-5.633333333333334,100.0,676,1,-80.94583333333334,-36.86450397414719,0.0,0.0,0.14575580049502307,0.854244199504977,0.0,60.25,21.862836599349976
taxi-M,0.5,noisy_expert,150,27,Factored Batch RL,-5.633333333333334,100.0,676,1,-5.808333333333334,-7.2004807888040565,0.0,0.0,0.945414982903326,0.05458501709667392,0.0,100.0,21.862836599349976
taxi-M,0.5,noisy_expert,150,28,Imitation,-4.138333333333334,100.0,728,1,-15.400833333333333,-15.564514941521871,1.3283333333333334,55.166666666666664,0.9527927501036546,0.0,0.047207249896345435,100.0,22.64332389831543
taxi-M,0.5,noisy_expert,150,28,BC,-4.138333333333334,100.0,728,1,-61.571666666666665,-29.96422341448409,1.3283333333333334,55.166666666666664,0.9650591845681719,0.0,0.03494081543182814,92.58333333333333,22.64332389831543
taxi-M,0.5,noisy_expert,150,28,RECO,-4.138333333333334,100.0,728,1,-15.584722222222222,-15.720299844887485,0.0,0.0,0.9644487615347256,0.03555123846527441,0.0,100.0,22.64332389831543
taxi-M,0.5,noisy_expert,150,28,RECO-greedy,-4.138333333333334,100.0,728,1,-4.505,-6.05462055432054,0.0,0.0,0.9601385349277919,0.039861465072208065,0.0,100.0,22.64332389831543
taxi-M,0.5,noisy_expert,150,28,In-data planning (POR-style),-4.138333333333334,100.0,728,1,-4.141666666666667,-5.716857737076879,1.3283333333333334,55.166666666666664,0.9471660589990056,0.0,0.05283394100099437,100.0,22.64332389831543
taxi-M,0.5,noisy_expert,150,28,Ours,-4.138333333333334,100.0,728,1,-4.9158333333333335,-6.4119575087853615,0.0,0.0,0.9152062767291553,0.08479372327084472,0.0,100.0,22.64332389831543
taxi-M,0.5,noisy_expert,150,28,Ours w/o stitching,-4.138333333333334,100.0,728,1,-4.265,-5.828711000786147,0.0,0.0,0.9416518239989445,0.05834817600105548,0.0,100.0,22.64332389831543
taxi-M,0.5,noisy_expert,150,28,Ours w/o execution rule,-4.138333333333334,100.0,728,1,-54.74583333333333,-26.179805966100638,0.0,0.0,0.24353345989558614,0.7564665401044138,0.0,73.75,22.64332389831543
taxi-M,0.5,noisy_expert,150,28,Factored Batch RL,-4.138333333333334,100.0,728,1,-4.243333333333333,-5.8127337492732885,0.0,0.0,0.946124389277697,0.053875610722302916,0.0,100.0,22.64332389831543
taxi-M,0.5,noisy_expert,150,29,Imitation,-5.133333333333334,100.0,704,1,-17.115833333333335,-16.966345282547387,1.2691666666666668,55.666666666666664,0.9566035047727597,0.0,0.043396495227240345,100.0,13.929083347320557
taxi-M,0.5,noisy_expert,150,29,BC,-5.133333333333334,100.0,704,1,-57.839166666666664,-29.018117162074354,1.2691666666666668,55.666666666666664,0.9619402239104359,0.0,0.03805977608956417,95.83333333333334,13.929083347320557
taxi-M,0.5,noisy_expert,150,29,RECO,-5.133333333333334,100.0,704,1,-17.53361111111111,-17.30354494591676,0.0,0.0,0.9636539859462079,0.0363460140537921,0.0,100.0,13.929083347320557
taxi-M,0.5,noisy_expert,150,29,RECO-greedy,-5.133333333333334,100.0,704,1,-5.59,-7.027003871321514,0.0,0.0,0.9592578663658017,0.04074213363419832,0.0,100.0,13.929083347320557
taxi-M,0.5,noisy_expert,150,29,In-data planning (POR-style),-5.133333333333334,100.0,704,1,-5.145,-6.618248820465371,1.2691666666666668,55.666666666666664,0.9514566201313189,0.0,0.048543379868681076,100.0,13.929083347320557
taxi-M,0.5,noisy_expert,150,29,Ours,-5.133333333333334,100.0,704,1,-7.333333333333333,-8.468689967563142,0.0,0.0,0.8868235294117647,0.1131764705882353,0.0,100.0,13.929083347320557
taxi-M,0.5,noisy_expert,150,29,Ours w/o stitching,-5.133333333333334,100.0,704,1,-5.41,-6.849708060238827,0.0,0.0,0.9401426227439101,0.05985737725608987,0.0,100.0,13.929083347320557
taxi-M,0.5,noisy_expert,150,29,Ours w/o execution rule,-5.133333333333334,100.0,704,1,-68.74916666666667,-31.85678278178312,0.0,0.0,0.18163958209496558,0.8183604179050344,0.0,66.5,13.929083347320557
taxi-M,0.5,noisy_expert,150,29,Factored Batch RL,-5.133333333333334,100.0,704,1,-5.403333333333333,-6.861629647325456,0.0,0.0,0.9472920085847747,0.05270799141522535,0.0,100.0,13.929083347320557
taxi-M,0.5,random_mix,50,0,Imitation,-5.633333333333334,40.0,935,2,-515.5163888888889,-236.170360013928,1.5358333333333334,35.91666666666667,0.9894079039374091,0.0,0.010592096062590877,40.80555555555556,91.03597021102905
taxi-M,0.5,random_mix,50,0,BC,-5.633333333333334,40.0,935,2,-1044.7008333333333,-445.6486226016892,1.5358333333333334,35.91666666666667,0.9913918327502698,0.0,0.008608167249730264,12.083333333333334,91.03597021102905
taxi-M,0.5,random_mix,50,0,RECO,-5.633333333333334,40.0,935,2,-541.0283333333333,-248.29775198723922,0.0,0.0,0.9932336182336182,0.006766381766381766,0.0,37.55555555555555,91.03597021102905
taxi-M,0.5,random_mix,50,0,RECO-greedy,-5.633333333333334,40.0,935,2,-330.68083333333334,-145.7695575974067,0.0,0.0,0.9860264083909438,0.013973591609056245,0.0,73.33333333333333,91.03597021102905
taxi-M,0.5,random_mix,50,0,In-data planning (POR-style),-5.633333333333334,40.0,935,2,-265.79833333333335,-118.24909497478899,1.5358333333333334,35.91666666666667,0.977093638917199,0.0,0.022906361082800964,77.0,91.03597021102905
taxi-M,0.5,random_mix,50,0,Ours,-5.633333333333334,40.0,935,2,-63.25833333333333,-32.00801564672992,0.0,0.0,0.9081289276302453,0.09187107236975471,0.0,91.66666666666666,91.03597021102905
taxi-M,0.5,random_mix,50,0,Ours w/o stitching,-5.633333333333334,40.0,935,2,-181.72583333333333,-83.3393727125858,0.0,0.0,0.9823238022831755,0.017676197716824462,0.0,75.33333333333333,91.03597021102905
taxi-M,0.5,random_mix,50,0,Ours w/o execution rule,-5.633333333333334,40.0,935,2,-63.25833333333333,-32.00801564672992,0.0,0.0,0.9081289276302453,0.09187107236975471,0.0,91.66666666666666,91.03597021102905
taxi-M,0.5,random_mix,50,0,Factored Batch RL,-5.633333333333334,40.0,935,2,-5.966666666666667,-7.328288549680898,0.0,0.0,0.7913782447466008,0.20862175525339927,0.0,100.0,91.03597021102905
taxi-M,0.5,random_mix,50,1,Imitation,-5.133333333333334,32.0,907,5,-498.23333333333335,-228.0695346809663,2.0280555555555555,37.638888888888886,0.9850443895464359,0.0,0.01495561045356407,44.55555555555556,80.12432217597961
taxi-M,0.5,random_mix,50,1,BC,-5.133333333333334,32.0,907,5,-1057.2958333333333,-453.9078921012315,1.9041666666666666,35.5,0.9878011019048433,0.0,0.012198898095156743,24.916666666666668,80.12432217597961
taxi-M,0.5,random_mix,50,1,RECO,-5.133333333333334,32.0,907,5,-534.7380555555555,-243.18966860920037,0.0,0.0,0.9920499596667827,0.007950040333217367,0.0,39.97222222222222,80.12432217597961
taxi-M,0.5,random_mix,50,1,RECO-greedy,-5.133333333333334,32.0,907,5,-290.57,-128.60728883420964,0.0,0.0,0.9852543766889907,0.014745623311009282,0.0,74.75,80.12432217597961
taxi-M,0.5,random_mix,50,1,In-data planning (POR-style),-5.133333333333334,32.0,907,5,-278.0283333333333,-123.07602107694878,1.8491666666666666,34.416666666666664,0.9697951405431158,0.0,0.03020485945688423,80.08333333333333,80.12432217597961
taxi-M,0.5,random_mix,50,1,Ours,-5.133333333333334,32.0,907,5,-129.4575,-58.9966116034895,0.0,0.0,0.9606212121212121,0.03937878787878788,0.0,83.33333333333334,80.12432217597961
taxi-M,0.5,random_mix,50,1,Ours w/o stitching,-5.133333333333334,32.0,907,5,-197.63666666666666,-87.90231696928716,0.0,0.0,0.9828331247491086,0.017166875250891403,0.0,74.83333333333333,80.12432217597961
taxi-M,0.5,random_mix,50,1,Ours w/o execution rule,-5.133333333333334,32.0,907,5,-129.4575,-58.9966116034895,0.0,0.0,0.9606212121212121,0.03937878787878788,0.0,83.33333333333334,80.12432217597961
taxi-M,0.5,random_mix,50,1,Factored Batch RL,-5.133333333333334,32.0,907,5,-6.966666666666667,-8.240164315432052,0.0,0.0,0.8224374255065554,0.17756257449344456,0.0,100.0,80.12432217597961
taxi-M,0.5,random_mix,50,2,Imitation,-5.633333333333334,28.0,875,3,-591.2777777777778,-269.7227560453523,2.1625,37.666666666666664,0.9854138367136634,0.0,0.014586163286336596,39.97222222222222,82.20535087585449
taxi-M,0.5,random_mix,50,2,BC,-5.633333333333334,28.0,875,3,-1093.5625,-468.8013115608409,2.1625,37.666666666666664,0.9880361267479011,0.0,0.011963873252098864,10.75,82.20535087585449
taxi-M,0.5,random_mix,50,2,RECO,-5.633333333333334,28.0,875,3,-639.8008333333333,-286.88352133354334,0.0,0.0,0.9911246453762266,0.008875354623773457,0.0,31.305555555555554,82.20535087585449
taxi-M,0.5,random_mix,50,2,RECO-greedy,-5.633333333333334,28.0,875,3,-580.8858333333334,-248.9793789318689,0.0,0.0,0.9852136433409361,0.014786356659063906,0.0,59.66666666666667,82.20535087585449
taxi-M,0.5,random_mix,50,2,In-data planning (POR-style),-5.633333333333334,28.0,875,3,-525.2283333333334,-227.1412062582978,2.1625,37.666666666666664,0.974397932102724,0.0,0.02560206789727602,66.41666666666667,82.20535087585449
taxi-M,0.5,random_mix,50,2,Ours,-5.633333333333334,28.0,875,3,-207.37583333333333,-91.93313536216502,0.0,0.0,0.942818267865594,0.057181732134406055,0.0,75.0,82.20535087585449
taxi-M,0.5,random_mix,50,2,Ours w/o stitching,-5.633333333333334,28.0,875,3,-341.4433333333333,-148.33040111473107,0.0,0.0,0.9839518555667001,0.0160481444332999,0.0,59.916666666666664,82.20535087585449
taxi-M,0.5,random_mix,50,2,Ours w/o execution rule,-5.633333333333334,28.0,875,3,-207.37583333333333,-91.93313536216502,0.0,0.0,0.942818267865594,0.057181732134406055,0.0,75.0,82.20535087585449
taxi-M,0.5,random_mix,50,2,Factored Batch RL,-5.633333333333334,28.0,875,3,-7.966666666666667,-9.075610567290465,0.0,0.0,0.7250863060989643,0.27491369390103565,0.0,100.0,82.20535087585449
taxi-M,0.5,random_mix,50,3,Imitation,-5.633333333333334,46.0,848,4,-440.7127777777778,-210.16332213277892,1.7808333333333333,44.166666666666664,0.9856025763101633,0.0,0.01439742368983669,58.44444444444444,83.29796767234802
taxi-M,0.5,random_mix,50,3,BC,-5.633333333333334,46.0,848,4,-942.1966666666667,-403.0872918085896,1.7066666666666668,41.41666666666667,0.9890929812695386,0.0,0.010907018730461364,24.5,83.29796767234802
taxi-M,0.5,random_mix,50,3,RECO,-5.633333333333334,46.0,848,4,-458.58694444444444,-218.07099642511736,0.0,0.0,0.9875639929431883,0.012436007056811664,0.0,56.388888888888886,83.29796767234802
taxi-M,0.5,random_mix,50,3,RECO-greedy,-5.633333333333334,46.0,848,4,-167.74,-75.98201427367725,0.0,0.0,0.9687527049251277,0.03124729507487233,0.0,87.75,83.29796767234802
taxi-M,0.5,random_mix,50,3,In-data planning (POR-style),-5.633333333333334,46.0,848,4,-149.38,-68.0445809879801,1.7066666666666668,41.41666666666667,0.9631846698664366,0.0,0.03681533013356343,88.66666666666667,83.29796767234802
taxi-M,0.5,random_mix,50,3,Ours,-5.633333333333334,46.0,848,4,-65.11583333333333,-32.32102305915618,0.0,0.0,0.943911890679176,0.05608810932082398,0.0,91.66666666666666,83.29796767234802
taxi-M,0.5,random_mix,50,3,Ours w/o stitching,-5.633333333333334,46.0,848,4,-93.50083333333333,-44.695219288816226,0.0,0.0,0.9633639231431029,0.03663607685689704,0.0,88.58333333333334,83.29796767234802
taxi-M,0.5,random_mix,50,3,Ours w/o execution rule,-5.633333333333334,46.0,848,4,-65.11583333333333,-32.32102305915618,0.0,0.0,0.943911890679176,0.05608810932082398,0.0,91.66666666666666,83.29796767234802
taxi-M,0.5,random_mix,50,3,Factored Batch RL,-5.633333333333334,46.0,848,4,-5.633333333333334,-7.040980802298313,0.0,0.0,0.8719336670838548,0.1280663329161452,0.0,100.0,83.29796767234802
taxi-M,0.5,random_mix,50,4,Imitation,-5.133333333333334,44.0,859,2,-461.045,-213.53572166784136,1.8575,45.19444444444444,0.9849593111917839,0.0,0.015040688808216036,55.86111111111111,58.45603322982788
taxi-M,0.5,random_mix,50,4,BC,-5.133333333333334,44.0,859,2,-985.9833333333333,-418.55071650826653,1.7675,43.916666666666664,0.9891581600053161,0.0,0.010841839994683869,20.833333333333336,58.45603322982788
taxi-M,0.5,random_mix,50,4,RECO,-5.133333333333334,44.0,859,2,-508.82444444444445,-233.33150360755027,0.0,0.0,0.9881957037973942,0.011804296202605867,0.0,51.416666666666664,58.45603322982788
taxi-M,0.5,random_mix,50,4,RECO-greedy,-5.133333333333334,44.0,859,2,-139.18,-63.71452751018219,0.0,0.0,0.970296699818415,0.029703300181584954,0.0,86.33333333333333,58.45603322982788
taxi-M,0.5,random_mix,50,4,In-data planning (POR-style),-5.133333333333334,44.0,859,2,-123.99833333333333,-57.10443534205612,1.7675,43.916666666666664,0.9613689348681335,0.0,0.03863106513186653,88.58333333333334,58.45603322982788
taxi-M,0.5,random_mix,50,4,Ours,-5.133333333333334,44.0,859,2,-5.133333333333334,-6.592843978060828,0.0,0.0,0.8884247448979592,0.11157525510204082,0.0,100.0,58.45603322982788
taxi-M,0.5,random_mix,50,4,Ours w/o stitching,-5.133333333333334,44.0,859,2,-97.47166666666666,-45.65383674522125,0.0,0.0,0.9597959520707562,0.040204047929243814,0.0,88.75,58.45603322982788
taxi-M,0.5,random_mix,50,4,Ours w/o execution rule,-5.133333333333334,44.0,859,2,-5.133333333333334,-6.592843978060828,0.0,0.0,0.8884247448979592,0.11157525510204082,0.0,100.0,58.45603322982788
taxi-M,0.5,random_mix,50,4,Factored Batch RL,-5.133333333333334,44.0,859,2,-5.133333333333334,-6.592843978060828,0.0,0.0,0.8884247448979592,0.11157525510204082,0.0,100.0,58.45603322982788
taxi-M,0.5,random_mix,50,5,Imitation,-3.953333333333333,48.0,795,4,-351.13444444444445,-176.27721433035188,2.169722222222222,52.75,0.9788463100880163,0.0,0.021153689911983752,72.08333333333333,53.839951515197754
taxi-M,0.5,random_mix,50,5,BC,-3.953333333333333,48.0,795,4,-911.6616666666666,-390.28854882205513,1.9466666666666668,48.583333333333336,0.9850800605483844,0.0,0.014919939451615582,39.916666666666664,53.839951515197754
taxi-M,0.5,random_mix,50,5,RECO,-3.953333333333333,48.0,795,4,-380.18583333333333,-188.9654258325701,0.0,0.0,0.9735439047989546,0.026456095201045377,0.0,67.22222222222223,53.839951515197754
taxi-M,0.5,random_mix,50,5,RECO-greedy,-3.953333333333333,48.0,795,4,-39.57416666666666,-21.161035726852532,0.0,0.0,0.9525586961477092,0.04744130385229086,0.0,98.25,53.839951515197754
taxi-M,0.5,random_mix,50,5,In-data planning (POR-style),-3.953333333333333,48.0,795,4,-29.274166666666666,-16.582663642148642,1.9466666666666668,48.583333333333336,0.9299865128128278,0.0,0.07001348718717218,98.75,53.839951515197754
taxi-M,0.5,random_mix,50,5,Ours,-3.953333333333333,48.0,795,4,-3.953333333333333,-5.537595675959461,0.0,0.0,0.8863879241250334,0.1136120758749666,0.0,100.0,53.839951515197754
taxi-M,0.5,random_mix,50,5,Ours w/o stitching,-3.953333333333333,48.0,795,4,-4.491666666666666,-6.012470539489876,0.0,0.0,0.9215102974828375,0.07848970251716247,0.0,100.0,53.839951515197754
taxi-M,0.5,random_mix,50,5,Ours w/o execution rule,-3.953333333333333,48.0,795,4,-3.953333333333333,-5.537595675959461,0.0,0.0,0.8863879241250334,0.1136120758749666,0.0,100.0,53.839951515197754
taxi-M,0.5,random_mix,50,5,Factored Batch RL,-3.953333333333333,48.0,795,4,-3.953333333333333,-5.537595675959461,0.0,0.0,0.8863879241250334,0.1136120758749666,0.0,100.0,53.839951515197754
taxi-M,0.5,random_mix,50,6,Imitation,-100.51666666666667,34.0,761,6,-406.4241666666667,-186.38368893828456,33.07,49.75,0.76586367417739,0.0,0.23413632582261004,38.19444444444444,95.24844908714294
taxi-M,0.5,random_mix,50,6,BC,-100.51666666666667,34.0,761,6,-815.8483333333334,-351.3825914749923,33.07,49.75,0.7888733420939228,0.0,0.21112665790607726,24.5,95.24844908714294
taxi-M,0.5,random_mix,50,6,RECO,-100.51666666666667,34.0,761,6,-456.4502777777778,-207.1875809171545,0.6416666666666667,8.333333333333332,0.9821401759267745,0.013355381054429662,0.0045044430187958125,36.97222222222222,95.24844908714294
taxi-M,0.5,random_mix,50,6,RECO-greedy,-100.51666666666667,34.0,761,6,-718.2533333333333,-309.56563716629984,0.6416666666666667,8.333333333333332,0.9795572637668738,0.015286854510392115,0.005155881722734091,42.66666666666667,95.24844908714294
taxi-M,0.5,random_mix,50,6,In-data planning (POR-style),-100.51666666666667,34.0,761,6,-573.855,-248.21352896310466,33.07,49.75,0.7322592397684492,0.0,0.2677407602315508,43.166666666666664,95.24844908714294
taxi-M,0.5,random_mix,50,6,Ours,-100.51666666666667,34.0,761,6,-352.63166666666666,-154.81851272955367,0.6416666666666667,8.333333333333332,0.9737265792526453,0.020859844623334622,0.005413576124020107,45.83333333333333,95.24844908714294
taxi-M,0.5,random_mix,50,6,Ours w/o stitching,-100.51666666666667,34.0,761,6,-376.32416666666666,-165.19544156876728,0.6416666666666667,8.333333333333332,0.9772503340576874,0.017553213027574944,0.00519645291473768,43.166666666666664,95.24844908714294
taxi-M,0.5,random_mix,50,6,Ours w/o execution rule,-100.51666666666667,34.0,761,6,-352.63166666666666,-154.81851272955367,0.6416666666666667,8.333333333333332,0.9737265792526453,0.020859844623334622,0.005413576124020107,45.83333333333333,95.24844908714294
taxi-M,0.5,random_mix,50,6,Factored Batch RL,-100.51666666666667,34.0,761,6,-320.0466666666667,-140.7529385597034,0.0,0.0,0.9697356371879363,0.03026436281206371,0.0,50.0,95.24844908714294
taxi-M,0.5,random_mix,50,7,Imitation,-5.633333333333334,34.0,892,2,-466.7963888888889,-216.63996248817494,5.0408333333333335,38.19444444444444,0.9616539494509163,0.0,0.03834605054908366,49.583333333333336,69.16737604141235
taxi-M,0.5,random_mix,50,7,BC,-5.633333333333334,34.0,892,2,-930.1008333333333,-400.3174409249323,3.185,36.0,0.9797238152331337,0.0,0.020276184766866316,24.666666666666668,69.16737604141235
taxi-M,0.5,random_mix,50,7,RECO,-5.633333333333334,34.0,892,2,-479.25916666666666,-221.38772759331823,1.1916666666666667,8.333333333333332,0.9604596579998171,0.03082269027951352,0.00871765172066937,45.22222222222222,69.16737604141235
taxi-M,0.5,random_mix,50,7,RECO-greedy,-5.633333333333334,34.0,892,2,-292.3666666666667,-129.04132456811558,1.1916666666666667,8.333333333333332,0.9551170636949187,0.026607708823228708,0.01827522748185257,78.0,69.16737604141235
taxi-M,0.5,random_mix,50,7,In-data planning (POR-style),-5.633333333333334,34.0,892,2,-294.45416666666665,-129.74055866959483,3.185,36.0,0.9505773731783327,0.0,0.049422626821667336,78.25,69.16737604141235
taxi-M,0.5,random_mix,50,7,Ours,-5.633333333333334,34.0,892,2,-71.11166666666666,-34.762014943711605,1.1916666666666667,8.333333333333332,0.8913229889750919,0.07948142098815843,0.029195590036749694,91.66666666666666,69.16737604141235
taxi-M,0.5,random_mix,50,7,Ours w/o stitching,-5.633333333333334,34.0,892,2,-167.31083333333333,-75.6704328870457,1.1916666666666667,8.333333333333332,0.955859405992965,0.025230752955489145,0.018909841051545848,79.08333333333334,69.16737604141235
taxi-M,0.5,random_mix,50,7,Ours w/o execution rule,-5.633333333333334,34.0,892,2,-71.11166666666666,-34.762014943711605,1.1916666666666667,8.333333333333332,0.8913229889750919,0.07948142098815843,0.029195590036749694,91.66666666666666,69.16737604141235
taxi-M,0.5,random_mix,50,7,Factored Batch RL,-5.633333333333334,34.0,892,2,-7.466666666666667,-8.594445577312541,0.0,0.0,0.8054449648711943,0.19455503512880562,0.0,100.0,69.16737604141235
taxi-M,0.5,random_mix,50,8,Imitation,-5.633333333333334,44.0,885,5,-479.11083333333335,-220.7235483437682,2.984166666666667,42.44444444444444,0.9773961016007675,0.0,0.02260389839923244,46.63888888888889,67.57028317451477
taxi-M,0.5,random_mix,50,8,BC,-5.633333333333334,44.0,885,5,-1004.035,-431.1544892250335,1.515,37.75,0.9897806033828563,0.0,0.010219396617143628,29.25,67.57028317451477
taxi-M,0.5,random_mix,50,8,RECO,-5.633333333333334,44.0,885,5,-515.8352777777778,-236.9259980381647,0.0,0.0,0.9842794395641055,0.015720560435894586,0.0,42.52777777777778,67.57028317451477
taxi-M,0.5,random_mix,50,8,RECO-greedy,-5.633333333333334,44.0,885,5,-510.29833333333335,-221.45711627224188,0.0,0.0,0.9906650161332873,0.009334983866712665,0.0,67.91666666666667,67.57028317451477
taxi-M,0.5,random_mix,50,8,In-data planning (POR-style),-5.633333333333334,44.0,885,5,-423.16,-184.38579958797,1.515,37.75,0.9795780818224709,0.0,0.020421918177529152,72.25,67.57028317451477
taxi-M,0.5,random_mix,50,8,Ours,-5.633333333333334,44.0,885,5,-142.66916666666665,-65.37574214107268,0.0,0.0,0.9254675792082129,0.07453242079178712,0.0,83.33333333333334,67.57028317451477
taxi-M,0.5,random_mix,50,8,Ours w/o stitching,-5.633333333333334,44.0,885,5,-231.735,-102.64960960538119,0.0,0.0,0.9760540916953074,0.02394590830469259,0.0,72.66666666666667,67.57028317451477
taxi-M,0.5,random_mix,50,8,Ours w/o execution rule,-5.633333333333334,44.0,885,5,-163.96833333333333,-73.21117830766332,0.0,0.0,0.6326315904831834,0.3673684095168166,0.0,70.83333333333334,67.57028317451477
taxi-M,0.5,random_mix,50,8,Factored Batch RL,-5.633333333333334,44.0,885,5,-5.633333333333334,-7.021846436583392,0.0,0.0,0.7795056320400501,0.22049436795994995,0.0,100.0,67.57028317451477
taxi-M,0.5,random_mix,50,9,Imitation,-5.133333333333334,46.0,818,6,-360.9505555555556,-168.58080617825107,1.4691666666666667,43.416666666666664,0.9859653498844377,0.0,0.014034650115562302,62.77777777777778,61.760860204696655
taxi-M,0.5,random_mix,50,9,BC,-5.133333333333334,46.0,818,6,-837.8158333333333,-361.1305449388058,1.4691666666666667,43.416666666666664,0.9882566094040379,0.0,0.011743390595962085,42.75,61.760860204696655
taxi-M,0.5,random_mix,50,9,RECO,-5.133333333333334,46.0,818,6,-372.95444444444445,-173.8681446646789,0.0,0.0,0.9891570569746428,0.01084294302535716,0.0,61.25000000000001,61.760860204696655
taxi-M,0.5,random_mix,50,9,RECO-greedy,-5.133333333333334,46.0,818,6,-206.47333333333333,-92.40320541858232,0.0,0.0,0.976418918918919,0.02358108108108108,0.0,86.75,61.760860204696655
taxi-M,0.5,random_mix,50,9,In-data planning (POR-style),-5.133333333333334,46.0,818,6,-202.06666666666666,-90.47038507374486,1.4691666666666667,43.416666666666664,0.9693103088117536,0.0,0.030689691188246354,87.41666666666667,61.760860204696655
taxi-M,0.5,random_mix,50,9,Ours,-5.133333333333334,46.0,818,6,-5.133333333333334,-6.6225565611768795,0.0,0.0,0.8816326530612245,0.11836734693877551,0.0,100.0,61.760860204696655
taxi-M,0.5,random_mix,50,9,Ours w/o stitching,-5.133333333333334,46.0,818,6,-105.455,-49.965580498816216,0.0,0.0,0.9691538649109973,0.030846135089002684,0.0,87.41666666666667,61.760860204696655
taxi-M,0.5,random_mix,50,9,Ours w/o execution rule,-5.133333333333334,46.0,818,6,-5.133333333333334,-6.6225565611768795,0.0,0.0,0.8816326530612245,0.11836734693877551,0.0,100.0,61.760860204696655
taxi-M,0.5,random_mix,50,9,Factored Batch RL,-5.133333333333334,46.0,818,6,-5.133333333333334,-6.6225565611768795,0.0,0.0,0.8816326530612245,0.11836734693877551,0.0,100.0,61.760860204696655
taxi-M,0.5,random_mix,50,10,Imitation,-4.138333333333334,36.0,824,4,-534.6411111111111,-251.9177485311198,3.2675,45.30555555555556,0.976662844264214,0.0,0.02333715573578602,52.30555555555556,69.42381644248962
taxi-M,0.5,random_mix,50,10,BC,-4.138333333333334,36.0,824,4,-1138.1575,-481.31671673271,2.5766666666666667,44.75,0.9864196554844037,0.0,0.013580344515596313,5.666666666666666,69.42381644248962
taxi-M,0.5,random_mix,50,10,RECO,-4.138333333333334,36.0,824,4,-587.0577777777778,-271.0870498810023,0.0,0.0,0.9824570436624691,0.017542956337530894,0.0,43.916666666666664,69.42381644248962
taxi-M,0.5,random_mix,50,10,RECO-greedy,-4.138333333333334,36.0,824,4,-190.8925,-86.27456512729538,0.0,0.0,0.9632375656472042,0.036762434352795796,0.0,87.66666666666667,69.42381644248962
taxi-M,0.5,random_mix,50,10,In-data planning (POR-style),-4.138333333333334,36.0,824,4,-148.8475,-68.13602182551317,2.5766666666666667,44.75,0.9413727720894957,0.0,0.05862722791050436,89.91666666666667,69.42381644248962
taxi-M,0.5,random_mix,50,10,Ours,-4.138333333333334,36.0,824,4,-76.60083333333333,-36.419318394551425,0.0,0.0,0.9043874691538751,0.0956125308461249,0.0,91.66666666666666,69.42381644248962
taxi-M,0.5,random_mix,50,10,Ours w/o stitching,-4.138333333333334,36.0,824,4,-98.20666666666666,-46.38193121058135,0.0,0.0,0.9512776013588361,0.04872239864116387,0.0,89.25,69.42381644248962
taxi-M,0.5,random_mix,50,10,Ours w/o execution rule,-4.138333333333334,36.0,824,4,-76.60083333333333,-36.419318394551425,0.0,0.0,0.9043874691538751,0.0956125308461249,0.0,91.66666666666666,69.42381644248962
taxi-M,0.5,random_mix,50,10,Factored Batch RL,-4.138333333333334,36.0,824,4,-4.305,-5.872595301303942,0.0,0.0,0.7945399459922281,0.20546005400777184,0.0,100.0,69.42381644248962
taxi-M,0.5,random_mix,50,11,Imitation,-4.093333333333334,40.0,884,4,-458.11333333333334,-211.5630524681601,3.2733333333333334,40.30555555555556,0.9742711355939975,0.0,0.025728864406002527,51.94444444444445,51.976008892059326
taxi-M,0.5,random_mix,50,11,BC,-4.093333333333334,40.0,884,4,-1078.2883333333334,-460.29264261642,2.5033333333333334,38.58333333333333,0.9841391363115572,0.0,0.015860863688442795,23.833333333333336,51.976008892059326
taxi-M,0.5,random_mix,50,11,RECO,-4.093333333333334,40.0,884,4,-501.54833333333335,-229.76757572001978,0.8966666666666666,8.333333333333332,0.9774118053883156,0.01594388148916594,0.006644313122518417,46.55555555555556,51.976008892059326
taxi-M,0.5,random_mix,50,11,RECO-greedy,-4.093333333333334,40.0,884,4,-195.93666666666667,-87.9657302321483,0.8966666666666666,8.333333333333332,0.9528592723084219,0.028914560607087202,0.01822616708449082,86.91666666666666,51.976008892059326
taxi-M,0.5,random_mix,50,11,In-data planning (POR-style),-4.093333333333334,40.0,884,4,-126.98583333333333,-58.60129691963363,2.5033333333333334,38.58333333333333,0.9399296112621981,0.0,0.060070388737801954,91.0,51.976008892059326
taxi-M,0.5,random_mix,50,11,Ours,-4.093333333333334,40.0,884,4,-4.093333333333334,-5.672881708410811,0.8966666666666666,8.333333333333332,0.8442813496280552,0.11998538788522849,0.03573326248671626,100.0,51.976008892059326
taxi-M,0.5,random_mix,50,11,Ours w/o stitching,-4.093333333333334,40.0,884,4,-74.55,-35.95594706292364,0.8966666666666666,8.333333333333332,0.9322588768572148,0.045160748761856793,0.022580374380928397,92.16666666666666,51.976008892059326
taxi-M,0.5,random_mix,50,11,Ours w/o execution rule,-4.093333333333334,40.0,884,4,-4.093333333333334,-5.672881708410811,0.8966666666666666,8.333333333333332,0.8442813496280552,0.11998538788522849,0.03573326248671626,100.0,51.976008892059326
taxi-M,0.5,random_mix,50,11,Factored Batch RL,-4.093333333333334,40.0,884,4,-4.093333333333334,-5.672881708410811,0.0,0.0,0.850923219978746,0.149076780021254,0.0,100.0,51.976008892059326
taxi-M,0.5,random_mix,50,12,Imitation,-5.633333333333334,32.0,879,6,-622.7616666666667,-278.36087214086,2.8675,41.083333333333336,0.9812095563139932,0.0,0.018790443686006825,37.666666666666664,107.57917642593384
taxi-M,0.5,random_mix,50,12,BC,-5.633333333333334,32.0,879,6,-1119.405,-478.32361434128563,2.8675,41.083333333333336,0.9831966012305889,0.0,0.016803398769411074,16.333333333333332,107.57917642593384
taxi-M,0.5,random_mix,50,12,RECO,-5.633333333333334,32.0,879,6,-643.9761111111111,-285.2989857207444,0.0,0.0,0.9903907719479724,0.009609228052027534,0.0,25.861111111111114,107.57917642593384
taxi-M,0.5,random_mix,50,12,RECO-greedy,-5.633333333333334,32.0,879,6,-770.6216666666667,-330.6644054174583,0.0,0.0,0.9873698292369436,0.012630170763056423,0.0,42.0,107.57917642593384
taxi-M,0.5,random_mix,50,12,In-data planning (POR-style),-5.633333333333334,32.0,879,6,-685.4091666666667,-294.6516173206286,2.8675,41.083333333333336,0.973093854827233,0.0,0.02690614517276701,53.75,107.57917642593384
taxi-M,0.5,random_mix,50,12,Ours,-5.633333333333334,32.0,879,6,-272.1766666666667,-119.50485395537292,0.0,0.0,0.9539016199130779,0.046098380086922165,0.0,66.66666666666666,107.57917642593384
taxi-M,0.5,random_mix,50,12,Ours w/o stitching,-5.633333333333334,32.0,879,6,-452.4433333333333,-196.0574676694325,0.0,0.0,0.9848805094302674,0.015119490569732658,0.0,44.083333333333336,107.57917642593384
taxi-M,0.5,random_mix,50,12,Ours w/o execution rule,-5.633333333333334,32.0,879,6,-272.1766666666667,-119.50485395537292,0.0,0.0,0.9539016199130779,0.046098380086922165,0.0,66.66666666666666,107.57917642593384
taxi-M,0.5,random_mix,50,12,Factored Batch RL,-5.633333333333334,32.0,879,6,-206.46666666666667,-92.62892903398608,0.0,0.0,0.9214934528724785,0.07850654712752153,0.0,75.0,107.57917642593384
taxi-M,0.5,random_mix,50,13,Imitation,-76.60833333333333,28.0,747,3,-366.81555555555553,-164.81113680915578,35.19166666666667,48.91666666666667,0.7366429827588358,0.0,0.2633570172411643,40.47222222222222,60.96461725234985
taxi-M,0.5,random_mix,50,13,BC,-76.60833333333333,28.0,747,3,-734.7166666666667,-316.9558876663934,35.19166666666667,48.91666666666667,0.7526185064554678,0.0,0.24738149354453218,32.58333333333333,60.96461725234985
taxi-M,0.5,random_mix,50,13,RECO,-76.60833333333333,28.0,747,3,-389.14416666666665,-175.39055439168237,17.5375,16.666666666666664,0.862155155304158,0.007318646422546393,0.13052619827329562,40.44444444444444,60.96461725234985
taxi-M,0.5,random_mix,50,13,RECO-greedy,-76.60833333333333,28.0,747,3,-596.4175,-257.400552647775,17.5375,16.666666666666664,0.834291423416169,0.008798025663393503,0.1569105509204375,50.0,60.96461725234985
taxi-M,0.5,random_mix,50,13,In-data planning (POR-style),-76.60833333333333,28.0,747,3,-517.5291666666667,-224.2145351334858,35.19166666666667,48.91666666666667,0.6818880318187297,0.0,0.31811196818127035,50.583333333333336,60.96461725234985
taxi-M,0.5,random_mix,50,13,Ours,-76.60833333333333,28.0,747,3,-184.64666666666668,-84.74124138640137,17.5375,16.666666666666664,0.7831460674157303,0.021431887826167704,0.19542204475810196,62.5,60.96461725234985
taxi-M,0.5,random_mix,50,13,Ours w/o stitching,-76.60833333333333,28.0,747,3,-262.255,-117.53057482194754,17.5375,16.666666666666664,0.8214095202234146,0.01350058050142772,0.1650898992751577,53.166666666666664,60.96461725234985
taxi-M,0.5,random_mix,50,13,Ours w/o execution rule,-76.60833333333333,28.0,747,3,-184.64666666666668,-84.74124138640137,17.5375,16.666666666666664,0.7831460674157303,0.021431887826167704,0.19542204475810196,62.5,60.96461725234985
taxi-M,0.5,random_mix,50,13,Factored Batch RL,-76.60833333333333,28.0,747,3,-218.20333333333335,-99.30476664526044,16.875,10.416666666666668,0.8007541568202564,0.026489331752220242,0.17275651142752332,58.333333333333336,60.96461725234985
taxi-M,0.5,random_mix,50,14,Imitation,-4.138333333333334,40.0,814,5,-448.0386111111111,-200.08614145941897,3.5241666666666664,46.416666666666664,0.9707153920195,0.0,0.029284607980500012,51.44444444444445,90.80933976173401
taxi-M,0.5,random_mix,50,14,BC,-4.138333333333334,40.0,814,5,-832.4025,-358.32370260668,3.1508333333333334,43.583333333333336,0.9771310022802465,0.0,0.022868997719753467,35.333333333333336,90.80933976173401
taxi-M,0.5,random_mix,50,14,RECO,-4.138333333333334,40.0,814,5,-478.2630555555556,-212.75393289236897,0.8966666666666666,8.333333333333332,0.9745849796335123,0.018372382737247218,0.007042637629240473,46.80555555555556,90.80933976173401
taxi-M,0.5,random_mix,50,14,RECO-greedy,-4.138333333333334,40.0,814,5,-360.8225,-158.23366615046075,0.8966666666666666,8.333333333333332,0.9609972991779594,0.026312375426057626,0.01269032539598297,74.08333333333333,90.80933976173401
taxi-M,0.5,random_mix,50,14,In-data planning (POR-style),-4.138333333333334,40.0,814,5,-316.6025,-139.14202790945225,3.1508333333333334,43.583333333333336,0.9520001015602189,0.0,0.047999898439781134,76.66666666666667,90.80933976173401
taxi-M,0.5,random_mix,50,14,Ours,-4.138333333333334,40.0,814,5,-135.4975,-61.80517911538041,0.8966666666666666,8.333333333333332,0.9297378069445729,0.0536864158733093,0.01657577718211788,83.33333333333334,90.80933976173401
taxi-M,0.5,random_mix,50,14,Ours w/o stitching,-4.138333333333334,40.0,814,5,-183.85333333333332,-82.41322410560628,0.8966666666666666,8.333333333333332,0.9503640745251484,0.03569485113109274,0.013941074343758908,77.5,90.80933976173401
taxi-M,0.5,random_mix,50,14,Ours w/o execution rule,-4.138333333333334,40.0,814,5,-135.4975,-61.80517911538041,0.8966666666666666,8.333333333333332,0.9297378069445729,0.0536864158733093,0.01657577718211788,83.33333333333334,90.80933976173401
taxi-M,0.5,random_mix,50,14,Factored Batch RL,-4.138333333333334,40.0,814,5,-5.471666666666667,-6.950386421378372,0.0,0.0,0.7412327645910722,0.25876723540892776,0.0,100.0,90.80933976173401
taxi-M,0.5,random_mix,50,15,Imitation,-76.60833333333333,24.0,863,4,-515.4777777777778,-233.84867460210305,49.827777777777776,44.52777777777778,0.710228273178265,0.0,0.28977172682173497,23.833333333333336,89.64424109458923
taxi-M,0.5,random_mix,50,15,BC,-76.60833333333333,24.0,863,4,-997.1633333333333,-427.4803879117547,49.7425,42.25,0.7387656676703312,0.0,0.2612343323296688,5.333333333333334,89.64424109458923
taxi-M,0.5,random_mix,50,15,RECO,-76.60833333333333,24.0,863,4,-555.2613888888889,-249.12147547771605,41.666666666666664,20.833333333333336,0.7606788779180994,0.005826469887751338,0.23349465219414925,19.38888888888889,89.64424109458923
taxi-M,0.5,random_mix,50,15,RECO-greedy,-76.60833333333333,24.0,863,4,-536.6166666666667,-232.6476373797855,41.666666666666664,20.833333333333336,0.679393577713727,0.003174321012735376,0.3174321012735376,39.166666666666664,89.64424109458923
taxi-M,0.5,random_mix,50,15,In-data planning (POR-style),-76.60833333333333,24.0,863,4,-505.415,-219.19007884014547,49.7425,42.25,0.6054452795018739,0.0,0.39455472049812607,42.0,89.64424109458923
taxi-M,0.5,random_mix,50,15,Ours,-76.60833333333333,24.0,863,4,-290.36333333333334,-126.93178146515531,41.666666666666664,20.833333333333336,0.6384774166462582,0.011664275968232865,0.3498583073855089,45.83333333333333,89.64424109458923
taxi-M,0.5,random_mix,50,15,Ours w/o stitching,-76.60833333333333,24.0,863,4,-332.505,-145.38191664377672,41.666666666666664,20.833333333333336,0.6736954000773097,0.004181162221363227,0.3221234377013272,40.166666666666664,89.64424109458923
taxi-M,0.5,random_mix,50,15,Ours w/o execution rule,-76.60833333333333,24.0,863,4,-290.36333333333334,-126.93178146515531,41.666666666666664,20.833333333333336,0.6384774166462582,0.011664275968232865,0.3498583073855089,45.83333333333333,89.64424109458923
taxi-M,0.5,random_mix,50,15,Factored Batch RL,-76.60833333333333,24.0,863,4,-156.805,-70.03025504661593,41.666666666666664,20.833333333333336,0.49863001018235675,0.038535591965194856,0.4628343978524484,62.5,89.64424109458923
taxi-M,0.5,random_mix,50,16,Imitation,-5.133333333333334,30.0,877,7,-597.8372222222222,-268.1914744277755,2.8852777777777776,40.08333333333333,0.9806950668061831,0.0,0.01930493319381692,38.111111111111114,97.02556777000427
taxi-M,0.5,random_mix,50,16,BC,-5.133333333333334,30.0,877,7,-989.0775,-424.64005128623813,2.6883333333333335,39.166666666666664,0.9837309812346501,0.0,0.016269018765349915,19.583333333333332,97.02556777000427
taxi-M,0.5,random_mix,50,16,RECO,-5.133333333333334,30.0,877,7,-643.7888888888889,-289.1645258883717,0.0,0.0,0.9922105765450311,0.007789423454968866,0.0,30.25,97.02556777000427
taxi-M,0.5,random_mix,50,16,RECO-greedy,-5.133333333333334,30.0,877,7,-551.3708333333333,-238.3249990838248,0.0,0.0,0.9892483747101091,0.010751625289890886,0.0,51.916666666666664,97.02556777000427
taxi-M,0.5,random_mix,50,16,In-data planning (POR-style),-5.133333333333334,30.0,877,7,-484.8358333333333,-209.9452961701556,2.6883333333333335,39.166666666666664,0.9713208754867272,0.0,0.02867912451327276,60.66666666666667,97.02556777000427
taxi-M,0.5,random_mix,50,16,Ours,-5.133333333333334,30.0,877,7,-339.0725,-146.85408224071284,0.0,0.0,0.9800947065787249,0.019905293421275158,0.0,58.333333333333336,97.02556777000427
taxi-M,0.5,random_mix,50,16,Ours w/o stitching,-5.133333333333334,30.0,877,7,-395.41333333333336,-170.2932528657109,0.0,0.0,0.9867152705753157,0.013284729424684278,0.0,52.0,97.02556777000427
taxi-M,0.5,random_mix,50,16,Ours w/o execution rule,-5.133333333333334,30.0,877,7,-339.0725,-146.85408224071284,0.0,0.0,0.9800947065787249,0.019905293421275158,0.0,58.333333333333336,97.02556777000427
taxi-M,0.5,random_mix,50,16,Factored Batch RL,-5.133333333333334,30.0,877,7,-213.49,-94.71468170058073,0.0,0.0,0.9267582482094634,0.07324175179053657,0.0,75.0,97.02556777000427
taxi-M,0.5,random_mix,50,17,Imitation,-5.133333333333334,48.0,786,6,-422.1022222222222,-193.55902033722313,2.4052777777777776,49.75,0.9799517954013461,0.0,0.020048204598653883,54.666666666666664,60.06403160095215
taxi-M,0.5,random_mix,50,17,BC,-5.133333333333334,48.0,786,6,-853.28,-365.67854982787503,2.2841666666666667,48.333333333333336,0.9829835049882356,0.0,0.017016495011764415,37.5,60.06403160095215
taxi-M,0.5,random_mix,50,17,RECO,-5.133333333333334,48.0,786,6,-467.15,-212.9915730987561,0.0,0.0,0.972420378943108,0.02757962105689206,0.0,47.5,60.06403160095215
taxi-M,0.5,random_mix,50,17,RECO-greedy,-5.133333333333334,48.0,786,6,-378.575,-164.1693026562202,0.0,0.0,0.9692100375956878,0.03078996240431218,0.0,72.58333333333333,60.06403160095215
taxi-M,0.5,random_mix,50,17,In-data planning (POR-style),-5.133333333333334,48.0,786,6,-263.5925,-116.62396749351075,2.2841666666666667,48.333333333333336,0.9634781681789716,0.0,0.03652183182102837,78.83333333333333,60.06403160095215
taxi-M,0.5,random_mix,50,17,Ours,-5.133333333333334,48.0,786,6,-121.97166666666666,-56.71543899645706,0.0,0.0,0.9190591805766313,0.08094081942336874,0.0,83.33333333333334,60.06403160095215
taxi-M,0.5,random_mix,50,17,Ours w/o stitching,-5.133333333333334,48.0,786,6,-191.95666666666668,-85.83841921665785,0.0,0.0,0.9466230416507452,0.05337695834925487,0.0,74.66666666666667,60.06403160095215
taxi-M,0.5,random_mix,50,17,Ours w/o execution rule,-5.133333333333334,48.0,786,6,-121.97166666666666,-56.71543899645706,0.0,0.0,0.9190591805766313,0.08094081942336874,0.0,83.33333333333334,60.06403160095215
taxi-M,0.5,random_mix,50,17,Factored Batch RL,-5.133333333333334,48.0,786,6,-5.133333333333334,-6.607700269618854,0.0,0.0,0.7893176020408164,0.21068239795918367,0.0,100.0,60.06403160095215
taxi-M,0.5,random_mix,50,18,Imitation,-5.633333333333334,30.0,881,6,-558.2102777777778,-255.64569356485995,2.6644444444444444,43.94444444444445,0.9820832850797399,0.0,0.01791671492026016,39.83333333333333,100.43822503089905
taxi-M,0.5,random_mix,50,18,BC,-5.633333333333334,30.0,881,6,-1147.5425,-488.92009482417933,1.415,39.33333333333333,0.9919537125229234,0.0,0.00804628747707661,13.5,100.43822503089905
taxi-M,0.5,random_mix,50,18,RECO,-5.633333333333334,30.0,881,6,-581.8969444444444,-265.59945158045383,0.0,0.0,0.9854284216914989,0.014571578308501077,0.0,36.55555555555556,100.43822503089905
taxi-M,0.5,random_mix,50,18,RECO-greedy,-5.633333333333334,30.0,881,6,-484.745,-211.36265954280708,0.0,0.0,0.9890959774950494,0.010904022504950579,0.0,59.25,100.43822503089905
taxi-M,0.5,random_mix,50,18,In-data planning (POR-style),-5.633333333333334,30.0,881,6,-402.28583333333336,-176.29840967231803,1.415,39.33333333333333,0.9845761156882159,0.0,0.015423884311784103,62.74999999999999,100.43822503089905
taxi-M,0.5,random_mix,50,18,Ours,-5.633333333333334,30.0,881,6,-195.24,-88.40149089041533,0.0,0.0,0.9585248026393307,0.04147519736066926,0.0,75.0,100.43822503089905
taxi-M,0.5,random_mix,50,18,Ours w/o stitching,-5.633333333333334,30.0,881,6,-302.255,-134.09379545451813,0.0,0.0,0.9755707096169325,0.02442929038306755,0.0,61.416666666666664,100.43822503089905
taxi-M,0.5,random_mix,50,18,Ours w/o execution rule,-5.633333333333334,30.0,881,6,-195.24,-88.40149089041533,0.0,0.0,0.9585248026393307,0.04147519736066926,0.0,75.0,100.43822503089905
taxi-M,0.5,random_mix,50,18,Factored Batch RL,-5.633333333333334,30.0,881,6,-5.633333333333334,-7.040980802298313,0.0,0.0,0.7832290362953692,0.21677096370463078,0.0,100.0,100.43822503089905
taxi-M,0.5,random_mix,50,19,Imitation,-5.133333333333334,42.0,870,6,-480.48305555555555,-226.89611979071887,1.4041666666666666,40.416666666666664,0.989379047202834,0.0,0.010620952797166065,51.30555555555556,78.47313475608826
taxi-M,0.5,random_mix,50,19,BC,-5.133333333333334,42.0,870,6,-993.4616666666667,-427.46842353848007,1.4041666666666666,40.416666666666664,0.9911723256337851,0.0,0.008827674366214892,23.5,78.47313475608826
taxi-M,0.5,random_mix,50,19,RECO,-5.133333333333334,42.0,870,6,-514.7736111111111,-241.39163054202658,0.0,0.0,0.9917862056983323,0.008213794301667722,0.0,48.22222222222222,78.47313475608826
taxi-M,0.5,random_mix,50,19,RECO-greedy,-5.133333333333334,42.0,870,6,-181.00166666666667,-81.94801232105303,0.0,0.0,0.977293805895992,0.02270619410400795,0.0,86.58333333333333,78.47313475608826
taxi-M,0.5,random_mix,50,19,In-data planning (POR-style),-5.133333333333334,42.0,870,6,-160.74333333333334,-73.35626335102145,1.4041666666666666,40.416666666666664,0.9706629988160735,0.0,0.02933700118392646,87.83333333333333,78.47313475608826
taxi-M,0.5,random_mix,50,19,Ours,-5.133333333333334,42.0,870,6,-5.466666666666667,-6.9377692085315195,0.0,0.0,0.8649244332493703,0.13507556675062973,0.0,100.0,78.47313475608826
taxi-M,0.5,random_mix,50,19,Ours w/o stitching,-5.133333333333334,42.0,870,6,-104.99,-48.93677663286875,0.0,0.0,0.9691867908314481,0.030813209168551937,0.0,88.0,78.47313475608826
taxi-M,0.5,random_mix,50,19,Ours w/o execution rule,-5.133333333333334,42.0,870,6,-5.466666666666667,-6.9377692085315195,0.0,0.0,0.8649244332493703,0.13507556675062973,0.0,100.0,78.47313475608826
taxi-M,0.5,random_mix,50,19,Factored Batch RL,-5.133333333333334,42.0,870,6,-5.133333333333334,-6.6225565611768795,0.0,0.0,0.8695790816326531,0.13042091836734693,0.0,100.0,78.47313475608826
taxi-M,0.5,random_mix,50,20,Imitation,-3.8133333333333335,44.0,862,2,-456.8336111111111,-214.23258914855575,2.0083333333333333,42.083333333333336,0.9842635196608059,0.0,0.015736480339194066,52.72222222222223,78.63852953910828
taxi-M,0.5,random_mix,50,20,BC,-3.8133333333333335,44.0,862,2,-982.3716666666667,-421.81804905730496,1.4283333333333332,38.0,0.9907111850555216,0.0,0.009288814944478465,25.916666666666664,78.63852953910828
taxi-M,0.5,random_mix,50,20,RECO,-3.8133333333333335,44.0,862,2,-484.2938888888889,-225.9370971968056,0.0,0.0,0.9890491441838324,0.010950855816167598,0.0,49.666666666666664,78.63852953910828
taxi-M,0.5,random_mix,50,20,RECO-greedy,-3.8133333333333335,44.0,862,2,-364.54,-159.58295526333552,0.0,0.0,0.9871644722054631,0.012835527794536915,0.0,74.25,78.63852953910828
taxi-M,0.5,random_mix,50,20,In-data planning (POR-style),-3.8133333333333335,44.0,862,2,-333.25333333333333,-145.93820507336468,1.4283333333333332,38.0,0.9785288369995491,0.0,0.02147116300045097,76.25,78.63852953910828
taxi-M,0.5,random_mix,50,20,Ours,-3.8133333333333335,44.0,862,2,-212.86666666666667,-93.53406613684892,0.0,0.0,0.9645482163857311,0.035451783614268914,0.0,75.0,78.63852953910828
taxi-M,0.5,random_mix,50,20,Ours w/o stitching,-3.8133333333333335,44.0,862,2,-212.28083333333333,-93.73336783995852,0.0,0.0,0.975273338940286,0.024726661059714047,0.0,74.66666666666667,78.63852953910828
taxi-M,0.5,random_mix,50,20,Ours w/o execution rule,-3.8133333333333335,44.0,862,2,-212.86666666666667,-93.53406613684892,0.0,0.0,0.9645482163857311,0.035451783614268914,0.0,75.0,78.63852953910828
taxi-M,0.5,random_mix,50,20,Factored Batch RL,-3.8133333333333335,44.0,862,2,-5.6466666666666665,-7.0333198628824265,0.0,0.0,0.7547222917187891,0.2452777082812109,0.0,100.0,78.63852953910828
taxi-M,0.5,random_mix,50,21,Imitation,-4.093333333333334,44.0,892,4,-534.6927777777778,-244.48008573899872,1.2336111111111112,39.08333333333333,0.9914779541716959,0.0,0.008522045828304091,43.0,71.93657779693604
taxi-M,0.5,random_mix,50,21,BC,-4.093333333333334,44.0,892,4,-1128.6083333333333,-481.9694697590895,1.1066666666666667,36.833333333333336,0.9935881961007734,0.0,0.006411803899226528,15.25,71.93657779693604
taxi-M,0.5,random_mix,50,21,RECO,-4.093333333333334,44.0,892,4,-557.8066666666666,-253.25461425268912,0.0,0.0,0.9931398347799903,0.006860165220009688,0.0,39.94444444444444,71.93657779693604
taxi-M,0.5,random_mix,50,21,RECO-greedy,-4.093333333333334,44.0,892,4,-367.8433333333333,-161.53556097944684,0.0,0.0,0.9893844037392896,0.010615596260710378,0.0,70.91666666666666,71.93657779693604
taxi-M,0.5,random_mix,50,21,In-data planning (POR-style),-4.093333333333334,44.0,892,4,-326.74583333333334,-143.83197483707582,1.1066666666666667,36.833333333333336,0.9846713222138859,0.0,0.015328677786114157,73.5,71.93657779693604
taxi-M,0.5,random_mix,50,21,Ours,-4.093333333333334,44.0,892,4,-68.38083333333333,-33.406520874717465,0.0,0.0,0.9280876327452128,0.0719123672547872,0.0,91.66666666666666,71.93657779693604
taxi-M,0.5,random_mix,50,21,Ours w/o stitching,-4.093333333333334,44.0,892,4,-219.71083333333334,-96.35021578704612,0.0,0.0,0.983547588158981,0.016452411841018987,0.0,74.33333333333333,71.93657779693604
taxi-M,0.5,random_mix,50,21,Ours w/o execution rule,-4.093333333333334,44.0,892,4,-68.38083333333333,-33.406520874717465,0.0,0.0,0.9280876327452128,0.0719123672547872,0.0,91.66666666666666,71.93657779693604
taxi-M,0.5,random_mix,50,21,Factored Batch RL,-4.093333333333334,44.0,892,4,-4.093333333333334,-5.672881708410811,0.0,0.0,0.8679596174282678,0.1320403825717322,0.0,100.0,71.93657779693604
taxi-M,0.5,random_mix,50,22,Imitation,-5.133333333333334,42.0,814,2,-563.6716666666666,-249.1128405130053,3.1577777777777776,45.52777777777778,0.9767652426997938,0.0,0.023234757300206226,44.361111111111114,67.07115888595581
taxi-M,0.5,random_mix,50,22,BC,-5.133333333333334,42.0,814,2,-956.7025,-409.6704665733323,1.9175,44.83333333333333,0.987587389953392,0.0,0.012412610046607975,25.75,67.07115888595581
taxi-M,0.5,random_mix,50,22,RECO,-5.133333333333334,42.0,814,2,-562.75,-249.39607081608187,0.0,0.0,0.9859463727187149,0.01405362728128511,0.0,44.916666666666664,67.07115888595581
taxi-M,0.5,random_mix,50,22,RECO-greedy,-5.133333333333334,42.0,814,2,-224.30666666666667,-100.20984146310393,0.0,0.0,0.967866429003614,0.032133570996385995,0.0,86.25,67.07115888595581
taxi-M,0.5,random_mix,50,22,In-data planning (POR-style),-5.133333333333334,42.0,814,2,-290.18083333333334,-126.80999170045192,1.9175,44.83333333333333,0.9658919095194332,0.0,0.03410809048056684,83.0,67.07115888595581
taxi-M,0.5,random_mix,50,22,Ours,-5.133333333333334,42.0,814,2,-6.0808333333333335,-7.377818142158634,0.0,0.0,0.8269686432593778,0.1730313567406222,0.0,100.0,67.07115888595581
taxi-M,0.5,random_mix,50,22,Ours w/o stitching,-5.133333333333334,42.0,814,2,-162.53583333333333,-72.45451214736218,0.0,0.0,0.9527532463146519,0.0472467536853481,0.0,87.16666666666667,67.07115888595581
taxi-M,0.5,random_mix,50,22,Ours w/o execution rule,-5.133333333333334,42.0,814,2,-26.213333333333335,-14.81918789758825,0.0,0.0,0.423607885397893,0.5763921146021069,0.0,88.75,67.07115888595581
taxi-M,0.5,random_mix,50,22,Factored Batch RL,-5.133333333333334,42.0,814,2,-5.133333333333334,-6.592843978060828,0.0,0.0,0.8564413265306122,0.14355867346938775,0.0,100.0,67.07115888595581
taxi-M,0.5,random_mix,50,23,Imitation,-5.133333333333334,38.0,887,5,-517.6241666666666,-237.81889297776863,1.8211111111111111,40.55555555555556,0.9872879959203696,0.0,0.012712004079630352,43.666666666666664,98.9501142501831
taxi-M,0.5,random_mix,50,23,BC,-5.133333333333334,38.0,887,5,-964.5066666666667,-413.7577886112135,2.34,38.666666666666664,0.9858474875258304,0.0,0.014152512474169649,19.666666666666664,98.9501142501831
taxi-M,0.5,random_mix,50,23,RECO,-5.133333333333334,38.0,887,5,-551.3583333333333,-253.92727696311158,0.0,0.0,0.9925358778038552,0.007464122196144819,0.0,38.861111111111114,98.9501142501831
taxi-M,0.5,random_mix,50,23,RECO-greedy,-5.133333333333334,38.0,887,5,-571.9475,-245.74870240124923,0.0,0.0,0.9888028895768833,0.011197110423116614,0.0,58.833333333333336,98.9501142501831
taxi-M,0.5,random_mix,50,23,In-data planning (POR-style),-5.133333333333334,38.0,887,5,-455.2316666666667,-197.5288944599049,1.7633333333333334,38.25,0.9787797344458261,0.0,0.021220265554173855,66.75,98.9501142501831
taxi-M,0.5,random_mix,50,23,Ours,-5.133333333333334,38.0,887,5,-120.11833333333334,-56.52404823491119,0.0,0.0,0.9356686930091186,0.06433130699088146,0.0,83.33333333333334,98.9501142501831
taxi-M,0.5,random_mix,50,23,Ours w/o stitching,-5.133333333333334,38.0,887,5,-272.3466666666667,-121.02621907689924,0.0,0.0,0.9854257909795461,0.014574209020453893,0.0,62.74999999999999,98.9501142501831
taxi-M,0.5,random_mix,50,23,Ours w/o execution rule,-5.133333333333334,38.0,887,5,-120.11833333333334,-56.52404823491119,0.0,0.0,0.9356686930091186,0.06433130699088146,0.0,83.33333333333334,98.9501142501831
taxi-M,0.5,random_mix,50,23,Factored Batch RL,-5.133333333333334,38.0,887,5,-6.966666666666667,-8.22489136437371,0.0,0.0,0.7591775923718713,0.24082240762812873,0.0,100.0,98.9501142501831
taxi-M,0.5,random_mix,50,24,Imitation,-3.953333333333333,46.0,833,2,-436.645,-204.65607137179506,1.9316666666666666,45.77777777777778,0.983833847098043,0.0,0.016166152901956957,57.94444444444444,69.72153377532959
taxi-M,0.5,random_mix,50,24,BC,-3.953333333333333,46.0,833,2,-942.6208333333333,-404.190839525887,1.8991666666666667,45.33333333333333,0.9869929742656082,0.0,0.013007025734391855,30.333333333333336,69.72153377532959
taxi-M,0.5,random_mix,50,24,RECO,-3.953333333333333,46.0,833,2,-456.77222222222224,-212.69036788375047,0.0,0.0,0.9862320334986147,0.013767966501385315,0.0,54.63888888888889,69.72153377532959
taxi-M,0.5,random_mix,50,24,RECO-greedy,-3.953333333333333,46.0,833,2,-243.4725,-107.61509082193503,0.0,0.0,0.9667829516153497,0.03321704838465039,0.0,86.25,69.72153377532959
taxi-M,0.5,random_mix,50,24,In-data planning (POR-style),-3.953333333333333,46.0,833,2,-218.84333333333333,-96.92453216171488,1.8991666666666667,45.33333333333333,0.9599212141462814,0.0,0.04007878585371859,87.25,69.72153377532959
taxi-M,0.5,random_mix,50,24,Ours,-3.953333333333333,46.0,833,2,-3.953333333333333,-5.537595675959461,0.0,0.0,0.876269035532995,0.12373096446700507,0.0,100.0,69.72153377532959
taxi-M,0.5,random_mix,50,24,Ours w/o stitching,-3.953333333333333,46.0,833,2,-109.53583333333333,-50.75382629739601,0.0,0.0,0.9593911312344744,0.04060886876552563,0.0,87.25,69.72153377532959
taxi-M,0.5,random_mix,50,24,Ours w/o execution rule,-3.953333333333333,46.0,833,2,-3.953333333333333,-5.537595675959461,0.0,0.0,0.876269035532995,0.12373096446700507,0.0,100.0,69.72153377532959
taxi-M,0.5,random_mix,50,24,Factored Batch RL,-3.953333333333333,46.0,833,2,-3.953333333333333,-5.537595675959461,0.0,0.0,0.876269035532995,0.12373096446700507,0.0,100.0,69.72153377532959
taxi-M,0.5,random_mix,50,25,Imitation,-4.553333333333334,38.0,882,8,-438.7586111111111,-205.61981087385846,1.88,35.91666666666667,0.9848590942749569,0.0,0.01514090572504312,53.361111111111114,65.09704995155334
taxi-M,0.5,random_mix,50,25,BC,-4.553333333333334,38.0,882,8,-946.5175,-407.0821645242845,1.88,35.91666666666667,0.9877242527628594,0.0,0.012275747237140665,26.583333333333332,65.09704995155334
taxi-M,0.5,random_mix,50,25,RECO,-4.553333333333334,38.0,882,8,-494.3,-229.4247264211184,0.0,0.0,0.9930235250391475,0.006976474960852531,0.0,46.55555555555556,65.09704995155334
taxi-M,0.5,random_mix,50,25,RECO-greedy,-4.553333333333334,38.0,882,8,-337.6225,-147.5810977305465,0.0,0.0,0.9861272656780071,0.013872734321992828,0.0,75.33333333333333,65.09704995155334
taxi-M,0.5,random_mix,50,25,In-data planning (POR-style),-4.553333333333334,38.0,882,8,-245.27666666666667,-109.0327708002793,1.88,35.91666666666667,0.9682119205298013,0.0,0.031788079470198675,80.75,65.09704995155334
taxi-M,0.5,random_mix,50,25,Ours,-4.553333333333334,38.0,882,8,-135.2675,-61.31406832053597,0.0,0.0,0.9571030640668524,0.04289693593314763,0.0,83.33333333333334,65.09704995155334
taxi-M,0.5,random_mix,50,25,Ours w/o stitching,-4.553333333333334,38.0,882,8,-185.80666666666667,-83.58858190588809,0.0,0.0,0.9814365307944812,0.018563469205518733,0.0,76.58333333333334,65.09704995155334
taxi-M,0.5,random_mix,50,25,Ours w/o execution rule,-4.553333333333334,38.0,882,8,-135.2675,-61.31406832053597,0.0,0.0,0.9571030640668524,0.04289693593314763,0.0,83.33333333333334,65.09704995155334
taxi-M,0.5,random_mix,50,25,Factored Batch RL,-4.553333333333334,38.0,882,8,-4.553333333333334,-6.106659738787246,0.0,0.0,0.8086029219932168,0.1913970780067832,0.0,100.0,65.09704995155334
taxi-M,0.5,random_mix,50,26,Imitation,-5.133333333333334,44.0,915,2,-528.7727777777778,-241.53065123119177,1.785,38.44444444444444,0.9875868783297725,0.0,0.012413121670227439,42.388888888888886,95.86118173599243
taxi-M,0.5,random_mix,50,26,BC,-5.133333333333334,44.0,915,2,-1191.1841666666667,-508.17565321930607,1.7475,37.5,0.9897512841440588,0.0,0.010248715855941275,16.75,95.86118173599243
taxi-M,0.5,random_mix,50,26,RECO,-5.133333333333334,44.0,915,2,-566.6722222222222,-257.3712279282985,0.0,0.0,0.992706696578596,0.007293303421403984,0.0,37.611111111111114,95.86118173599243
taxi-M,0.5,random_mix,50,26,RECO-greedy,-5.133333333333334,44.0,915,2,-479.945,-208.10644041465255,0.0,0.0,0.986065530242685,0.013934469757315066,0.0,70.0,95.86118173599243
taxi-M,0.5,random_mix,50,26,In-data planning (POR-style),-5.133333333333334,44.0,915,2,-390.2875,-171.21505522445338,1.7475,37.5,0.974672995398384,0.0,0.025327004601616,75.33333333333333,95.86118173599243
taxi-M,0.5,random_mix,50,26,Ours,-5.133333333333334,44.0,915,2,-132.90083333333334,-61.04641077513947,0.0,0.0,0.9604084720121029,0.03959152798789713,0.0,83.33333333333334,95.86118173599243
taxi-M,0.5,random_mix,50,26,Ours w/o stitching,-5.133333333333334,44.0,915,2,-231.70416666666668,-102.70127807113361,0.0,0.0,0.9834887565780231,0.01651124342197681,0.0,70.66666666666667,95.86118173599243
taxi-M,0.5,random_mix,50,26,Ours w/o execution rule,-5.133333333333334,44.0,915,2,-132.90083333333334,-61.04641077513947,0.0,0.0,0.9604084720121029,0.03959152798789713,0.0,83.33333333333334,95.86118173599243
taxi-M,0.5,random_mix,50,26,Factored Batch RL,-5.133333333333334,44.0,915,2,-5.633333333333334,-7.063437565020037,0.0,0.0,0.8416145181476846,0.1583854818523154,0.0,100.0,95.86118173599243
taxi-M,0.5,random_mix,50,27,Imitation,-5.633333333333334,48.0,804,4,-423.0836111111111,-197.85842872866908,4.091111111111111,44.861111111111114,0.9647410039046321,0.0,0.035258996095367826,58.30555555555556,63.82006573677063
taxi-M,0.5,random_mix,50,27,BC,-5.633333333333334,48.0,804,4,-938.18,-402.58692225811336,3.9575,43.166666666666664,0.9730300707044893,0.0,0.026969929295510692,30.583333333333336,63.82006573677063
taxi-M,0.5,random_mix,50,27,RECO,-5.633333333333334,48.0,804,4,-437.9838888888889,-204.98050418393734,1.7583333333333333,16.666666666666664,0.9672521922393104,0.01805551042387162,0.014692297336818014,56.52777777777778,63.82006573677063
taxi-M,0.5,random_mix,50,27,RECO-greedy,-5.633333333333334,48.0,804,4,-225.62083333333334,-100.81668876638233,1.7583333333333333,16.666666666666664,0.9313846061551383,0.03696982422460855,0.03164556962025317,83.41666666666666,63.82006573677063
taxi-M,0.5,random_mix,50,27,In-data planning (POR-style),-5.633333333333334,48.0,804,4,-217.29166666666666,-97.06482290816525,3.9575,43.166666666666664,0.9261166513682966,0.0,0.07388334863170341,84.41666666666666,63.82006573677063
taxi-M,0.5,random_mix,50,27,Ours,-5.633333333333334,48.0,804,4,-66.03333333333333,-32.930203857992254,1.7583333333333333,16.666666666666664,0.8860531116967363,0.07117372795459152,0.04277316034867221,91.66666666666666,63.82006573677063
taxi-M,0.5,random_mix,50,27,Ours w/o stitching,-5.633333333333334,48.0,804,4,-119.22333333333333,-55.653281707204926,1.7583333333333333,16.666666666666664,0.9251537446964039,0.04131640420156049,0.03352985110203563,85.16666666666667,63.82006573677063
taxi-M,0.5,random_mix,50,27,Ours w/o execution rule,-5.633333333333334,48.0,804,4,-66.03333333333333,-32.930203857992254,1.7583333333333333,16.666666666666664,0.8860531116967363,0.07117372795459152,0.04277316034867221,91.66666666666666,63.82006573677063
taxi-M,0.5,random_mix,50,27,Factored Batch RL,-5.633333333333334,48.0,804,4,-6.133333333333334,-7.513807612236013,0.0,0.0,0.7892199017199018,0.21078009828009828,0.0,100.0,63.82006573677063
taxi-M,0.5,random_mix,50,28,Imitation,-4.138333333333334,42.0,846,7,-421.22833333333335,-195.2238286180849,4.615555555555556,50.33333333333333,0.9613116235101273,0.0,0.03868837648987271,56.08333333333333,74.60065913200378
taxi-M,0.5,random_mix,50,28,BC,-4.138333333333334,42.0,846,7,-793.1508333333334,-340.021729647156,4.5,46.166666666666664,0.9696501334832092,0.0,0.030349866516790783,28.999999999999996,74.60065913200378
taxi-M,0.5,random_mix,50,28,RECO,-4.138333333333334,42.0,846,7,-480.435,-221.67399015310858,1.7933333333333332,16.666666666666664,0.9630076495770991,0.02381229444441042,0.01318005597849054,47.30555555555556,74.60065913200378
taxi-M,0.5,random_mix,50,28,RECO-greedy,-4.138333333333334,42.0,846,7,-415.2758333333333,-180.44207184687292,1.7933333333333332,16.666666666666664,0.9489081217401273,0.026422880724479854,0.024668997535392905,73.41666666666666,74.60065913200378
taxi-M,0.5,random_mix,50,28,In-data planning (POR-style),-4.138333333333334,42.0,846,7,-232.8025,-103.06805203955312,4.5,46.166666666666664,0.9182895274411004,0.0,0.08171047255889963,82.66666666666667,74.60065913200378
taxi-M,0.5,random_mix,50,28,Ours,-4.138333333333334,42.0,846,7,-68.12916666666666,-33.03702080357455,1.7933333333333332,16.666666666666664,0.8761043593678709,0.07926500477000291,0.04463063586212618,91.66666666666666,74.60065913200378
taxi-M,0.5,random_mix,50,28,Ours w/o stitching,-4.138333333333334,42.0,846,7,-121.60416666666667,-56.690173464356725,1.7933333333333332,16.666666666666664,0.9192002018418065,0.04686514444304277,0.03393465371515075,84.58333333333333,74.60065913200378
taxi-M,0.5,random_mix,50,28,Ours w/o execution rule,-4.138333333333334,42.0,846,7,-68.12916666666666,-33.03702080357455,1.7933333333333332,16.666666666666664,0.8761043593678709,0.07926500477000291,0.04463063586212618,91.66666666666666,74.60065913200378
taxi-M,0.5,random_mix,50,28,Factored Batch RL,-4.138333333333334,42.0,846,7,-4.805,-6.343254053316271,0.0,0.0,0.7423302977459149,0.25766970225408514,0.0,100.0,74.60065913200378
taxi-M,0.5,random_mix,50,29,Imitation,-5.133333333333334,38.0,932,6,-523.9208333333333,-238.75483936988064,1.46,36.16666666666667,0.9894107620987482,0.0,0.01058923790125173,43.833333333333336,76.8625717163086
taxi-M,0.5,random_mix,50,29,BC,-5.133333333333334,38.0,932,6,-1040.875,-445.3056746128801,1.46,36.16666666666667,0.9909573726832138,0.0,0.00904262731678615,21.833333333333332,76.8625717163086
taxi-M,0.5,random_mix,50,29,RECO,-5.133333333333334,38.0,932,6,-528.5188888888889,-240.8896568319704,0.0,0.0,0.9919857684857605,0.00801423151423952,0.0,43.47222222222222,76.8625717163086
taxi-M,0.5,random_mix,50,29,RECO-greedy,-5.133333333333334,38.0,932,6,-393.0683333333333,-171.9130773360778,0.0,0.0,0.9850817986769176,0.014918201323082424,0.0,72.0,76.8625717163086
taxi-M,0.5,random_mix,50,29,In-data planning (POR-style),-5.133333333333334,38.0,932,6,-390.845,-170.75700842345944,1.46,36.16666666666667,0.9802736024320217,0.0,0.019726397567978383,72.16666666666667,76.8625717163086
taxi-M,0.5,random_mix,50,29,Ours,-5.133333333333334,38.0,932,6,-134.4875,-61.091303079652256,0.0,0.0,0.945662100456621,0.054337899543379,0.0,83.33333333333334,76.8625717163086
taxi-M,0.5,random_mix,50,29,Ours w/o stitching,-5.133333333333334,38.0,932,6,-225.325,-99.78511605059211,0.0,0.0,0.9802804161013117,0.019719583898688376,0.0,72.33333333333334,76.8625717163086
taxi-M,0.5,random_mix,50,29,Ours w/o execution rule,-5.133333333333334,38.0,932,6,-134.4875,-61.091303079652256,0.0,0.0,0.945662100456621,0.054337899543379,0.0,83.33333333333334,76.8625717163086
taxi-M,0.5,random_mix,50,29,Factored Batch RL,-5.133333333333334,38.0,932,6,-5.966666666666667,-7.357997406953887,0.0,0.0,0.8002781211372064,0.19972187886279358,0.0,100.0,76.8625717163086
taxi-M,0.5,random_mix,150,0,Imitation,-5.633333333333334,42.0,1311,2,-543.3230555555556,-259.01922809127694,0.13472222222222222,7.888888888888888,0.9990884041245485,0.0,0.0009115958754515688,46.97222222222222,58.54190802574158
taxi-M,0.5,random_mix,150,0,BC,-5.633333333333334,42.0,1311,2,-1224.7091666666668,-526.8428252078189,0.13,7.416666666666667,0.9993049212466861,0.0,0.0006950787533138771,7.166666666666667,58.54190802574158
taxi-M,0.5,random_mix,150,0,RECO,-5.633333333333334,42.0,1311,2,-558.3561111111111,-264.48979392579264,0.0,0.0,0.9993882890518481,0.0006117109481519696,0.0,44.666666666666664,58.54190802574158
taxi-M,0.5,random_mix,150,0,RECO-greedy,-5.633333333333334,42.0,1311,2,-42.64333333333333,-22.928350201520548,0.0,0.0,0.9971065130752853,0.002893486924714746,0.0,97.91666666666666,58.54190802574158
taxi-M,0.5,random_mix,150,0,In-data planning (POR-style),-5.633333333333334,42.0,1311,2,-34.44416666666667,-19.454105561856093,0.13,7.416666666666667,0.995632698768197,0.0,0.004367301231802912,98.33333333333333,58.54190802574158
taxi-M,0.5,random_mix,150,0,Ours,-5.633333333333334,42.0,1311,2,-5.633333333333334,-7.021846436583392,0.0,0.0,0.9680225281602003,0.03197747183979975,0.0,100.0,58.54190802574158
taxi-M,0.5,random_mix,150,0,Ours w/o stitching,-5.633333333333334,42.0,1311,2,-17.8025,-12.359997429373069,0.0,0.0,0.9953159598024187,0.004684040197581332,0.0,98.58333333333333,58.54190802574158
taxi-M,0.5,random_mix,150,0,Ours w/o execution rule,-5.633333333333334,42.0,1311,2,-5.633333333333334,-7.021846436583392,0.0,0.0,0.9680225281602003,0.03197747183979975,0.0,100.0,58.54190802574158
taxi-M,0.5,random_mix,150,0,Factored Batch RL,-5.633333333333334,42.0,1311,2,-5.633333333333334,-7.021846436583392,0.0,0.0,0.9680225281602003,0.03197747183979975,0.0,100.0,58.54190802574158
taxi-M,0.5,random_mix,150,1,Imitation,-5.133333333333334,34.666666666666664,1285,6,-531.8922222222222,-253.30132726024598,0.16,7.416666666666667,0.9989175272262575,0.0,0.001082472773742518,46.916666666666664,54.89612174034119
taxi-M,0.5,random_mix,150,1,BC,-5.133333333333334,34.666666666666664,1285,6,-1131.7941666666666,-487.1424776942502,0.13666666666666666,6.833333333333333,0.9992234922017784,0.0,0.0007765077982216078,13.5,54.89612174034119
taxi-M,0.5,random_mix,150,1,RECO,-5.133333333333334,34.666666666666664,1285,6,-533.4047222222222,-253.17721614996643,0.0,0.0,0.9993019007763313,0.0006980992236687454,0.0,45.22222222222222,54.89612174034119
taxi-M,0.5,random_mix,150,1,RECO-greedy,-5.133333333333334,34.666666666666664,1285,6,-13.87,-10.399795051016042,0.0,0.0,0.9968548207526163,0.003145179247383656,0.0,97.91666666666666,54.89612174034119
taxi-M,0.5,random_mix,150,1,In-data planning (POR-style),-5.133333333333334,34.666666666666664,1285,6,-13.796666666666667,-10.331659287172771,0.13666666666666666,6.833333333333333,0.9954241071428571,0.0,0.004575892857142857,97.91666666666666,54.89612174034119
taxi-M,0.5,random_mix,150,1,Ours,-5.133333333333334,34.666666666666664,1285,6,-5.133333333333334,-6.6225565611768795,0.0,0.0,0.9827487244897959,0.01725127551020408,0.0,100.0,54.89612174034119
taxi-M,0.5,random_mix,150,1,Ours w/o stitching,-5.133333333333334,34.666666666666664,1285,6,-19.2775,-12.606901802874601,0.0,0.0,0.9950307091010608,0.0049692908989391405,0.0,97.91666666666666,54.89612174034119
taxi-M,0.5,random_mix,150,1,Ours w/o execution rule,-5.133333333333334,34.666666666666664,1285,6,-5.133333333333334,-6.6225565611768795,0.0,0.0,0.9827487244897959,0.01725127551020408,0.0,100.0,54.89612174034119
taxi-M,0.5,random_mix,150,1,Factored Batch RL,-5.133333333333334,34.666666666666664,1285,6,-5.133333333333334,-6.6225565611768795,0.0,0.0,0.9827487244897959,0.01725127551020408,0.0,100.0,54.89612174034119
taxi-M,0.5,random_mix,150,2,Imitation,-5.633333333333334,36.666666666666664,1309,5,-575.2836111111111,-269.22321788541984,0.18833333333333332,8.5,0.9987859209810045,0.0,0.0012140790189955019,40.61111111111111,84.03025913238525
taxi-M,0.5,random_mix,150,2,BC,-5.633333333333334,36.666666666666664,1309,5,-1234.3616666666667,-530.8622803833225,0.18833333333333332,8.5,0.9989834061292514,0.0,0.0010165938707486358,8.166666666666666,84.03025913238525
taxi-M,0.5,random_mix,150,2,RECO,-5.633333333333334,36.666666666666664,1309,5,-575.2863888888888,-269.82302697546913,0.0,0.0,0.9989375155392825,0.0010624844607175885,0.0,40.75,84.03025913238525
taxi-M,0.5,random_mix,150,2,RECO-greedy,-5.633333333333334,36.666666666666664,1309,5,-5.9366666666666665,-7.315219627215511,0.0,0.0,0.9938745204801386,0.006125479519861404,0.0,100.0,84.03025913238525
taxi-M,0.5,random_mix,150,2,In-data planning (POR-style),-5.633333333333334,36.666666666666664,1309,5,-5.881666666666667,-7.265549129700797,0.18833333333333332,8.5,0.992993985987972,0.0,0.007006014012028024,100.0,84.03025913238525
taxi-M,0.5,random_mix,150,2,Ours,-5.633333333333334,36.666666666666664,1309,5,-5.633333333333334,-7.040980802298313,0.0,0.0,0.9809136420525657,0.019086357947434292,0.0,100.0,84.03025913238525
taxi-M,0.5,random_mix,150,2,Ours w/o stitching,-5.633333333333334,36.666666666666664,1309,5,-5.873333333333333,-7.258164009719922,0.0,0.0,0.9929608037707764,0.007039196229223518,0.0,100.0,84.03025913238525
taxi-M,0.5,random_mix,150,2,Ours w/o execution rule,-5.633333333333334,36.666666666666664,1309,5,-5.633333333333334,-7.040980802298313,0.0,0.0,0.9809136420525657,0.019086357947434292,0.0,100.0,84.03025913238525
taxi-M,0.5,random_mix,150,2,Factored Batch RL,-5.633333333333334,36.666666666666664,1309,5,-5.633333333333334,-7.040980802298313,0.0,0.0,0.9809136420525657,0.019086357947434292,0.0,100.0,84.03025913238525
taxi-M,0.5,random_mix,150,3,Imitation,-5.633333333333334,46.0,1234,6,-531.2341666666666,-253.23197523072977,0.2708333333333333,13.583333333333334,0.9980578463009442,0.0,0.0019421536990558146,54.02777777777777,66.30072593688965
taxi-M,0.5,random_mix,150,3,BC,-5.633333333333334,46.0,1234,6,-1003.3575,-432.09855037813884,0.2708333333333333,13.583333333333334,0.9983859272723661,0.0,0.0016140727276339184,18.166666666666668,66.30072593688965
taxi-M,0.5,random_mix,150,3,RECO,-5.633333333333334,46.0,1234,6,-529.7038888888889,-252.96878661934483,0.0,0.0,0.9984477343740599,0.0015522656259400833,0.0,54.11111111111111,66.30072593688965
taxi-M,0.5,random_mix,150,3,RECO-greedy,-5.633333333333334,46.0,1234,6,-39.028333333333336,-21.398481271302153,0.0,0.0,0.9930903345027987,0.006909665497201318,0.0,97.5,66.30072593688965
taxi-M,0.5,random_mix,150,3,In-data planning (POR-style),-5.633333333333334,46.0,1234,6,-30.279166666666665,-17.666313339601555,0.2708333333333333,13.583333333333334,0.9909538786984718,0.0,0.009046121301528098,98.16666666666667,66.30072593688965
taxi-M,0.5,random_mix,150,3,Ours,-5.633333333333334,46.0,1234,6,-5.633333333333334,-7.040980802298313,0.0,0.0,0.9810387984981227,0.018961201501877346,0.0,100.0,66.30072593688965
taxi-M,0.5,random_mix,150,3,Ours w/o stitching,-5.633333333333334,46.0,1234,6,-26.9925,-15.916961713343285,0.0,0.0,0.9906591716307297,0.009340828369270353,0.0,98.25,66.30072593688965
taxi-M,0.5,random_mix,150,3,Ours w/o execution rule,-5.633333333333334,46.0,1234,6,-5.633333333333334,-7.040980802298313,0.0,0.0,0.9810387984981227,0.018961201501877346,0.0,100.0,66.30072593688965
taxi-M,0.5,random_mix,150,3,Factored Batch RL,-5.633333333333334,46.0,1234,6,-5.633333333333334,-7.040980802298313,0.0,0.0,0.9810387984981227,0.018961201501877346,0.0,100.0,66.30072593688965
taxi-M,0.5,random_mix,150,4,Imitation,-5.133333333333334,44.0,1317,4,-542.995,-259.3005407294165,0.2816666666666667,12.36111111111111,0.9980970932818385,0.0,0.0019029067181614995,47.97222222222222,69.2571804523468
taxi-M,0.5,random_mix,150,4,BC,-5.133333333333334,44.0,1317,4,-1028.22,-442.32856203570844,0.26,11.75,0.9985408014367494,0.0,0.0014591985632506454,12.083333333333334,69.2571804523468
taxi-M,0.5,random_mix,150,4,RECO,-5.133333333333334,44.0,1317,4,-554.2005555555555,-263.1291680965583,0.0,0.0,0.9972674685520154,0.0027325314479845746,0.0,45.361111111111114,69.2571804523468
taxi-M,0.5,random_mix,150,4,RECO-greedy,-5.133333333333334,44.0,1317,4,-7.255,-7.6323110850524944,0.0,0.0,0.9912100965107646,0.008789903489235338,0.0,99.08333333333333,69.2571804523468
taxi-M,0.5,random_mix,150,4,In-data planning (POR-style),-5.133333333333334,44.0,1317,4,-6.716666666666667,-7.384700258881591,0.26,11.75,0.9905717393932069,0.0,0.009428260606793182,99.33333333333333,69.2571804523468
taxi-M,0.5,random_mix,150,4,Ours,-5.133333333333334,44.0,1317,4,-5.133333333333334,-6.592843978060828,0.0,0.0,0.9772640306122449,0.0227359693877551,0.0,100.0,69.2571804523468
taxi-M,0.5,random_mix,150,4,Ours w/o stitching,-5.133333333333334,44.0,1317,4,-8.644166666666667,-8.232269896046528,0.0,0.0,0.9899277019094112,0.01007229809058889,0.0,99.66666666666667,69.2571804523468
taxi-M,0.5,random_mix,150,4,Ours w/o execution rule,-5.133333333333334,44.0,1317,4,-5.133333333333334,-6.592843978060828,0.0,0.0,0.9772640306122449,0.0227359693877551,0.0,100.0,69.2571804523468
taxi-M,0.5,random_mix,150,4,Factored Batch RL,-5.133333333333334,44.0,1317,4,-5.133333333333334,-6.592843978060828,0.0,0.0,0.9772640306122449,0.0227359693877551,0.0,100.0,69.2571804523468
taxi-M,0.5,random_mix,150,5,Imitation,-3.953333333333333,40.0,1352,4,-522.0730555555556,-254.85354585082516,0.1338888888888889,7.166666666666667,0.9990585054848892,0.0,0.0009414945151107917,53.11111111111111,58.042951822280884
taxi-M,0.5,random_mix,150,5,BC,-3.953333333333333,40.0,1352,4,-1183.7791666666667,-509.3474928923149,0.12333333333333334,6.75,0.9993092085303411,0.0,0.0006907914696588517,12.0,58.042951822280884
taxi-M,0.5,random_mix,150,5,RECO,-3.953333333333333,40.0,1352,4,-532.3658333333333,-258.1180066434384,0.0,0.0,0.9993170739214577,0.0006829260785422703,0.0,51.22222222222222,58.042951822280884
taxi-M,0.5,random_mix,150,5,RECO-greedy,-3.953333333333333,40.0,1352,4,-4.203333333333333,-5.769349985466712,0.0,0.0,0.9966274302340961,0.003372569765903981,0.0,100.0,58.042951822280884
taxi-M,0.5,random_mix,150,5,In-data planning (POR-style),-3.953333333333333,40.0,1352,4,-4.168333333333333,-5.735723402823957,0.12333333333333334,6.75,0.9950996622740216,0.0,0.004900337725978412,100.0,58.042951822280884
taxi-M,0.5,random_mix,150,5,Ours,-3.953333333333333,40.0,1352,4,-3.953333333333333,-5.537595675959461,0.0,0.0,0.9803633449104996,0.0196366550895004,0.0,100.0,58.042951822280884
taxi-M,0.5,random_mix,150,5,Ours w/o stitching,-3.953333333333333,40.0,1352,4,-4.153333333333333,-5.721923591332483,0.0,0.0,0.994533527696793,0.005466472303206997,0.0,100.0,58.042951822280884
taxi-M,0.5,random_mix,150,5,Ours w/o execution rule,-3.953333333333333,40.0,1352,4,-3.953333333333333,-5.537595675959461,0.0,0.0,0.9803633449104996,0.0196366550895004,0.0,100.0,58.042951822280884
taxi-M,0.5,random_mix,150,5,Factored Batch RL,-3.953333333333333,40.0,1352,4,-3.953333333333333,-5.537595675959461,0.0,0.0,0.9803633449104996,0.0196366550895004,0.0,100.0,58.042951822280884
taxi-M,0.5,random_mix,150,6,Imitation,-100.51666666666667,21.333333333333332,1323,6,-586.9177777777778,-269.35027499486057,3.4430555555555555,12.13888888888889,0.9799067231018378,0.0,0.020093276898162184,25.11111111111111,119.21438980102539
taxi-M,0.5,random_mix,150,6,BC,-100.51666666666667,21.333333333333332,1323,6,-1213.4166666666667,-521.8791836797335,3.410833333333333,10.666666666666668,0.9818291594709901,0.0,0.01817084052900986,6.75,119.21438980102539
taxi-M,0.5,random_mix,150,6,RECO,-100.51666666666667,21.333333333333332,1323,6,-596.8130555555556,-274.3307820795229,0.0,0.0,0.9989320957420329,0.0010679042579671279,0.0,24.52777777777778,119.21438980102539
taxi-M,0.5,random_mix,150,6,RECO-greedy,-100.51666666666667,21.333333333333332,1323,6,-750.6233333333333,-324.2320618462558,0.0,0.0,0.998657182742804,0.001342817257196038,0.0,42.083333333333336,119.21438980102539
taxi-M,0.5,random_mix,150,6,In-data planning (POR-style),-100.51666666666667,21.333333333333332,1323,6,-722.3691666666666,-312.0599652654715,3.410833333333333,10.666666666666668,0.972500856618808,0.0,0.02749914338119201,42.75,119.21438980102539
taxi-M,0.5,random_mix,150,6,Ours,-100.51666666666667,21.333333333333332,1323,6,-316.44916666666666,-142.56685036689342,0.0,0.0,0.9900165140369314,0.009983485963068608,0.0,50.0,119.21438980102539
taxi-M,0.5,random_mix,150,6,Ours w/o stitching,-100.51666666666667,21.333333333333332,1323,6,-381.8016666666667,-169.43843822108087,0.0,0.0,0.9979844263341417,0.0020155736658581977,0.0,42.75,119.21438980102539
taxi-M,0.5,random_mix,150,6,Ours w/o execution rule,-100.51666666666667,21.333333333333332,1323,6,-316.44916666666666,-142.56685036689342,0.0,0.0,0.9900165140369314,0.009983485963068608,0.0,50.0,119.21438980102539
taxi-M,0.5,random_mix,150,6,Factored Batch RL,-100.51666666666667,21.333333333333332,1323,6,-316.44916666666666,-142.56685036689342,0.0,0.0,0.9900165140369314,0.009983485963068608,0.0,50.0,119.21438980102539
taxi-M,0.5,random_mix,150,7,Imitation,-5.633333333333334,39.333333333333336,1353,7,-559.4872222222223,-265.18573026861856,0.20583333333333334,9.388888888888888,0.9986344512650215,0.0,0.0013655487349785033,46.02777777777778,78.22714376449585
taxi-M,0.5,random_mix,150,7,BC,-5.633333333333334,39.333333333333336,1353,7,-1215.9066666666668,-523.4517412600119,0.2,8.916666666666668,0.9988561569733914,0.0,0.0011438430266086483,14.083333333333334,78.22714376449585
taxi-M,0.5,random_mix,150,7,RECO,-5.633333333333334,39.333333333333336,1353,7,-560.8072222222222,-265.4054070276746,0.0,0.0,0.9991552630228757,0.0008447369771243028,0.0,45.83333333333333,78.22714376449585
taxi-M,0.5,random_mix,150,7,RECO-greedy,-5.633333333333334,39.333333333333336,1353,7,-9.535833333333333,-8.899447159033874,0.0,0.0,0.9955439692018552,0.004456030798144836,0.0,99.75,78.22714376449585
taxi-M,0.5,random_mix,150,7,In-data planning (POR-style),-5.633333333333334,39.333333333333336,1353,7,-7.779166666666667,-8.096446143106418,0.2,8.916666666666668,0.9926589789863274,0.0,0.007341021013672651,99.83333333333333,78.22714376449585
taxi-M,0.5,random_mix,150,7,Ours,-5.633333333333334,39.333333333333336,1353,7,-5.633333333333334,-7.021846436583392,0.0,0.0,0.9815394242803505,0.018460575719649562,0.0,100.0,78.22714376449585
taxi-M,0.5,random_mix,150,7,Ours w/o stitching,-5.633333333333334,39.333333333333336,1353,7,-7.279166666666667,-7.858762238649873,0.0,0.0,0.9925964450699055,0.007403554930094533,0.0,99.83333333333333,78.22714376449585
taxi-M,0.5,random_mix,150,7,Ours w/o execution rule,-5.633333333333334,39.333333333333336,1353,7,-5.633333333333334,-7.021846436583392,0.0,0.0,0.9815394242803505,0.018460575719649562,0.0,100.0,78.22714376449585
taxi-M,0.5,random_mix,150,7,Factored Batch RL,-5.633333333333334,39.333333333333336,1353,7,-5.633333333333334,-7.021846436583392,0.0,0.0,0.9815394242803505,0.018460575719649562,0.0,100.0,78.22714376449585
taxi-M,0.5,random_mix,150,8,Imitation,-5.633333333333334,46.0,1331,7,-518.1369444444445,-252.83366747671877,0.7322222222222222,11.805555555555555,0.9948072824121316,0.0,0.005192717587868425,54.0,91.69489479064941
taxi-M,0.5,random_mix,150,8,BC,-5.633333333333334,46.0,1331,7,-1167.3825,-501.8431771372218,0.16833333333333333,9.083333333333334,0.9990257219063053,0.0,0.0009742780936946844,15.25,91.69489479064941
taxi-M,0.5,random_mix,150,8,RECO,-5.633333333333334,46.0,1331,7,-522.4938888888889,-256.33814938983824,0.0,0.0,0.9939046840633127,0.0060953159366873635,0.0,52.19444444444444,91.69489479064941
taxi-M,0.5,random_mix,150,8,RECO-greedy,-5.633333333333334,46.0,1331,7,-6.024166666666667,-7.296824530377644,0.0,0.0,0.9953715132066157,0.00462848679338435,0.0,99.91666666666667,91.69489479064941
taxi-M,0.5,random_mix,150,8,In-data planning (POR-style),-5.633333333333334,46.0,1331,7,-5.930833333333333,-7.213899081132371,0.16833333333333333,9.083333333333334,0.9937453554619767,0.0,0.006254644538023285,99.91666666666667,91.69489479064941
taxi-M,0.5,random_mix,150,8,Ours,-5.633333333333334,46.0,1331,7,-5.633333333333334,-7.021846436583392,0.0,0.0,0.9744367959949938,0.02556320400500626,0.0,100.0,91.69489479064941
taxi-M,0.5,random_mix,150,8,Ours w/o stitching,-5.633333333333334,46.0,1331,7,-5.924166666666666,-7.20787017190813,0.0,0.0,0.9936199207135779,0.0063800792864222005,0.0,99.91666666666667,91.69489479064941
taxi-M,0.5,random_mix,150,8,Ours w/o execution rule,-5.633333333333334,46.0,1331,7,-5.633333333333334,-7.021846436583392,0.0,0.0,0.9744367959949938,0.02556320400500626,0.0,100.0,91.69489479064941
taxi-M,0.5,random_mix,150,8,Factored Batch RL,-5.633333333333334,46.0,1331,7,-5.633333333333334,-7.021846436583392,0.0,0.0,0.9744367959949938,0.02556320400500626,0.0,100.0,91.69489479064941
taxi-M,0.5,random_mix,150,9,Imitation,-5.133333333333334,46.0,1362,8,-517.0527777777778,-251.31300703923915,0.6547222222222222,14.666666666666666,0.9954254772001669,0.0,0.004574522799833089,52.52777777777777,75.54219603538513
taxi-M,0.5,random_mix,150,9,BC,-5.133333333333334,46.0,1362,8,-1178.7833333333333,-506.51321629079524,0.2375,10.916666666666666,0.9986455338260105,0.0,0.001354466173989497,13.833333333333334,75.54219603538513
taxi-M,0.5,random_mix,150,9,RECO,-5.133333333333334,46.0,1362,8,-518.7955555555556,-253.17011397542785,0.0,0.0,0.9927249337583042,0.007275066241695788,0.0,52.72222222222223,75.54219603538513
taxi-M,0.5,random_mix,150,9,RECO-greedy,-5.133333333333334,46.0,1362,8,-33.53333333333333,-18.70371490264381,0.0,0.0,0.9942761119571496,0.0057238880428503915,0.0,96.91666666666666,75.54219603538513
taxi-M,0.5,random_mix,150,9,In-data planning (POR-style),-5.133333333333334,46.0,1362,8,-27.885,-16.28351386244139,0.2375,10.916666666666666,0.9922537508153947,0.0,0.0077462491846053486,97.5,75.54219603538513
taxi-M,0.5,random_mix,150,9,Ours,-5.133333333333334,46.0,1362,8,-5.133333333333334,-6.6225565611768795,0.0,0.0,0.9749362244897959,0.02506377551020408,0.0,100.0,75.54219603538513
taxi-M,0.5,random_mix,150,9,Ours w/o stitching,-5.133333333333334,46.0,1362,8,-15.924166666666666,-11.428904412024602,0.0,0.0,0.9727108828671329,0.027289117132867132,0.0,97.58333333333333,75.54219603538513
taxi-M,0.5,random_mix,150,9,Ours w/o execution rule,-5.133333333333334,46.0,1362,8,-5.133333333333334,-6.6225565611768795,0.0,0.0,0.9749362244897959,0.02506377551020408,0.0,100.0,75.54219603538513
taxi-M,0.5,random_mix,150,9,Factored Batch RL,-5.133333333333334,46.0,1362,8,-5.133333333333334,-6.6225565611768795,0.0,0.0,0.9749362244897959,0.02506377551020408,0.0,100.0,75.54219603538513
taxi-M,0.5,random_mix,150,10,Imitation,-4.138333333333334,40.666666666666664,1333,4,-577.0077777777777,-271.6749566514492,0.17333333333333334,8.88888888888889,0.9988830795501531,0.0,0.0011169204498468709,42.611111111111114,83.81737184524536
taxi-M,0.5,random_mix,150,10,BC,-4.138333333333334,40.666666666666664,1333,4,-1130.4833333333333,-486.89822471126274,0.135,7.166666666666667,0.9992530224923227,0.0,0.0007469775076772688,10.75,83.81737184524536
taxi-M,0.5,random_mix,150,10,RECO,-4.138333333333334,40.666666666666664,1333,4,-579.8252777777777,-273.84250413744553,0.0,0.0,0.9991086168228964,0.0008913831771035751,0.0,43.083333333333336,83.81737184524536
taxi-M,0.5,random_mix,150,10,RECO-greedy,-4.138333333333334,40.666666666666664,1333,4,-13.620833333333334,-9.951715748338916,0.0,0.0,0.995581237253569,0.004418762746430999,0.0,99.16666666666667,83.81737184524536
taxi-M,0.5,random_mix,150,10,In-data planning (POR-style),-4.138333333333334,40.666666666666664,1333,4,-11.931666666666667,-9.209698901565243,0.135,7.166666666666667,0.9949606495162846,0.0,0.005039350483715432,99.25,83.81737184524536
taxi-M,0.5,random_mix,150,10,Ours,-4.138333333333334,40.666666666666664,1333,4,-4.138333333333334,-5.713683199779245,0.0,0.0,0.9766624676788437,0.02333753232115627,0.0,100.0,83.81737184524536
taxi-M,0.5,random_mix,150,10,Ours w/o stitching,-4.138333333333334,40.666666666666664,1333,4,-11.68,-9.120363662267652,0.0,0.0,0.9946175991988985,0.005382400801101515,0.0,99.33333333333333,83.81737184524536
taxi-M,0.5,random_mix,150,10,Ours w/o execution rule,-4.138333333333334,40.666666666666664,1333,4,-4.138333333333334,-5.713683199779245,0.0,0.0,0.9766624676788437,0.02333753232115627,0.0,100.0,83.81737184524536
taxi-M,0.5,random_mix,150,10,Factored Batch RL,-4.138333333333334,40.666666666666664,1333,4,-4.138333333333334,-5.713683199779245,0.0,0.0,0.9766624676788437,0.02333753232115627,0.0,100.0,83.81737184524536
taxi-M,0.5,random_mix,150,11,Imitation,-4.093333333333334,42.666666666666664,1275,4,-533.4861111111111,-255.28676081117953,0.22305555555555556,9.11111111111111,0.9984613881229893,0.0,0.001538611877010686,48.69444444444444,64.78250885009766
taxi-M,0.5,random_mix,150,11,BC,-4.093333333333334,42.666666666666664,1275,4,-1209.1191666666666,-520.5251672954264,0.19,8.083333333333332,0.9989091222261561,0.0,0.0010908777738438131,14.499999999999998,64.78250885009766
taxi-M,0.5,random_mix,150,11,RECO,-4.093333333333334,42.666666666666664,1275,4,-539.2347222222222,-256.82935443705645,0.0,0.0,0.9964256919675311,0.0035743080324689915,0.0,46.33333333333333,64.78250885009766
taxi-M,0.5,random_mix,150,11,RECO-greedy,-4.093333333333334,42.666666666666664,1275,4,-29.5,-16.82060945764392,0.0,0.0,0.995856550935848,0.004143449064152022,0.0,98.0,64.78250885009766
taxi-M,0.5,random_mix,150,11,In-data planning (POR-style),-4.093333333333334,42.666666666666664,1275,4,-29.38,-16.71116976474008,0.19,8.083333333333332,0.9934578634759405,0.0,0.006542136524059568,98.0,64.78250885009766
taxi-M,0.5,random_mix,150,11,Ours,-4.093333333333334,42.666666666666664,1275,4,-4.093333333333334,-5.672881708410811,0.0,0.0,0.9703108395324124,0.029689160467587673,0.0,100.0,64.78250885009766
taxi-M,0.5,random_mix,150,11,Ours w/o stitching,-4.093333333333334,42.666666666666664,1275,4,-19.851666666666667,-12.583659781860108,0.0,0.0,0.9934571125204466,0.006542887479553477,0.0,98.0,64.78250885009766
taxi-M,0.5,random_mix,150,11,Ours w/o execution rule,-4.093333333333334,42.666666666666664,1275,4,-4.093333333333334,-5.672881708410811,0.0,0.0,0.9703108395324124,0.029689160467587673,0.0,100.0,64.78250885009766
taxi-M,0.5,random_mix,150,11,Factored Batch RL,-4.093333333333334,42.666666666666664,1275,4,-4.093333333333334,-5.672881708410811,0.0,0.0,0.9703108395324124,0.029689160467587673,0.0,100.0,64.78250885009766
taxi-M,0.5,random_mix,150,12,Imitation,-5.633333333333334,36.666666666666664,1335,8,-579.4025,-270.4747410459167,0.21916666666666668,9.916666666666666,0.9985819962042788,0.0,0.001418003795721187,41.75,69.37276840209961
taxi-M,0.5,random_mix,150,12,BC,-5.633333333333334,36.666666666666664,1335,8,-1260.3208333333334,-541.7970911708901,0.21916666666666668,9.916666666666666,0.998769907158392,0.0,0.0012300928416080074,12.083333333333334,69.37276840209961
taxi-M,0.5,random_mix,150,12,RECO,-5.633333333333334,36.666666666666664,1335,8,-587.9091666666667,-273.8411028549082,0.0,0.0,0.9989939745496966,0.001006025450303413,0.0,40.97222222222222,69.37276840209961
taxi-M,0.5,random_mix,150,12,RECO-greedy,-5.633333333333334,36.666666666666664,1335,8,-52.72083333333333,-27.308375923349733,0.0,0.0,0.9950003989043428,0.004999601095657261,0.0,97.41666666666666,69.37276840209961
taxi-M,0.5,random_mix,150,12,In-data planning (POR-style),-5.633333333333334,36.666666666666664,1335,8,-47.67,-25.101264523369895,0.21916666666666668,9.916666666666666,0.992887662934718,0.0,0.00711233706528206,97.66666666666667,69.37276840209961
taxi-M,0.5,random_mix,150,12,Ours,-5.633333333333334,36.666666666666664,1335,8,-5.633333333333334,-7.021846436583392,0.0,0.0,0.979630788485607,0.02036921151439299,0.0,100.0,69.37276840209961
taxi-M,0.5,random_mix,150,12,Ours w/o stitching,-5.633333333333334,36.666666666666664,1335,8,-29.303333333333335,-17.146918098732833,0.0,0.0,0.9928861238842305,0.007113876115769543,0.0,97.66666666666667,69.37276840209961
taxi-M,0.5,random_mix,150,12,Ours w/o execution rule,-5.633333333333334,36.666666666666664,1335,8,-5.633333333333334,-7.021846436583392,0.0,0.0,0.979630788485607,0.02036921151439299,0.0,100.0,69.37276840209961
taxi-M,0.5,random_mix,150,12,Factored Batch RL,-5.633333333333334,36.666666666666664,1335,8,-5.633333333333334,-7.021846436583392,0.0,0.0,0.979630788485607,0.02036921151439299,0.0,100.0,69.37276840209961
taxi-M,0.5,random_mix,150,13,Imitation,-76.60833333333333,30.666666666666668,1269,6,-523.9125,-242.81736745755478,1.5525,12.36111111111111,0.9900405221909782,0.0,0.0099594778090218,34.55555555555556,102.22898983955383
taxi-M,0.5,random_mix,150,13,BC,-76.60833333333333,30.666666666666668,1269,6,-1098.1225,-473.5310286171383,1.5308333333333333,11.416666666666666,0.9913289340772419,0.0,0.008671065922758125,13.25,102.22898983955383
taxi-M,0.5,random_mix,150,13,RECO,-76.60833333333333,30.666666666666668,1269,6,-532.5411111111111,-246.31724092132353,0.0,0.0,0.9989143405898926,0.0010856594101074008,0.0,33.52777777777778,102.22898983955383
taxi-M,0.5,random_mix,150,13,RECO-greedy,-76.60833333333333,30.666666666666668,1269,6,-517.8466666666667,-225.38712792179334,0.0,0.0,0.9985080687877397,0.00149193121226032,0.0,60.25,102.22898983955383
taxi-M,0.5,random_mix,150,13,In-data planning (POR-style),-76.60833333333333,30.666666666666668,1269,6,-513.8066666666666,-223.52364838067646,1.5308333333333333,11.416666666666666,0.9838599142475575,0.0,0.016140085752442537,59.916666666666664,102.22898983955383
taxi-M,0.5,random_mix,150,13,Ours,-76.60833333333333,30.666666666666668,1269,6,-244.91333333333333,-112.0558760909143,0.0,0.0,0.9918934568616097,0.008106543138390272,0.0,60.416666666666664,102.22898983955383
taxi-M,0.5,random_mix,150,13,Ours w/o stitching,-76.60833333333333,30.666666666666668,1269,6,-249.72666666666666,-113.82318481900113,0.0,0.0,0.9972634524779482,0.002736547522051791,0.0,60.333333333333336,102.22898983955383
taxi-M,0.5,random_mix,150,13,Ours w/o execution rule,-76.60833333333333,30.666666666666668,1269,6,-244.91333333333333,-112.0558760909143,0.0,0.0,0.9918934568616097,0.008106543138390272,0.0,60.416666666666664,102.22898983955383
taxi-M,0.5,random_mix,150,13,Factored Batch RL,-76.60833333333333,30.666666666666668,1269,6,-225.96833333333333,-103.51236571406442,0.0,0.0,0.988509691180562,0.011490308819438005,0.0,62.5,102.22898983955383
taxi-M,0.5,random_mix,150,14,Imitation,-4.138333333333334,40.666666666666664,1318,6,-539.5077777777777,-258.0894608874617,1.3211111111111111,11.75,0.9911457305516976,0.0,0.008854269448302312,47.19444444444444,74.24606513977051
taxi-M,0.5,random_mix,150,14,BC,-4.138333333333334,40.666666666666664,1318,6,-1074.3333333333333,-463.11484233760234,0.505,8.333333333333332,0.9970985071196699,0.0,0.0029014928803301767,14.499999999999998,74.24606513977051
taxi-M,0.5,random_mix,150,14,RECO,-4.138333333333334,40.666666666666664,1318,6,-539.8119444444444,-258.4259393672074,0.0,0.0,0.9913450545030669,0.008654945496933155,0.0,47.05555555555556,74.24606513977051
taxi-M,0.5,random_mix,150,14,RECO-greedy,-4.138333333333334,40.666666666666664,1318,6,-5.366666666666666,-6.501377495842244,0.0,0.0,0.9832044619089872,0.016795538091012804,0.0,99.66666666666667,74.24606513977051
taxi-M,0.5,random_mix,150,14,In-data planning (POR-style),-4.138333333333334,40.666666666666664,1318,6,-5.305,-6.442301574782371,0.505,8.333333333333332,0.9807509052792072,0.0,0.019249094720792833,99.66666666666667,74.24606513977051
taxi-M,0.5,random_mix,150,14,Ours,-4.138333333333334,40.666666666666664,1318,6,-4.138333333333334,-5.713683199779245,0.0,0.0,0.9742093747928131,0.0257906252071869,0.0,100.0,74.24606513977051
taxi-M,0.5,random_mix,150,14,Ours w/o stitching,-4.138333333333334,40.666666666666664,1318,6,-4.64,-6.162198966408999,0.0,0.0,0.9929472178887155,0.007052782111284452,0.0,100.0,74.24606513977051
taxi-M,0.5,random_mix,150,14,Ours w/o execution rule,-4.138333333333334,40.666666666666664,1318,6,-4.138333333333334,-5.713683199779245,0.0,0.0,0.9742093747928131,0.0257906252071869,0.0,100.0,74.24606513977051
taxi-M,0.5,random_mix,150,14,Factored Batch RL,-4.138333333333334,40.666666666666664,1318,6,-4.138333333333334,-5.713683199779245,0.0,0.0,0.9742093747928131,0.0257906252071869,0.0,100.0,74.24606513977051
taxi-M,0.5,random_mix,150,15,Imitation,-76.60833333333333,23.333333333333332,1330,6,-608.1975,-277.17030431127176,13.402777777777779,10.13888888888889,0.9253184991881772,0.0,0.07468150081182275,20.36111111111111,94.556813955307
taxi-M,0.5,random_mix,150,15,BC,-76.60833333333333,23.333333333333332,1330,6,-1213.1758333333332,-522.5992497800976,13.050833333333333,9.833333333333332,0.9323504764537671,0.0,0.06764952354623287,3.916666666666667,94.556813955307
taxi-M,0.5,random_mix,150,15,RECO,-76.60833333333333,23.333333333333332,1330,6,-608.9144444444445,-277.7926272558927,8.333333333333334,4.166666666666666,0.9494309568172025,0.004065922823421451,0.046503120359376114,20.333333333333332,94.556813955307
taxi-M,0.5,random_mix,150,15,RECO-greedy,-76.60833333333333,23.333333333333332,1330,6,-441.8425,-192.68892908289573,8.333333333333334,4.166666666666666,0.9088993368218804,0.0025588581648825492,0.088541805013237,60.16666666666667,94.556813955307
taxi-M,0.5,random_mix,150,15,In-data planning (POR-style),-76.60833333333333,23.333333333333332,1330,6,-433.245,-189.00259726485896,13.050833333333333,9.833333333333332,0.8617642905059493,0.0,0.13823570949405078,60.0,94.556813955307
taxi-M,0.5,random_mix,150,15,Ours,-76.60833333333333,23.333333333333332,1330,6,-230.19833333333332,-105.40469141426078,8.333333333333334,4.166666666666666,0.905973007883836,0.004944100485501759,0.08908289163066233,60.416666666666664,94.556813955307
taxi-M,0.5,random_mix,150,15,Ours w/o stitching,-76.60833333333333,23.333333333333332,1330,6,-230.6125,-105.68210859492201,8.333333333333334,4.166666666666666,0.9102345415778251,0.0009239516702203269,0.08884150675195451,60.333333333333336,94.556813955307
taxi-M,0.5,random_mix,150,15,Ours w/o execution rule,-76.60833333333333,23.333333333333332,1330,6,-230.19833333333332,-105.40469141426078,8.333333333333334,4.166666666666666,0.905973007883836,0.004944100485501759,0.08908289163066233,60.416666666666664,94.556813955307
taxi-M,0.5,random_mix,150,15,Factored Batch RL,-76.60833333333333,23.333333333333332,1330,6,-213.46833333333333,-98.24297747499236,8.333333333333334,4.166666666666666,0.899387072808321,0.00774517087667162,0.09286775631500743,62.5,94.556813955307
taxi-M,0.5,random_mix,150,16,Imitation,-5.133333333333334,36.0,1369,8,-569.1727777777778,-269.4354075042231,0.17916666666666667,8.666666666666668,0.9988252286250804,0.0,0.001174771374919633,44.22222222222222,68.04262280464172
taxi-M,0.5,random_mix,150,16,BC,-5.133333333333334,36.0,1369,8,-1226.8366666666666,-526.7219914459157,0.17916666666666667,8.666666666666668,0.9990209159672667,0.0,0.0009790840327332838,9.5,68.04262280464172
taxi-M,0.5,random_mix,150,16,RECO,-5.133333333333334,36.0,1369,8,-582.9313888888889,-274.44620692145367,0.0,0.0,0.9992765725615583,0.0007234274384416837,0.0,41.11111111111111,68.04262280464172
taxi-M,0.5,random_mix,150,16,RECO-greedy,-5.133333333333334,36.0,1369,8,-53.778333333333336,-27.561623375286885,0.0,0.0,0.9967784273952989,0.0032215726047011097,0.0,95.16666666666667,68.04262280464172
taxi-M,0.5,random_mix,150,16,In-data planning (POR-style),-5.133333333333334,36.0,1369,8,-50.41166666666667,-26.095638161378993,0.17916666666666667,8.666666666666668,0.9948145289662824,0.0,0.005185471033717621,95.33333333333334,68.04262280464172
taxi-M,0.5,random_mix,150,16,Ours,-5.133333333333334,36.0,1369,8,-5.133333333333334,-6.6225565611768795,0.0,0.0,0.9704081632653061,0.02959183673469388,0.0,100.0,68.04262280464172
taxi-M,0.5,random_mix,150,16,Ours w/o stitching,-5.133333333333334,36.0,1369,8,-40.12416666666667,-21.79614071258118,0.0,0.0,0.9948861443458125,0.005113855654187573,0.0,95.33333333333334,68.04262280464172
taxi-M,0.5,random_mix,150,16,Ours w/o execution rule,-5.133333333333334,36.0,1369,8,-5.133333333333334,-6.6225565611768795,0.0,0.0,0.9704081632653061,0.02959183673469388,0.0,100.0,68.04262280464172
taxi-M,0.5,random_mix,150,16,Factored Batch RL,-5.133333333333334,36.0,1369,8,-5.133333333333334,-6.6225565611768795,0.0,0.0,0.9704081632653061,0.02959183673469388,0.0,100.0,68.04262280464172
taxi-M,0.5,random_mix,150,17,Imitation,-5.133333333333334,46.666666666666664,1289,7,-526.7522222222223,-252.61062854412606,0.3858333333333333,12.5,0.9973236633249388,0.0,0.002676336675061128,50.16666666666667,65.90992903709412
taxi-M,0.5,random_mix,150,17,BC,-5.133333333333334,46.666666666666664,1289,7,-1068.7558333333334,-460.3471046737034,0.3858333333333333,12.5,0.9976995160537011,0.0,0.0023004839462988542,18.416666666666668,65.90992903709412
taxi-M,0.5,random_mix,150,17,RECO,-5.133333333333334,46.666666666666664,1289,7,-524.0072222222223,-251.94522404444157,0.0,0.0,0.9976639116758157,0.0023360883241842966,0.0,50.61111111111111,65.90992903709412
taxi-M,0.5,random_mix,150,17,RECO-greedy,-5.133333333333334,46.666666666666664,1289,7,-69.54083333333334,-34.111760806116166,0.0,0.0,0.9901669668500219,0.009833033149978094,0.0,95.25,65.90992903709412
taxi-M,0.5,random_mix,150,17,In-data planning (POR-style),-5.133333333333334,46.666666666666664,1289,7,-71.15333333333334,-34.78118644507982,0.3858333333333333,12.5,0.9887645902594093,0.0,0.011235409740590648,95.16666666666667,65.90992903709412
taxi-M,0.5,random_mix,150,17,Ours,-5.133333333333334,46.666666666666664,1289,7,-5.133333333333334,-6.607700269618854,0.0,0.0,0.9661352040816327,0.033864795918367344,0.0,100.0,65.90992903709412
taxi-M,0.5,random_mix,150,17,Ours w/o stitching,-5.133333333333334,46.666666666666664,1289,7,-42.70333333333333,-22.735231733748957,0.0,0.0,0.9885483989875409,0.011451601012459145,0.0,95.41666666666667,65.90992903709412
taxi-M,0.5,random_mix,150,17,Ours w/o execution rule,-5.133333333333334,46.666666666666664,1289,7,-5.133333333333334,-6.607700269618854,0.0,0.0,0.9661352040816327,0.033864795918367344,0.0,100.0,65.90992903709412
taxi-M,0.5,random_mix,150,17,Factored Batch RL,-5.133333333333334,46.666666666666664,1289,7,-5.133333333333334,-6.607700269618854,0.0,0.0,0.9661352040816327,0.033864795918367344,0.0,100.0,65.90992903709412
taxi-M,0.5,random_mix,150,18,Imitation,-5.633333333333334,37.333333333333336,1390,8,-599.4108333333334,-281.42522892727095,0.32944444444444443,7.055555555555555,0.9979032859716396,0.0,0.0020967140283604437,41.69444444444444,77.12120318412781
taxi-M,0.5,random_mix,150,18,BC,-5.633333333333334,37.333333333333336,1390,8,-1138.915,-490.23121726616574,0.0725,4.583333333333333,0.9995994475138121,0.0,0.0004005524861878453,10.75,77.12120318412781
taxi-M,0.5,random_mix,150,18,RECO,-5.633333333333334,37.333333333333336,1390,8,-605.2483333333333,-282.6099800607612,0.0,0.0,0.9983885843740027,0.0016114156259972715,0.0,40.25,77.12120318412781
taxi-M,0.5,random_mix,150,18,RECO-greedy,-5.633333333333334,37.333333333333336,1390,8,-23.455,-14.781193901484354,0.0,0.0,0.9980656539796324,0.0019343460203675258,0.0,98.66666666666667,77.12120318412781
taxi-M,0.5,random_mix,150,18,In-data planning (POR-style),-5.633333333333334,37.333333333333336,1390,8,-26.5125,-16.04508819246875,0.0725,4.583333333333333,0.9975354805812866,0.0,0.002464519418713351,98.58333333333333,77.12120318412781
taxi-M,0.5,random_mix,150,18,Ours,-5.633333333333334,37.333333333333336,1390,8,-5.633333333333334,-7.040980802298313,0.0,0.0,0.9784730913642052,0.021526908635794744,0.0,100.0,77.12120318412781
taxi-M,0.5,random_mix,150,18,Ours w/o stitching,-5.633333333333334,37.333333333333336,1390,8,-8.065,-8.24819232670445,0.0,0.0,0.9969455389596505,0.0030544610403494305,0.0,99.83333333333333,77.12120318412781
taxi-M,0.5,random_mix,150,18,Ours w/o execution rule,-5.633333333333334,37.333333333333336,1390,8,-5.633333333333334,-7.040980802298313,0.0,0.0,0.9784730913642052,0.021526908635794744,0.0,100.0,77.12120318412781
taxi-M,0.5,random_mix,150,18,Factored Batch RL,-5.633333333333334,37.333333333333336,1390,8,-5.633333333333334,-7.040980802298313,0.0,0.0,0.9784730913642052,0.021526908635794744,0.0,100.0,77.12120318412781
taxi-M,0.5,random_mix,150,19,Imitation,-5.133333333333334,36.666666666666664,1367,6,-578.3397222222222,-274.1144866897073,0.0825,4.833333333333333,0.9994662228708223,0.0,0.0005337771291776597,43.138888888888886,76.44510674476624
taxi-M,0.5,random_mix,150,19,BC,-5.133333333333334,36.666666666666664,1367,6,-1219.3933333333334,-525.1953679747709,0.0825,4.833333333333333,0.9995387281944237,0.0,0.0004612718055762636,11.833333333333334,76.44510674476624
taxi-M,0.5,random_mix,150,19,RECO,-5.133333333333334,36.666666666666664,1367,6,-580.3238888888889,-274.66044672682824,0.0,0.0,0.9996724562559065,0.0003275437440934735,0.0,42.638888888888886,76.44510674476624
taxi-M,0.5,random_mix,150,19,RECO-greedy,-5.133333333333334,36.666666666666664,1367,6,-33.9625,-19.041329364750535,0.0,0.0,0.9983410840064181,0.0016589159935818988,0.0,97.58333333333333,76.44510674476624
taxi-M,0.5,random_mix,150,19,In-data planning (POR-style),-5.133333333333334,36.666666666666664,1367,6,-33.775,-18.9520085397872,0.0825,4.833333333333333,0.9972919743968488,0.0,0.0027080256031511572,97.66666666666667,76.44510674476624
taxi-M,0.5,random_mix,150,19,Ours,-5.133333333333334,36.666666666666664,1367,6,-5.133333333333334,-6.6225565611768795,0.0,0.0,0.9780931122448979,0.02190688775510204,0.0,100.0,76.44510674476624
taxi-M,0.5,random_mix,150,19,Ours w/o stitching,-5.133333333333334,36.666666666666664,1367,6,-22.24,-14.028653128376767,0.0,0.0,0.9973740357787625,0.0026259642212374855,0.0,97.66666666666667,76.44510674476624
taxi-M,0.5,random_mix,150,19,Ours w/o execution rule,-5.133333333333334,36.666666666666664,1367,6,-5.133333333333334,-6.6225565611768795,0.0,0.0,0.9780931122448979,0.02190688775510204,0.0,100.0,76.44510674476624
taxi-M,0.5,random_mix,150,19,Factored Batch RL,-5.133333333333334,36.666666666666664,1367,6,-5.133333333333334,-6.6225565611768795,0.0,0.0,0.9780931122448979,0.02190688775510204,0.0,100.0,76.44510674476624
taxi-M,0.5,random_mix,150,20,Imitation,-3.8133333333333335,40.0,1330,4,-542.6458333333334,-263.87769295513766,0.20583333333333334,10.027777777777777,0.9985979531250887,0.0,0.0014020468749113078,52.11111111111111,53.95150399208069
taxi-M,0.5,random_mix,150,20,BC,-3.8133333333333335,40.0,1330,4,-1080.4691666666668,-465.1727299348436,0.16,8.5,0.9991135938690242,0.0,0.0008864061309757392,10.916666666666666,53.95150399208069
taxi-M,0.5,random_mix,150,20,RECO,-3.8133333333333335,40.0,1330,4,-556.6219444444445,-269.19572131498626,0.0,0.0,0.9990191582356079,0.0009808417643920747,0.0,51.22222222222222,53.95150399208069
taxi-M,0.5,random_mix,150,20,RECO-greedy,-3.8133333333333335,40.0,1330,4,-35.3675,-18.967873049092866,0.0,0.0,0.9956389665854612,0.004361033414538783,0.0,98.41666666666666,53.95150399208069
taxi-M,0.5,random_mix,150,20,In-data planning (POR-style),-3.8133333333333335,40.0,1330,4,-22.1825,-13.353129498069446,0.16,8.5,0.9939736346516007,0.0,0.006026365348399247,99.08333333333333,53.95150399208069
taxi-M,0.5,random_mix,150,20,Ours,-3.8133333333333335,40.0,1330,4,-3.8133333333333335,-5.402309643508113,0.0,0.0,0.9810585706609349,0.01894142933906502,0.0,100.0,53.95150399208069
taxi-M,0.5,random_mix,150,20,Ours w/o stitching,-3.8133333333333335,40.0,1330,4,-16.189166666666665,-10.641466187694826,0.0,0.0,0.9935520939734422,0.0064479060265577115,0.0,99.33333333333333,53.95150399208069
taxi-M,0.5,random_mix,150,20,Ours w/o execution rule,-3.8133333333333335,40.0,1330,4,-3.8133333333333335,-5.402309643508113,0.0,0.0,0.9810585706609349,0.01894142933906502,0.0,100.0,53.95150399208069
taxi-M,0.5,random_mix,150,20,Factored Batch RL,-3.8133333333333335,40.0,1330,4,-3.8133333333333335,-5.402309643508113,0.0,0.0,0.9810585706609349,0.01894142933906502,0.0,100.0,53.95150399208069
taxi-M,0.5,random_mix,150,21,Imitation,-4.093333333333334,42.666666666666664,1326,8,-554.2480555555555,-265.5330981463,0.7522222222222222,7.361111111111112,0.9949991228151172,0.0,0.005000877184882873,46.416666666666664,68.44027161598206
taxi-M,0.5,random_mix,150,21,BC,-4.093333333333334,42.666666666666664,1326,8,-1190.0016666666668,-511.76835316618576,0.26,5.916666666666667,0.9986015051748791,0.0,0.0013984948251209116,7.916666666666666,68.44027161598206
taxi-M,0.5,random_mix,150,21,RECO,-4.093333333333334,42.666666666666664,1326,8,-552.1230555555555,-264.8495749720012,0.0,0.0,0.9993653157135545,0.0006346842864454888,0.0,47.5,68.44027161598206
taxi-M,0.5,random_mix,150,21,RECO-greedy,-4.093333333333334,42.666666666666664,1326,8,-28.114166666666666,-16.109985433301905,0.0,0.0,0.9973211741236819,0.0026788258763180395,0.0,97.83333333333334,68.44027161598206
taxi-M,0.5,random_mix,150,21,In-data planning (POR-style),-4.093333333333334,42.666666666666664,1326,8,-28.56,-16.272015121615965,0.26,5.916666666666667,0.9912265901805298,0.0,0.00877340981947022,97.58333333333333,68.44027161598206
taxi-M,0.5,random_mix,150,21,Ours,-4.093333333333334,42.666666666666664,1326,8,-4.093333333333334,-5.672881708410811,0.0,0.0,0.9760892667375133,0.023910733262486716,0.0,100.0,68.44027161598206
taxi-M,0.5,random_mix,150,21,Ours w/o stitching,-4.093333333333334,42.666666666666664,1326,8,-23.910833333333333,-14.169005562880274,0.0,0.0,0.9967189728958631,0.003281027104136947,0.0,97.83333333333334,68.44027161598206
taxi-M,0.5,random_mix,150,21,Ours w/o execution rule,-4.093333333333334,42.666666666666664,1326,8,-4.093333333333334,-5.672881708410811,0.0,0.0,0.9760892667375133,0.023910733262486716,0.0,100.0,68.44027161598206
taxi-M,0.5,random_mix,150,21,Factored Batch RL,-4.093333333333334,42.666666666666664,1326,8,-4.093333333333334,-5.672881708410811,0.0,0.0,0.9760892667375133,0.023910733262486716,0.0,100.0,68.44027161598206
taxi-M,0.5,random_mix,150,22,Imitation,-5.133333333333334,38.0,1377,6,-605.4366666666666,-282.11209241953304,0.14,6.166666666666667,0.999108152442229,0.0,0.0008918475577710181,40.61111111111111,74.34997010231018
taxi-M,0.5,random_mix,150,22,BC,-5.133333333333334,38.0,1377,6,-1234.5325,-531.4569115285374,0.14,6.166666666666667,0.9992193381102407,0.0,0.0007806618897593889,11.5,74.34997010231018
taxi-M,0.5,random_mix,150,22,RECO,-5.133333333333334,38.0,1377,6,-605.4658333333333,-282.39025259255436,0.0,0.0,0.9993840304586318,0.0006159695413681958,0.0,40.69444444444444,74.34997010231018
taxi-M,0.5,random_mix,150,22,RECO-greedy,-5.133333333333334,38.0,1377,6,-124.99083333333333,-58.081163909233666,0.0,0.0,0.9976457694883608,0.0023542305116392346,0.0,91.58333333333334,74.34997010231018
taxi-M,0.5,random_mix,150,22,In-data planning (POR-style),-5.133333333333334,38.0,1377,6,-124.9675,-58.059199528516814,0.14,6.166666666666667,0.9965884861407249,0.0,0.003411513859275053,91.58333333333334,74.34997010231018
taxi-M,0.5,random_mix,150,22,Ours,-5.133333333333334,38.0,1377,6,-5.133333333333334,-6.592843978060828,0.0,0.0,0.9474808673469388,0.052519132653061226,0.0,100.0,74.34997010231018
taxi-M,0.5,random_mix,150,22,Ours w/o stitching,-5.133333333333334,38.0,1377,6,-76.6625,-37.46365448201029,0.0,0.0,0.9965880704319746,0.0034119295680253457,0.0,91.58333333333334,74.34997010231018
taxi-M,0.5,random_mix,150,22,Ours w/o execution rule,-5.133333333333334,38.0,1377,6,-5.133333333333334,-6.592843978060828,0.0,0.0,0.9474808673469388,0.052519132653061226,0.0,100.0,74.34997010231018
taxi-M,0.5,random_mix,150,22,Factored Batch RL,-5.133333333333334,38.0,1377,6,-5.133333333333334,-6.592843978060828,0.0,0.0,0.9474808673469388,0.052519132653061226,0.0,100.0,74.34997010231018
taxi-M,0.5,random_mix,150,23,Imitation,-5.133333333333334,47.333333333333336,1287,6,-528.0175,-254.17975218191813,0.24416666666666667,10.583333333333334,0.9982579536603783,0.0,0.001742046339621744,53.77777777777778,65.02164268493652
taxi-M,0.5,random_mix,150,23,BC,-5.133333333333334,47.333333333333336,1287,6,-1060.135,-455.8941724366944,0.24416666666666667,10.583333333333334,0.9985436579534667,0.0,0.0014563420465333592,18.25,65.02164268493652
taxi-M,0.5,random_mix,150,23,RECO,-5.133333333333334,47.333333333333336,1287,6,-538.7486111111111,-258.00102426645765,0.0,0.0,0.9986435186732433,0.0013564813267566925,0.0,52.52777777777777,65.02164268493652
taxi-M,0.5,random_mix,150,23,RECO-greedy,-5.133333333333334,47.333333333333336,1287,6,-41.844166666666666,-22.48059213059715,0.0,0.0,0.9935447656469267,0.006455234353073253,0.0,98.16666666666667,65.02164268493652
taxi-M,0.5,random_mix,150,23,In-data planning (POR-style),-5.133333333333334,47.333333333333336,1287,6,-23.6625,-14.712206455343894,0.24416666666666667,10.583333333333334,0.9912914251746173,0.0,0.008708574825382672,99.08333333333333,65.02164268493652
taxi-M,0.5,random_mix,150,23,Ours,-5.133333333333334,47.333333333333336,1287,6,-5.133333333333334,-6.62255656117688,0.0,0.0,0.965688775510204,0.03431122448979592,0.0,100.0,65.02164268493652
taxi-M,0.5,random_mix,150,23,Ours w/o stitching,-5.133333333333334,47.333333333333336,1287,6,-15.7425,-11.286350224024568,0.0,0.0,0.9912232750242954,0.008776724975704567,0.0,99.41666666666666,65.02164268493652
taxi-M,0.5,random_mix,150,23,Ours w/o execution rule,-5.133333333333334,47.333333333333336,1287,6,-5.133333333333334,-6.62255656117688,0.0,0.0,0.965688775510204,0.03431122448979592,0.0,100.0,65.02164268493652
taxi-M,0.5,random_mix,150,23,Factored Batch RL,-5.133333333333334,47.333333333333336,1287,6,-5.133333333333334,-6.62255656117688,0.0,0.0,0.965688775510204,0.03431122448979592,0.0,100.0,65.02164268493652
taxi-M,0.5,random_mix,150,24,Imitation,-3.953333333333333,38.666666666666664,1301,2,-565.8088888888889,-267.63763391764735,0.17583333333333334,7.249999999999999,0.9988486408323254,0.0,0.0011513591676746363,43.888888888888886,67.6670823097229
taxi-M,0.5,random_mix,150,24,BC,-3.953333333333333,38.666666666666664,1301,2,-1105.7741666666666,-476.4729439085723,0.17583333333333334,7.249999999999999,0.9990134424313267,0.0,0.0009865575686732904,12.083333333333334,67.6670823097229
taxi-M,0.5,random_mix,150,24,RECO,-3.953333333333333,38.666666666666664,1301,2,-574.3669444444445,-271.06688597542484,0.0,0.0,0.9991508296088227,0.0008491703911772819,0.0,43.25,67.6670823097229
taxi-M,0.5,random_mix,150,24,RECO-greedy,-3.953333333333333,38.666666666666664,1301,2,-5.2075,-6.433010705075503,0.0,0.0,0.9949977697062384,0.00500223029376155,0.0,99.75,67.6670823097229
taxi-M,0.5,random_mix,150,24,In-data planning (POR-style),-3.953333333333333,38.666666666666664,1301,2,-5.109166666666667,-6.34249527467976,0.17583333333333334,7.249999999999999,0.993251886913138,0.0,0.006748113086861967,99.75,67.6670823097229
taxi-M,0.5,random_mix,150,24,Ours,-3.953333333333333,38.666666666666664,1301,2,-3.953333333333333,-5.537595675959461,0.0,0.0,0.9662703713598718,0.03372962864012824,0.0,100.0,67.6670823097229
taxi-M,0.5,random_mix,150,24,Ours w/o stitching,-3.953333333333333,38.666666666666664,1301,2,-6.566666666666666,-6.951851128314559,0.0,0.0,0.9930546664959672,0.0069453335040327744,0.0,99.75,67.6670823097229
taxi-M,0.5,random_mix,150,24,Ours w/o execution rule,-3.953333333333333,38.666666666666664,1301,2,-3.953333333333333,-5.537595675959461,0.0,0.0,0.9662703713598718,0.03372962864012824,0.0,100.0,67.6670823097229
taxi-M,0.5,random_mix,150,24,Factored Batch RL,-3.953333333333333,38.666666666666664,1301,2,-3.953333333333333,-5.537595675959461,0.0,0.0,0.9662703713598718,0.03372962864012824,0.0,100.0,67.6670823097229
taxi-M,0.5,random_mix,150,25,Imitation,-4.553333333333334,42.666666666666664,1336,8,-531.9561111111111,-256.4828222065173,0.7763888888888889,8.166666666666666,0.9947202188228449,0.0,0.005279781177155076,49.861111111111114,65.5748302936554
taxi-M,0.5,random_mix,150,25,BC,-4.553333333333334,42.666666666666664,1336,8,-1122.9225,-482.7811198355159,0.15666666666666668,7.416666666666667,0.9991401980288582,0.0,0.0008598019711417529,10.0,65.5748302936554
taxi-M,0.5,random_mix,150,25,RECO,-4.553333333333334,42.666666666666664,1336,8,-535.4055555555556,-256.9631592515638,0.0,0.0,0.9928582203094709,0.007141779690529088,0.0,47.44444444444444,65.5748302936554
taxi-M,0.5,random_mix,150,25,RECO-greedy,-4.553333333333334,42.666666666666664,1336,8,-11.688333333333333,-9.241793773564101,0.0,0.0,0.9958852644761167,0.004114735523883356,0.0,98.75,65.5748302936554
taxi-M,0.5,random_mix,150,25,In-data planning (POR-style),-4.553333333333334,42.666666666666664,1336,8,-18.976666666666667,-12.284258188164474,0.15666666666666668,7.416666666666667,0.9943820224719101,0.0,0.0056179775280898875,98.75,65.5748302936554
taxi-M,0.5,random_mix,150,25,Ours,-4.553333333333334,42.666666666666664,1336,8,-4.553333333333334,-6.106659738787246,0.0,0.0,0.9741716671014871,0.025828332898512916,0.0,100.0,65.5748302936554
taxi-M,0.5,random_mix,150,25,Ours w/o stitching,-4.553333333333334,42.666666666666664,1336,8,-4.8116666666666665,-6.348258857008601,0.0,0.0,0.9913152967004585,0.008684703299541551,0.0,100.0,65.5748302936554
taxi-M,0.5,random_mix,150,25,Ours w/o execution rule,-4.553333333333334,42.666666666666664,1336,8,-4.553333333333334,-6.106659738787246,0.0,0.0,0.9741716671014871,0.025828332898512916,0.0,100.0,65.5748302936554
taxi-M,0.5,random_mix,150,25,Factored Batch RL,-4.553333333333334,42.666666666666664,1336,8,-4.553333333333334,-6.106659738787246,0.0,0.0,0.9741716671014871,0.025828332898512916,0.0,100.0,65.5748302936554
taxi-M,0.5,random_mix,150,26,Imitation,-5.133333333333334,48.0,1383,6,-547.1302777777778,-260.63722399872074,0.06166666666666667,4.916666666666666,0.999583741935,0.0,0.00041625806500000936,47.583333333333336,62.85157370567322
taxi-M,0.5,random_mix,150,26,BC,-5.133333333333334,48.0,1383,6,-1226.8908333333334,-526.7921389883447,0.06166666666666667,4.916666666666666,0.9996577274955828,0.0,0.00034227250441716544,11.0,62.85157370567322
taxi-M,0.5,random_mix,150,26,RECO,-5.133333333333334,48.0,1383,6,-550.7344444444444,-262.66854320128834,0.0,0.0,0.9996680905643961,0.0003319094356039439,0.0,48.11111111111111,62.85157370567322
taxi-M,0.5,random_mix,150,26,RECO-greedy,-5.133333333333334,48.0,1383,6,-32.30166666666667,-18.377149533509808,0.0,0.0,0.9983876697729074,0.0016123302270926133,0.0,97.75,62.85157370567322
taxi-M,0.5,random_mix,150,26,In-data planning (POR-style),-5.133333333333334,48.0,1383,6,-32.26,-18.3367186352124,0.06166666666666667,4.916666666666666,0.9979749883698656,0.0,0.0020250116301343624,97.75,62.85157370567322
taxi-M,0.5,random_mix,150,26,Ours,-5.133333333333334,48.0,1383,6,-5.133333333333334,-6.592843978060828,0.0,0.0,0.9808354591836734,0.01916454081632653,0.0,100.0,62.85157370567322
taxi-M,0.5,random_mix,150,26,Ours w/o stitching,-5.133333333333334,48.0,1383,6,-25.370833333333334,-15.46947304299399,0.0,0.0,0.9979742122697035,0.0020257877302964768,0.0,97.75,62.85157370567322
taxi-M,0.5,random_mix,150,26,Ours w/o execution rule,-5.133333333333334,48.0,1383,6,-5.133333333333334,-6.592843978060828,0.0,0.0,0.9808354591836734,0.01916454081632653,0.0,100.0,62.85157370567322
taxi-M,0.5,random_mix,150,26,Factored Batch RL,-5.133333333333334,48.0,1383,6,-5.133333333333334,-6.592843978060828,0.0,0.0,0.9808354591836734,0.01916454081632653,0.0,100.0,62.85157370567322
taxi-M,0.5,random_mix,150,27,Imitation,-5.633333333333334,37.333333333333336,1352,6,-590.2463888888889,-274.51852251395303,0.085,5.0,0.9994496620637313,0.0,0.0005503379362687087,40.38888888888889,61.82420635223389
taxi-M,0.5,random_mix,150,27,BC,-5.633333333333334,37.333333333333336,1352,6,-1194.7716666666668,-514.5181222710364,0.085,5.0,0.9995302353428821,0.0,0.00046976465711785564,10.666666666666668,61.82420635223389
taxi-M,0.5,random_mix,150,27,RECO,-5.633333333333334,37.333333333333336,1352,6,-592.9933333333333,-274.5392577833992,0.0,0.0,0.9995482462273182,0.000451753772681804,0.0,39.69444444444444,61.82420635223389
taxi-M,0.5,random_mix,150,27,RECO-greedy,-5.633333333333334,37.333333333333336,1352,6,-72.31083333333333,-35.64943499688553,0.0,0.0,0.9979556572318625,0.002044342768137458,0.0,95.75,61.82420635223389
taxi-M,0.5,random_mix,150,27,In-data planning (POR-style),-5.633333333333334,37.333333333333336,1352,6,-62.3925,-31.410360161865082,0.085,5.0,0.9974497449744975,0.0,0.00255025502550255,96.25,61.82420635223389
taxi-M,0.5,random_mix,150,27,Ours,-5.633333333333334,37.333333333333336,1352,6,-5.633333333333334,-7.040980802298313,0.0,0.0,0.9762515644555695,0.023748435544430537,0.0,100.0,61.82420635223389
taxi-M,0.5,random_mix,150,27,Ours w/o stitching,-5.633333333333334,37.333333333333336,1352,6,-37.776666666666664,-20.95609729667165,0.0,0.0,0.997337285538446,0.00266271446155392,0.0,96.33333333333334,61.82420635223389
taxi-M,0.5,random_mix,150,27,Ours w/o execution rule,-5.633333333333334,37.333333333333336,1352,6,-5.633333333333334,-7.040980802298313,0.0,0.0,0.9762515644555695,0.023748435544430537,0.0,100.0,61.82420635223389
taxi-M,0.5,random_mix,150,27,Factored Batch RL,-5.633333333333334,37.333333333333336,1352,6,-5.633333333333334,-7.040980802298313,0.0,0.0,0.9762515644555695,0.023748435544430537,0.0,100.0,61.82420635223389
taxi-M,0.5,random_mix,150,28,Imitation,-4.138333333333334,36.666666666666664,1371,7,-615.6588888888889,-283.27609533689383,0.6661111111111111,9.722222222222223,0.9958575322777353,0.0,0.004142467722264641,35.55555555555556,56.05559468269348
taxi-M,0.5,random_mix,150,28,BC,-4.138333333333334,36.666666666666664,1371,7,-1202.4041666666667,-517.8054359019592,0.14833333333333334,6.916666666666667,0.9991868655952784,0.0,0.0008131344047216613,9.833333333333332,56.05559468269348
taxi-M,0.5,random_mix,150,28,RECO,-4.138333333333334,36.666666666666664,1371,7,-604.8308333333333,-279.370764548211,0.0,0.0,0.9907632644022104,0.0092367355977896,0.0,35.72222222222222,56.05559468269348
taxi-M,0.5,random_mix,150,28,RECO-greedy,-4.138333333333334,36.666666666666664,1371,7,-47.51416666666667,-24.36864172466983,0.0,0.0,0.9903814624549131,0.009618537545086894,0.0,97.0,56.05559468269348
taxi-M,0.5,random_mix,150,28,In-data planning (POR-style),-4.138333333333334,36.666666666666664,1371,7,-47.181666666666665,-24.227188767866718,0.14833333333333334,6.916666666666667,0.9950857237514149,0.0,0.004914276248585075,97.16666666666667,56.05559468269348
taxi-M,0.5,random_mix,150,28,Ours,-4.138333333333334,36.666666666666664,1371,7,-4.138333333333334,-5.713683199779245,0.0,0.0,0.9786846118146257,0.021315388185374262,0.0,100.0,56.05559468269348
taxi-M,0.5,random_mix,150,28,Ours w/o stitching,-4.138333333333334,36.666666666666664,1371,7,-23.0575,-13.853571688810321,0.0,0.0,0.9935692245580644,0.006430775441935577,0.0,97.91666666666666,56.05559468269348
taxi-M,0.5,random_mix,150,28,Ours w/o execution rule,-4.138333333333334,36.666666666666664,1371,7,-4.138333333333334,-5.713683199779245,0.0,0.0,0.9786846118146257,0.021315388185374262,0.0,100.0,56.05559468269348
taxi-M,0.5,random_mix,150,28,Factored Batch RL,-4.138333333333334,36.666666666666664,1371,7,-4.138333333333334,-5.713683199779245,0.0,0.0,0.9786846118146257,0.021315388185374262,0.0,100.0,56.05559468269348
taxi-M,0.5,random_mix,150,29,Imitation,-5.133333333333334,44.666666666666664,1336,8,-515.9505555555555,-248.07384984503474,0.205,9.583333333333334,0.9985462424899044,0.0,0.0014537575100955383,51.027777777777786,50.43584680557251
taxi-M,0.5,random_mix,150,29,BC,-5.133333333333334,44.666666666666664,1336,8,-1028.6175,-443.0992523571651,0.205,9.583333333333334,0.9987936209027246,0.0,0.0012063790972753486,16.833333333333332,50.43584680557251
taxi-M,0.5,random_mix,150,29,RECO,-5.133333333333334,44.666666666666664,1336,8,-519.7169444444445,-249.2284558353123,0.0,0.0,0.999016074707621,0.0009839252923789978,0.0,50.027777777777786,50.43584680557251
taxi-M,0.5,random_mix,150,29,RECO-greedy,-5.133333333333334,44.666666666666664,1336,8,-5.57,-7.01402151023082,0.0,0.0,0.9947622632041149,0.005237736795885083,0.0,100.0,50.43584680557251
taxi-M,0.5,random_mix,150,29,In-data planning (POR-style),-5.133333333333334,44.666666666666664,1336,8,-5.415,-6.870746540343007,0.205,9.583333333333334,0.99223925799735,0.0,0.00776074200265001,100.0,50.43584680557251
taxi-M,0.5,random_mix,150,29,Ours,-5.133333333333334,44.666666666666664,1336,8,-5.133333333333334,-6.607700269618855,0.0,0.0,0.9794961734693878,0.020503826530612244,0.0,100.0,50.43584680557251
taxi-M,0.5,random_mix,150,29,Ours w/o stitching,-5.133333333333334,44.666666666666664,1336,8,-5.406666666666666,-6.862977119685494,0.0,0.0,0.9920159050744761,0.007984094925523858,0.0,100.0,50.43584680557251
taxi-M,0.5,random_mix,150,29,Ours w/o execution rule,-5.133333333333334,44.666666666666664,1336,8,-5.133333333333334,-6.607700269618855,0.0,0.0,0.9794961734693878,0.020503826530612244,0.0,100.0,50.43584680557251
taxi-M,0.5,random_mix,150,29,Factored Batch RL,-5.133333333333334,44.666666666666664,1336,8,-5.133333333333334,-6.607700269618855,0.0,0.0,0.9794961734693878,0.020503826530612244,0.0,100.0,50.43584680557251
