env,rho,dataset,n_traj,seed,agent,optimal_ret,data_pct_delivered,n_SD,n_inconsistent,n_eval_starts,ret,disc_ret,queries_per_ep,pct_ep_with_query,frac_data_steps,frac_model_steps,frac_query_steps,pct_delivered,config_seconds
taxi-v3,0.0,expert,10,0,Imitation,7.93,100.0,90,0,300,7.93,6.327464314919362,4.72,84.33333333333334,0.6388676358071921,0.0,0.361132364192808,100.0,0.9652106761932373
taxi-v3,0.0,expert,10,0,RECO,7.93,100.0,90,0,300,7.416666666666667,5.783953555571859,2.5433333333333334,51.0,0.6628220858895706,0.14993865030674847,0.18723926380368097,100.0,0.9652106761932373
taxi-v3,0.0,expert,10,0,Ours,7.93,100.0,90,0,300,7.516666666666667,5.887966104983518,2.5433333333333334,51.0,0.6566131025957973,0.15475896168108777,0.18862793572311495,100.0,0.9652106761932373
taxi-v3,0.0,expert,10,0,Factored Batch RL,7.93,100.0,90,0,300,7.283333333333333,5.640826621276979,0.24,16.0,0.6454434993924666,0.3370595382746051,0.01749696233292831,100.0,0.9652106761932373
taxi-v3,0.0,expert,10,1,Imitation,7.93,100.0,69,0,300,7.93,6.327464314919362,6.526666666666666,88.66666666666667,0.5006375924509053,0.0,0.4993624075490946,100.0,0.699028730392456
taxi-v3,0.0,expert,10,1,RECO,7.93,100.0,69,0,300,7.843333333333334,6.236434704419846,5.616666666666666,68.0,0.498099822650114,0.07499366607550038,0.4269065112743856,100.0,0.699028730392456
taxi-v3,0.0,expert,10,1,Ours,7.93,100.0,69,0,300,7.843333333333334,6.236434704419845,5.616666666666666,68.0,0.498099822650114,0.07499366607550038,0.4269065112743856,100.0,0.699028730392456
taxi-v3,0.0,expert,10,1,Factored Batch RL,7.93,100.0,69,0,300,7.836666666666667,6.229588639916901,5.196666666666666,62.66666666666667,0.4978475563433781,0.10736895416561154,0.3947834894910104,100.0,0.699028730392456
taxi-v3,0.0,expert,10,2,Imitation,7.93,100.0,90,0,300,7.93,6.327464314919362,4.526666666666666,85.33333333333334,0.6536597806681969,0.0,0.3463402193318031,100.0,0.9672248363494873
taxi-v3,0.0,expert,10,2,RECO,7.93,100.0,90,0,300,7.37,5.73397772823656,2.4433333333333334,51.0,0.6715578381022255,0.1491807287845439,0.17926143311323062,100.0,0.9672248363494873
taxi-v3,0.0,expert,10,2,Ours,7.93,100.0,90,0,300,7.376666666666667,5.741104620740461,2.4433333333333334,51.0,0.6601419133839002,0.1605089307560558,0.17934915586004405,100.0,0.9672248363494873
taxi-v3,0.0,expert,10,2,Factored Batch RL,7.93,100.0,90,0,300,7.243333333333333,5.602219763973267,0.24,16.0,0.6537436394475405,0.3288102738066392,0.017446086745820207,100.0,0.9672248363494873
taxi-v3,0.0,expert,10,3,Imitation,7.93,100.0,96,0,300,7.93,6.327464314919362,4.27,84.0,0.6732976281560826,0.0,0.32670237184391737,100.0,0.9484274387359619
taxi-v3,0.0,expert,10,3,RECO,7.93,100.0,96,0,300,7.33,5.691189143291653,1.9333333333333333,41.333333333333336,0.6844672031211899,0.17410387710314557,0.14142891977566446,100.0,0.9484274387359619
taxi-v3,0.0,expert,10,3,Ours,7.93,100.0,96,0,300,7.35,5.71322502851861,1.9333333333333333,41.333333333333336,0.6725274725274726,0.18583638583638584,0.14163614163614163,100.0,0.9484274387359619
taxi-v3,0.0,expert,10,3,Factored Batch RL,7.93,100.0,96,0,300,7.263333333333334,5.623388680264783,0.16,12.0,0.6682843969910216,0.32006794467362293,0.011647658335355497,100.0,0.9484274387359619
taxi-v3,0.0,expert,10,4,Imitation,7.93,100.0,90,0,300,7.93,6.327464314919362,4.87,84.33333333333334,0.6273909716908952,0.0,0.3726090283091048,100.0,0.9604203701019287
taxi-v3,0.0,expert,10,4,RECO,7.93,100.0,90,0,300,7.5633333333333335,5.937490242365584,2.3966666666666665,48.66666666666667,0.6588935747953362,0.16273877449764326,0.1783676507070206,100.0,0.9604203701019287
taxi-v3,0.0,expert,10,4,Ours,7.93,100.0,90,0,300,7.6033333333333335,5.980693711018373,2.3966666666666665,48.66666666666667,0.6474247325205275,0.17367504354316995,0.17890022393630256,100.0,0.9604203701019287
taxi-v3,0.0,expert,10,4,Factored Batch RL,7.93,100.0,90,0,300,7.443333333333333,5.811677386622154,0.16,12.0,0.6397836242930908,0.3484140644209491,0.011802311285960166,100.0,0.9604203701019287
taxi-v3,0.0,expert,10,5,Imitation,7.93,100.0,93,0,300,7.93,6.327464314919362,5.09,83.66666666666667,0.6105585309869931,0.0,0.3894414690130069,100.0,0.8963596820831299
taxi-v3,0.0,expert,10,5,RECO,7.93,100.0,93,0,300,7.716666666666667,6.103410113965258,1.9633333333333334,41.333333333333336,0.6404015056461732,0.21179422835633627,0.14780426599749058,100.0,0.8963596820831299
taxi-v3,0.0,expert,10,5,Ours,7.93,100.0,93,0,300,7.743333333333333,6.131564902873902,1.9633333333333334,41.333333333333336,0.5981895901433241,0.2537088257480513,0.1481015841086246,100.0,0.8963596820831299
taxi-v3,0.0,expert,10,5,Factored Batch RL,7.93,100.0,93,0,300,7.65,6.035633475100044,0.16,12.0,0.5940074906367041,0.3940074906367041,0.01198501872659176,100.0,0.8963596820831299
taxi-v3,0.0,expert,10,6,Imitation,7.93,100.0,93,0,300,7.93,6.327464314919362,4.746666666666667,83.0,0.6368273399642949,0.0,0.3631726600357052,100.0,0.9145853519439697
taxi-v3,0.0,expert,10,6,RECO,7.93,100.0,93,0,300,7.37,5.73563746099753,1.8933333333333333,41.333333333333336,0.6637319638053314,0.19735876742479824,0.1389092687698704,100.0,0.9145853519439697
taxi-v3,0.0,expert,10,6,Ours,7.93,100.0,93,0,300,7.583333333333333,5.9656182878256745,1.8933333333333333,41.333333333333336,0.622360248447205,0.23652173913043478,0.14111801242236025,100.0,0.9145853519439697
taxi-v3,0.0,expert,10,6,Factored Batch RL,7.93,100.0,93,0,300,7.41,5.78494242014193,0.16,12.0,0.6144223693892568,0.37380426784400295,0.01177336276674025,100.0,0.9145853519439697
taxi-v3,0.0,expert,10,7,Imitation,7.93,100.0,84,0,300,7.93,6.327464314919362,6.216666666666667,83.66666666666667,0.5243560316245856,0.0,0.47564396837541445,100.0,0.7928588390350342
taxi-v3,0.0,expert,10,7,RECO,7.93,100.0,84,0,300,7.71,6.094839171727112,2.82,54.0,0.5505392525708552,0.23727113117632306,0.21218961625282168,100.0,0.7928588390350342
taxi-v3,0.0,expert,10,7,Ours,7.93,100.0,84,0,300,7.79,6.1801076275963,2.82,54.0,0.5167802170073177,0.26974514256876103,0.21347464042392128,100.0,0.7928588390350342
taxi-v3,0.0,expert,10,7,Factored Batch RL,7.93,100.0,84,0,300,7.63,6.014464459096831,0.12,8.0,0.5105958613812017,0.48042882074295684,0.008975317875841436,100.0,0.7928588390350342
taxi-v3,0.0,expert,10,8,Imitation,7.93,100.0,74,0,300,7.93,6.327464314919362,6.36,86.66666666666667,0.513389441469013,0.0,0.486610558530987,100.0,0.7638285160064697
taxi-v3,0.0,expert,10,8,RECO,7.93,100.0,74,0,300,7.636666666666667,6.0181262120596,4.663333333333333,52.0,0.5265652282364679,0.12446994262908456,0.3489648291344475,100.0,0.7638285160064697
taxi-v3,0.0,expert,10,8,Ours,7.93,100.0,74,0,300,7.636666666666667,6.0181262120596,4.663333333333333,52.0,0.5265652282364679,0.12446994262908456,0.3489648291344475,100.0,0.7638285160064697
taxi-v3,0.0,expert,10,8,Factored Batch RL,7.93,100.0,74,0,300,7.503333333333333,5.8753026787010985,3.243333333333333,28.000000000000004,0.5213632995801433,0.23833045196344776,0.240306248456409,100.0,0.7638285160064697
taxi-v3,0.0,expert,10,9,Imitation,7.93,100.0,85,0,300,7.93,6.327464314919362,5.83,85.0,0.5539403213465952,0.0,0.44605967865340473,100.0,0.7761125564575195
taxi-v3,0.0,expert,10,9,RECO,7.93,100.0,85,0,300,7.716666666666667,6.1035420529138396,4.17,44.0,0.5503136762860728,0.1357590966122961,0.3139272271016311,100.0,0.7761125564575195
taxi-v3,0.0,expert,10,9,Ours,7.93,100.0,85,0,300,7.736666666666666,6.124923450313671,4.17,44.0,0.5438552400100528,0.14174415682332245,0.31440060316662477,100.0,0.7761125564575195
taxi-v3,0.0,expert,10,9,Factored Batch RL,7.93,100.0,85,0,300,7.69,6.077271390610207,3.223333333333333,28.000000000000004,0.5419484097170048,0.21587778612572,0.24217380415727524,100.0,0.7761125564575195
taxi-v3,0.0,expert,10,10,Imitation,7.93,100.0,73,0,300,7.93,6.327464314919362,5.543333333333333,89.0,0.5758735016577404,0.0,0.42412649834225963,100.0,0.7714440822601318
taxi-v3,0.0,expert,10,10,RECO,7.93,100.0,73,0,300,7.6433333333333335,6.021982033354918,2.91,57.99999999999999,0.594709258797105,0.18742201147991017,0.21786872972298477,100.0,0.7714440822601318
taxi-v3,0.0,expert,10,10,Ours,7.93,100.0,73,0,300,7.6433333333333335,6.021982033354919,2.91,57.99999999999999,0.594709258797105,0.18742201147991017,0.21786872972298477,100.0,0.7714440822601318
taxi-v3,0.0,expert,10,10,Factored Batch RL,7.93,100.0,73,0,300,7.503333333333333,5.873984914570597,0.24,16.0,0.5885403803408249,0.39367745122252407,0.017782168436651025,100.0,0.7714440822601318
taxi-v3,0.0,expert,10,11,Imitation,7.93,100.0,90,0,300,7.93,6.327464314919362,4.583333333333333,85.0,0.6493241520020403,0.0,0.3506758479979597,100.0,0.9042172431945801
taxi-v3,0.0,expert,10,11,RECO,7.93,100.0,90,0,300,7.15,5.496222352667804,1.9833333333333334,41.333333333333336,0.6724428399518653,0.18435619735258724,0.14320096269554752,100.0,0.9042172431945801
taxi-v3,0.0,expert,10,11,Ours,7.93,100.0,90,0,300,7.3566666666666665,5.7197209210519695,1.9833333333333334,41.333333333333336,0.6511116540434889,0.20351820180796482,0.1453701441485463,100.0,0.9042172431945801
taxi-v3,0.0,expert,10,11,Factored Batch RL,7.93,100.0,90,0,300,7.1433333333333335,5.496646153473588,0.16,12.0,0.6410873225884051,0.3473658888621602,0.01154678854943469,100.0,0.9042172431945801
taxi-v3,0.0,expert,10,12,Imitation,7.93,100.0,88,0,300,7.93,6.327464314919362,5.06,85.0,0.6128538638102525,0.0,0.3871461361897475,100.0,0.9160709381103516
taxi-v3,0.0,expert,10,12,RECO,7.93,100.0,88,0,300,7.55,5.924371479835132,3.42,62.0,0.6247831474597274,0.12094175960346965,0.25427509293680295,100.0,0.9160709381103516
taxi-v3,0.0,expert,10,12,Ours,7.93,100.0,88,0,300,7.55,5.924371479835132,3.42,62.0,0.6245353159851301,0.12118959107806691,0.25427509293680295,100.0,0.9160709381103516
taxi-v3,0.0,expert,10,12,Factored Batch RL,7.93,100.0,88,0,300,7.463333333333333,5.833280550055721,2.2,43.0,0.6205368135927112,0.2169416399901502,0.16252154641713865,100.0,0.9160709381103516
taxi-v3,0.0,expert,10,13,Imitation,7.93,100.0,113,0,300,7.93,6.327464314919362,3.6366666666666667,78.33333333333333,0.7217546544248916,0.0,0.2782453455751084,100.0,1.0216419696807861
taxi-v3,0.0,expert,10,13,RECO,7.93,100.0,113,0,300,7.27,5.63036262682615,1.8333333333333333,36.0,0.7302743384316581,0.13619810633648943,0.1335275552318524,100.0,1.0216419696807861
taxi-v3,0.0,expert,10,13,Ours,7.93,100.0,113,0,300,7.29,5.65174402422598,1.8333333333333333,36.0,0.7262338925358619,0.1400437636761488,0.1337223437879893,100.0,1.0216419696807861
taxi-v3,0.0,expert,10,13,Factored Batch RL,7.93,100.0,113,0,300,7.1433333333333335,5.498881383208039,0.04,4.0,0.7185470291075294,0.27856627375511184,0.0028866971373586723,100.0,1.0216419696807861
taxi-v3,0.0,expert,10,14,Imitation,7.93,100.0,96,0,300,7.93,6.327464314919362,4.343333333333334,83.0,0.6676868145881153,0.0,0.3323131854118847,100.0,0.9841058254241943
taxi-v3,0.0,expert,10,14,RECO,7.93,100.0,96,0,300,7.45,5.816826807003049,2.3066666666666666,44.0,0.6740467404674046,0.15571955719557196,0.17023370233702337,100.0,0.9841058254241943
taxi-v3,0.0,expert,10,14,Ours,7.93,100.0,96,0,300,7.49,5.859375787828712,2.3066666666666666,44.0,0.6698741672834937,0.15938810757463606,0.17073772514187022,100.0,0.9841058254241943
taxi-v3,0.0,expert,10,14,Factored Batch RL,7.93,100.0,96,0,300,7.323333333333333,5.685914134880805,0.04,4.0,0.6617109432122837,0.3353643675359493,0.002924689251767,100.0,0.9841058254241943
taxi-v3,0.0,expert,10,15,Imitation,7.93,100.0,67,0,300,7.93,6.327464314919362,6.86,88.0,0.4751338944146901,0.0,0.5248661055853099,100.0,0.7698187828063965
taxi-v3,0.0,expert,10,15,RECO,7.93,100.0,67,0,300,7.37,5.732110255381521,5.156666666666666,66.66666666666666,0.4969430178527757,0.12472487160674982,0.37833211054047444,100.0,0.7698187828063965
taxi-v3,0.0,expert,10,15,Ours,7.93,100.0,67,0,300,7.556666666666667,5.93285210331654,5.156666666666666,66.66666666666666,0.4830151252169601,0.13339945450037194,0.383585420282668,100.0,0.7698187828063965
taxi-v3,0.0,expert,10,15,Factored Batch RL,7.93,100.0,67,0,300,7.51,5.884230418190567,4.683333333333334,60.0,0.4813442055843835,0.17148505065480604,0.3471707437608105,100.0,0.7698187828063965
taxi-v3,0.0,expert,10,16,Imitation,7.93,100.0,82,0,300,7.93,6.327464314919362,4.8,87.66666666666667,0.6327467482785004,0.0,0.36725325172149964,100.0,0.9864077568054199
taxi-v3,0.0,expert,10,16,RECO,7.93,100.0,82,0,300,7.363333333333333,5.729225439941691,2.4033333333333333,51.0,0.6458078709362014,0.17795160107553165,0.17624052798826692,100.0,0.9864077568054199
taxi-v3,0.0,expert,10,16,Ours,7.93,100.0,82,0,300,7.596666666666667,5.979010250461838,2.4033333333333333,51.0,0.6214871922407361,0.19920417806515792,0.17930862969410594,100.0,0.9864077568054199
taxi-v3,0.0,expert,10,16,Factored Batch RL,7.93,100.0,82,0,300,7.37,5.74174257289076,0.24,16.0,0.6111518708730741,0.37123991195891415,0.01760821716801174,100.0,0.9864077568054199
taxi-v3,0.0,expert,10,17,Imitation,7.93,100.0,109,0,300,7.93,6.327464314919362,3.9766666666666666,79.0,0.6957408824279521,0.0,0.30425911757204793,100.0,1.0388731956481934
taxi-v3,0.0,expert,10,17,RECO,7.93,100.0,109,0,300,7.476666666666667,5.848185918707728,1.47,31.0,0.7224550160216909,0.16884397337934434,0.10870101059896475,100.0,1.0388731956481934
taxi-v3,0.0,expert,10,17,Ours,7.93,100.0,109,0,300,7.63,6.011493918551886,1.47,31.0,0.6836200448765893,0.20643231114435304,0.1099476439790576,100.0,1.0388731956481934
taxi-v3,0.0,expert,10,17,Factored Batch RL,7.93,100.0,109,0,300,7.51,5.88650583858517,0.12,8.0,0.6775389177168273,0.31356560415122314,0.008895478131949592,100.0,1.0388731956481934
taxi-v3,0.0,expert,10,18,Imitation,7.93,100.0,99,0,300,7.93,6.327464314919362,4.556666666666667,80.66666666666666,0.6513644478449375,0.0,0.3486355521550625,100.0,1.0081825256347656
taxi-v3,0.0,expert,10,18,RECO,7.93,100.0,99,0,300,7.236666666666666,5.58839093164554,2.3266666666666667,44.0,0.6897553887139743,0.14119641559699686,0.16904819568902882,100.0,1.0081825256347656
taxi-v3,0.0,expert,10,18,Ours,7.93,100.0,99,0,300,7.236666666666666,5.588390931645541,2.3266666666666667,44.0,0.6776459191087431,0.15330588520222815,0.16904819568902882,100.0,1.0081825256347656
taxi-v3,0.0,expert,10,18,Factored Batch RL,7.93,100.0,99,0,300,7.056666666666667,5.397414274641741,0.04,4.0,0.6688979201530002,0.3282333253645709,0.002868754482428879,100.0,1.0081825256347656
taxi-v3,0.0,expert,10,19,Imitation,7.93,100.0,94,0,300,7.93,6.327464314919362,4.076666666666667,84.66666666666667,0.6880897730170875,0.0,0.31191022698291254,100.0,1.0117838382720947
taxi-v3,0.0,expert,10,19,RECO,7.93,100.0,94,0,300,7.716666666666667,6.101968808142215,1.9666666666666666,38.666666666666664,0.6855708908406525,0.16637390213299874,0.1480552070263488,100.0,1.0117838382720947
taxi-v3,0.0,expert,10,19,Ours,7.93,100.0,94,0,300,7.756666666666667,6.1451722767950026,1.9666666666666666,38.666666666666664,0.6755600302038761,0.17593757865592752,0.14850239114019634,100.0,1.0117838382720947
taxi-v3,0.0,expert,10,19,Factored Batch RL,7.93,100.0,94,0,300,7.65,6.034510627032501,0.12,8.0,0.6701622971285892,0.3208489388264669,0.008988764044943821,100.0,1.0117838382720947
taxi-v3,0.0,expert,10,20,Imitation,7.93,100.0,72,0,300,7.93,6.327464314919362,5.63,89.0,0.5692425401683244,0.0,0.43075745983167557,100.0,0.910876989364624
taxi-v3,0.0,expert,10,20,RECO,7.93,100.0,72,0,300,7.523333333333333,5.89576436786656,3.8566666666666665,68.33333333333333,0.599060103883255,0.11476626267623052,0.2861736334405145,100.0,0.910876989364624
taxi-v3,0.0,expert,10,20,Ours,7.93,100.0,72,0,300,7.543333333333333,5.916931951292392,3.8566666666666665,68.33333333333333,0.5977210800099083,0.11567996036660887,0.2865989596234828,100.0,0.910876989364624
taxi-v3,0.0,expert,10,20,Factored Batch RL,7.93,100.0,72,0,300,7.423333333333333,5.787902756339455,2.05,43.0,0.5924380063835011,0.2565676405597839,0.15099435305671496,100.0,0.910876989364624
taxi-v3,0.0,expert,10,21,Imitation,7.93,100.0,88,0,300,7.93,6.327464314919362,4.693333333333333,84.66666666666667,0.6409079316500893,0.0,0.35909206834991075,100.0,0.9988017082214355
taxi-v3,0.0,expert,10,21,RECO,7.93,100.0,88,0,300,7.543333333333333,5.916917838405271,2.36,51.0,0.6710428536041615,0.15357939063661136,0.17537775575922715,100.0,0.9988017082214355
taxi-v3,0.0,expert,10,21,Ours,7.93,100.0,88,0,300,7.5633333333333335,5.938299235805102,2.36,51.0,0.6608781939965269,0.1634830066980898,0.1756387993053833,100.0,0.9988017082214355
taxi-v3,0.0,expert,10,21,Factored Batch RL,7.93,100.0,88,0,300,7.263333333333334,5.620923046473256,0.2,16.0,0.64644503761223,0.3389953894685756,0.01455957291919437,100.0,0.9988017082214355
taxi-v3,0.0,expert,10,22,Imitation,7.93,100.0,100,0,300,7.93,6.327464314919362,4.443333333333333,81.33333333333333,0.6600357051772507,0.0,0.3399642948227493,100.0,1.0053186416625977
taxi-v3,0.0,expert,10,22,RECO,7.93,100.0,100,0,300,7.35,5.706592213062343,2.44,51.0,0.6884004884004884,0.13284493284493284,0.17875457875457876,100.0,1.0053186416625977
taxi-v3,0.0,expert,10,22,Ours,7.93,100.0,100,0,300,7.376666666666667,5.734325724511832,2.44,51.0,0.6868118424272083,0.1340836799608515,0.1791044776119403,100.0,1.0053186416625977
taxi-v3,0.0,expert,10,22,Factored Batch RL,7.93,100.0,100,0,300,7.296666666666667,5.650423070662567,0.2,16.0,0.6828022378983216,0.3026027730479202,0.014594989053758209,100.0,1.0053186416625977
taxi-v3,0.0,expert,10,23,Imitation,7.93,100.0,86,0,300,7.93,6.327464314919362,5.5,84.33333333333334,0.5791889824024483,0.0,0.42081101759755163,100.0,0.9246187210083008
taxi-v3,0.0,expert,10,23,RECO,7.93,100.0,86,0,300,7.776666666666666,6.165862024216366,2.38,51.0,0.6339803377867406,0.1860347869926897,0.1799848752205697,100.0,0.9246187210083008
taxi-v3,0.0,expert,10,23,Ours,7.93,100.0,86,0,300,7.883333333333334,6.278208999160825,2.38,51.0,0.5926302414231258,0.22592121982210928,0.18144853875476494,100.0,0.9246187210083008
taxi-v3,0.0,expert,10,23,Factored Batch RL,7.93,100.0,86,0,300,7.79,6.178687442464799,0.2,16.0,0.5884430986626293,0.3964168559172344,0.01514004542013626,100.0,0.9246187210083008
taxi-v3,0.0,expert,10,24,Imitation,7.93,100.0,86,0,300,7.93,6.327464314919362,4.79,85.66666666666667,0.6335118592195869,0.0,0.36648814078041314,100.0,0.9672441482543945
taxi-v3,0.0,expert,10,24,RECO,7.93,100.0,86,0,300,7.556666666666667,5.931794020641931,2.4466666666666668,53.333333333333336,0.6491445574014382,0.16885693032482024,0.18199851227374164,100.0,0.9672441482543945
taxi-v3,0.0,expert,10,24,Ours,7.93,100.0,86,0,300,7.556666666666667,5.931794020641932,2.4466666666666668,53.333333333333336,0.6491445574014382,0.16885693032482024,0.18199851227374164,100.0,0.9672441482543945
taxi-v3,0.0,expert,10,24,Factored Batch RL,7.93,100.0,86,0,300,7.403333333333333,5.770898177991225,0.28,20.0,0.6418239764648198,0.3375827408678598,0.020593282667320422,100.0,0.9672441482543945
taxi-v3,0.0,expert,10,25,Imitation,7.93,100.0,94,0,300,7.93,6.327464314919362,4.34,83.33333333333334,0.6679418515684774,0.0,0.3320581484315226,100.0,0.9509444236755371
taxi-v3,0.0,expert,10,25,RECO,7.93,100.0,94,0,300,7.623333333333333,6.006781498149527,2.453333333333333,51.0,0.6840269125342636,0.13256915026164964,0.1834039372040867,100.0,0.9509444236755371
taxi-v3,0.0,expert,10,25,Ours,7.93,100.0,94,0,300,7.73,6.118078112970455,2.453333333333333,51.0,0.6774679728711379,0.13765385581512182,0.18487817131374026,100.0,0.9509444236755371
taxi-v3,0.0,expert,10,25,Factored Batch RL,7.93,100.0,94,0,300,7.55,5.927874915454063,0.24,16.0,0.6684014869888476,0.3137546468401487,0.017843866171003718,100.0,0.9509444236755371
taxi-v3,0.0,expert,10,26,Imitation,7.93,100.0,93,0,300,7.93,6.327464314919362,4.536666666666667,83.66666666666667,0.6528946697271104,0.0,0.3471053302728896,100.0,0.9709601402282715
taxi-v3,0.0,expert,10,26,RECO,7.93,100.0,93,0,300,7.63,6.013567633400978,2.3866666666666667,44.0,0.6631762652705061,0.15831463475442534,0.17850909997506856,100.0,0.9709601402282715
taxi-v3,0.0,expert,10,26,Ours,7.93,100.0,93,0,300,7.696666666666666,6.083352689603682,2.3866666666666667,44.0,0.6404409922325232,0.18015534953645704,0.1794036582310198,100.0,0.9709601402282715
taxi-v3,0.0,expert,10,26,Factored Batch RL,7.93,100.0,93,0,300,7.51,5.887338041511773,0.04,4.0,0.631578947368421,0.3654558932542624,0.0029651593773165306,100.0,0.9709601402282715
taxi-v3,0.0,expert,10,27,Imitation,7.93,100.0,97,0,300,7.93,6.327464314919362,4.91,82.0,0.6243305279265493,0.0,0.37566947207345064,100.0,0.9208619594573975
taxi-v3,0.0,expert,10,27,RECO,7.93,100.0,97,0,300,7.576666666666667,5.953054401570504,2.4166666666666665,48.66666666666667,0.6376955550037249,0.1822696796622796,0.18003476533399554,100.0,0.9208619594573975
taxi-v3,0.0,expert,10,27,Ours,7.93,100.0,97,0,300,7.723333333333334,6.108951844263333,2.4166666666666665,48.66666666666667,0.621641978408235,0.19633442129048456,0.18202360030128045,100.0,0.9208619594573975
taxi-v3,0.0,expert,10,27,Factored Batch RL,7.93,100.0,97,0,300,7.65,6.03274195846786,0.16,12.0,0.618227215980025,0.36978776529338325,0.01198501872659176,100.0,0.9208619594573975
taxi-v3,0.0,expert,10,28,Imitation,7.93,100.0,76,0,300,7.93,6.327464314919362,7.01,84.33333333333334,0.4636572302983933,0.0,0.5363427697016068,100.0,0.7792868614196777
taxi-v3,0.0,expert,10,28,RECO,7.93,100.0,76,0,300,7.63,6.006103220514685,5.066666666666666,60.0,0.481426078284717,0.13961605584642234,0.37895786586886065,100.0,0.7792868614196777
taxi-v3,0.0,expert,10,28,Ours,7.93,100.0,76,0,300,7.656666666666666,6.035054322411282,5.066666666666666,60.0,0.47939045715713213,0.1408943292530602,0.37971521358980764,100.0,0.7792868614196777
taxi-v3,0.0,expert,10,28,Factored Batch RL,7.93,100.0,76,0,300,7.576666666666667,5.950938560150377,3.2933333333333334,28.000000000000004,0.47653339955301716,0.2781226719642414,0.2453439284827415,100.0,0.7792868614196777
taxi-v3,0.0,expert,10,29,Imitation,7.93,100.0,85,0,300,7.93,6.327464314919362,5.16,84.66666666666667,0.6052027543993879,0.0,0.3947972456006121,100.0,0.8625063896179199
taxi-v3,0.0,expert,10,29,RECO,7.93,100.0,85,0,300,7.403333333333333,5.765768871984778,2.84,56.00000000000001,0.6405981858298603,0.1505270899730326,0.20887472419710715,100.0,0.8625063896179199
taxi-v3,0.0,expert,10,29,Ours,7.93,100.0,85,0,300,7.6033333333333335,5.980134388280656,2.84,56.00000000000001,0.615078377705897,0.17292858920129386,0.21199303309280915,100.0,0.8625063896179199
taxi-v3,0.0,expert,10,29,Factored Batch RL,7.93,100.0,85,0,300,7.423333333333333,5.78836067483987,0.16,12.0,0.6069236435060152,0.3812914313773631,0.011784925116621655,100.0,0.8625063896179199
taxi-v3,0.0,expert,30,0,Imitation,7.93,100.0,158,0,300,7.93,6.327464314919362,2.07,65.33333333333333,0.8416220351951033,0.0,0.15837796480489671,100.0,1.1083850860595703
taxi-v3,0.0,expert,30,0,RECO,7.93,100.0,158,0,300,7.423333333333333,5.792036652559737,0.49666666666666665,8.333333333333332,0.8443407807512889,0.11907684753253131,0.03658237171617972,100.0,1.1083850860595703
taxi-v3,0.0,expert,30,0,Ours,7.93,100.0,158,0,300,7.683333333333334,6.070913018372847,0.49666666666666665,8.333333333333332,0.8250312891113892,0.1376720901126408,0.037296620775969964,100.0,1.1083850860595703
taxi-v3,0.0,expert,30,0,Factored Batch RL,7.93,100.0,158,0,300,7.65,6.035633475100044,0.0,0.0,0.8229712858926342,0.1770287141073658,0.0,100.0,1.1083850860595703
taxi-v3,0.0,expert,30,1,Imitation,7.93,100.0,144,0,300,7.93,6.327464314919362,2.36,69.66666666666667,0.819433817903596,0.0,0.180566182096404,100.0,1.060633659362793
taxi-v3,0.0,expert,30,1,RECO,7.93,100.0,144,0,300,7.756666666666667,6.143387712137703,1.0333333333333334,23.333333333333332,0.8260760130883463,0.09589730682104203,0.07802668009061163,100.0,1.060633659362793
taxi-v3,0.0,expert,30,1,Ours,7.93,100.0,144,0,300,7.83,6.220887134644476,1.0333333333333334,23.333333333333332,0.8177676537585421,0.10377119716527461,0.07846114907618325,100.0,1.060633659362793
taxi-v3,0.0,expert,30,1,Factored Batch RL,7.93,100.0,144,0,300,7.79,6.178687442464799,0.12,8.0,0.8152914458743377,0.17562452687358063,0.009084027252081756,100.0,1.060633659362793
taxi-v3,0.0,expert,30,2,Imitation,7.93,100.0,154,0,300,7.93,6.327464314919362,1.7933333333333332,67.33333333333333,0.8627901045651619,0.0,0.13720989543483805,100.0,1.2500429153442383
taxi-v3,0.0,expert,30,2,RECO,7.93,100.0,154,0,300,7.656666666666666,6.03818233057632,0.5133333333333333,12.0,0.8675993005246065,0.09392955283537346,0.038471146640019986,100.0,1.2500429153442383
taxi-v3,0.0,expert,30,2,Ours,7.93,100.0,154,0,300,7.776666666666666,6.164853488298082,0.5133333333333333,12.0,0.8578270733551803,0.10335265944038316,0.038820267204436605,100.0,1.2500429153442383
taxi-v3,0.0,expert,30,2,Factored Batch RL,7.93,100.0,154,0,300,7.77,6.157797864719222,0.04,4.0,0.8573948097757622,0.1395817586293777,0.0030234315948601664,100.0,1.2500429153442383
taxi-v3,0.0,expert,30,3,Imitation,7.93,100.0,151,0,300,7.93,6.327464314919362,1.8966666666666667,69.0,0.8548839581739353,0.0,0.14511604182606477,100.0,1.2977712154388428
taxi-v3,0.0,expert,30,3,RECO,7.93,100.0,151,0,300,7.67,6.051500136742661,0.0,0.0,0.8752188047011753,0.12478119529882471,0.0,100.0,1.2977712154388428
taxi-v3,0.0,expert,30,3,Ours,7.93,100.0,151,0,300,7.73,6.116371532742177,0.0,0.0,0.8507912584777694,0.1492087415222306,0.0,100.0,1.2977712154388428
taxi-v3,0.0,expert,30,3,Factored Batch RL,7.93,100.0,151,0,300,7.73,6.116371532742177,0.0,0.0,0.8507912584777694,0.1492087415222306,0.0,100.0,1.2977712154388428
taxi-v3,0.0,expert,30,4,Imitation,7.93,100.0,160,0,300,7.93,6.327464314919362,1.6766666666666667,66.0,0.8717163988778373,0.0,0.12828360112216272,100.0,1.2464430332183838
taxi-v3,0.0,expert,30,4,RECO,7.93,100.0,160,0,300,7.703333333333333,6.089261173548104,0.0,0.0,0.8776635748307846,0.12233642516921535,0.0,100.0,1.2464430332183838
taxi-v3,0.0,expert,30,4,Ours,7.93,100.0,160,0,300,7.75,6.139451847683704,0.0,0.0,0.8588679245283019,0.14113207547169812,0.0,100.0,1.2464430332183838
taxi-v3,0.0,expert,30,4,Factored Batch RL,7.93,100.0,160,0,300,7.75,6.139451847683704,0.0,0.0,0.8588679245283019,0.14113207547169812,0.0,100.0,1.2464430332183838
taxi-v3,0.0,expert,30,5,Imitation,7.93,100.0,162,0,300,7.93,6.327464314919362,1.5066666666666666,65.33333333333333,0.884723284876307,0.0,0.11527671512369293,100.0,1.2870073318481445
taxi-v3,0.0,expert,30,5,RECO,7.93,100.0,162,0,300,7.796666666666667,6.186970506924543,0.04,4.0,0.8929563241605655,0.1040141378439788,0.003029537995455693,100.0,1.2870073318481445
taxi-v3,0.0,expert,30,5,Ours,7.93,100.0,162,0,300,7.89,6.285687967566393,0.04,4.0,0.881769641495042,0.11517925247902365,0.0030511060259344014,100.0,1.2870073318481445
taxi-v3,0.0,expert,30,5,Factored Batch RL,7.93,100.0,162,0,300,7.89,6.285687967566393,0.04,4.0,0.881769641495042,0.11517925247902365,0.0030511060259344014,100.0,1.2870073318481445
taxi-v3,0.0,expert,30,6,Imitation,7.93,100.0,162,0,300,7.93,6.327464314919362,1.4366666666666668,65.33333333333333,0.8900790614639122,0.0,0.10992093853608774,100.0,1.3135793209075928
taxi-v3,0.0,expert,30,6,RECO,7.93,100.0,162,0,300,7.69,6.0751499896900105,0.0,0.0,0.8930628600050088,0.10693713999499123,0.0,100.0,1.3135793209075928
taxi-v3,0.0,expert,30,6,Ours,7.93,100.0,162,0,300,7.79,6.180820924552596,0.0,0.0,0.8836739843552864,0.1163260156447136,0.0,100.0,1.3135793209075928
taxi-v3,0.0,expert,30,6,Factored Batch RL,7.93,100.0,162,0,300,7.79,6.180820924552596,0.0,0.0,0.8836739843552864,0.1163260156447136,0.0,100.0,1.3135793209075928
taxi-v3,0.0,expert,30,7,Imitation,7.93,100.0,135,0,300,7.93,6.327464314919362,2.6333333333333333,73.0,0.7985207855138995,0.0,0.20147921448610048,100.0,0.9915032386779785
taxi-v3,0.0,expert,30,7,RECO,7.93,100.0,135,0,300,7.783333333333333,6.171981799053589,0.9533333333333334,16.666666666666664,0.8005044136191677,0.1273644388398487,0.07213114754098361,100.0,0.9915032386779785
taxi-v3,0.0,expert,30,7,Ours,7.93,100.0,135,0,300,7.863333333333333,6.257250254922778,0.9533333333333334,16.666666666666664,0.7934534382136513,0.13397614818573966,0.07257041360060898,100.0,0.9915032386779785
taxi-v3,0.0,expert,30,7,Factored Batch RL,7.93,100.0,135,0,300,7.85,6.243626586561918,0.0,0.0,0.7926489226869455,0.2073510773130545,0.0,100.0,0.9915032386779785
taxi-v3,0.0,expert,30,8,Imitation,7.93,100.0,153,0,300,7.93,6.327464314919362,2.1466666666666665,67.66666666666666,0.8357561846467738,0.0,0.1642438153532262,100.0,1.2068099975585938
taxi-v3,0.0,expert,30,8,RECO,7.93,100.0,153,0,300,7.776666666666666,6.165791654813327,0.4766666666666667,8.333333333333332,0.8394252583816486,0.12452735064280313,0.03604739097554827,100.0,1.2068099975585938
taxi-v3,0.0,expert,30,8,Ours,7.93,100.0,153,0,300,7.89,6.286037982942318,0.4766666666666667,8.333333333333332,0.8332062039155861,0.13043478260869565,0.03635901347571828,100.0,1.2068099975585938
taxi-v3,0.0,expert,30,8,Factored Batch RL,7.93,100.0,153,0,300,7.89,6.286037982942318,0.0,0.0,0.8332062039155861,0.16679379608441394,0.0,100.0,1.2068099975585938
taxi-v3,0.0,expert,30,9,Imitation,7.93,100.0,157,0,300,7.93,6.327464314919362,2.066666666666667,66.0,0.8418770721754655,0.0,0.15812292782453455,100.0,1.234858751296997
taxi-v3,0.0,expert,30,9,RECO,7.93,100.0,157,0,300,7.85,6.242342680594587,0.45666666666666667,8.333333333333332,0.8494296577946768,0.1158428390367554,0.034727503168567805,100.0,1.234858751296997
taxi-v3,0.0,expert,30,9,Ours,7.93,100.0,157,0,300,7.93,6.3274643149193635,0.45666666666666667,8.333333333333332,0.8418770721754655,0.12318286151491967,0.034940066309614895,100.0,1.234858751296997
taxi-v3,0.0,expert,30,9,Factored Batch RL,7.93,100.0,157,0,300,7.93,6.3274643149193635,0.0,0.0,0.8418770721754655,0.15812292782453455,0.0,100.0,1.234858751296997
taxi-v3,0.0,expert,30,10,Imitation,7.93,100.0,131,0,300,7.93,6.327464314919362,2.7,74.33333333333333,0.7934200459066565,0.0,0.20657995409334354,100.0,1.059563398361206
taxi-v3,0.0,expert,30,10,RECO,7.93,100.0,131,0,300,7.556666666666667,5.930238927109967,0.49666666666666665,8.333333333333332,0.8083312670468634,0.15472353087031987,0.036945202082816764,100.0,1.059563398361206
taxi-v3,0.0,expert,30,10,Ours,7.93,100.0,131,0,300,7.79,6.181033305949212,0.49666666666666665,8.333333333333332,0.7882916982084279,0.17411052233156699,0.037597779460005046,100.0,1.059563398361206
taxi-v3,0.0,expert,30,10,Factored Batch RL,7.93,100.0,131,0,300,7.77,6.159651908549383,0.0,0.0,0.7871000251952633,0.2128999748047367,0.0,100.0,1.059563398361206
taxi-v3,0.0,expert,30,11,Imitation,7.93,100.0,143,0,300,7.93,6.327464314919362,2.3266666666666667,70.66666666666667,0.8219841877072176,0.0,0.17801581229278246,100.0,1.0345327854156494
taxi-v3,0.0,expert,30,11,RECO,7.93,100.0,143,0,300,7.696666666666666,6.0808774062164535,0.49333333333333335,12.0,0.8323728388874969,0.1305437233775996,0.03708343773490353,100.0,1.0345327854156494
taxi-v3,0.0,expert,30,11,Ours,7.93,100.0,143,0,300,7.79,6.180820924552596,0.49333333333333335,12.0,0.8173101185970224,0.1453444360333081,0.037345445369669446,100.0,1.0345327854156494
taxi-v3,0.0,expert,30,11,Factored Batch RL,7.93,100.0,143,0,300,7.79,6.180820924552596,0.04,4.0,0.8173101185970224,0.17966187231895028,0.003028009084027252,100.0,1.0345327854156494
taxi-v3,0.0,expert,30,12,Imitation,7.93,100.0,148,0,300,7.93,6.327464314919362,2.34,68.66666666666667,0.8209640397857689,0.0,0.17903596021423107,100.0,1.0404307842254639
taxi-v3,0.0,expert,30,12,RECO,7.93,100.0,148,0,300,7.85,6.2427875451994455,0.9533333333333334,16.666666666666664,0.8286438529784538,0.09885931558935361,0.07249683143219265,100.0,1.0404307842254639
taxi-v3,0.0,expert,30,12,Ours,7.93,100.0,148,0,300,7.93,6.3274643149193635,0.9533333333333334,16.666666666666664,0.8209640397857689,0.10609538383065545,0.07294057638357562,100.0,1.0404307842254639
taxi-v3,0.0,expert,30,12,Factored Batch RL,7.93,100.0,148,0,300,7.93,6.3274643149193635,0.0,0.0,0.8209640397857689,0.17903596021423107,0.0,100.0,1.0404307842254639
taxi-v3,0.0,expert,30,13,Imitation,7.93,100.0,176,0,300,7.93,6.327464314919362,1.1933333333333334,60.66666666666667,0.9086967610303494,0.0,0.0913032389696506,100.0,1.1325910091400146
taxi-v3,0.0,expert,30,13,RECO,7.93,100.0,176,0,300,7.583333333333333,5.960499851114677,0.0,0.0,0.9132919254658385,0.08670807453416149,0.0,100.0,1.1325910091400146
taxi-v3,0.0,expert,30,13,Ours,7.93,100.0,176,0,300,7.77,6.1574450620876116,0.0,0.0,0.9007306626354246,0.09926933736457547,0.0,100.0,1.1325910091400146
taxi-v3,0.0,expert,30,13,Factored Batch RL,7.93,100.0,176,0,300,7.77,6.1574450620876116,0.0,0.0,0.9007306626354246,0.09926933736457547,0.0,100.0,1.1325910091400146
taxi-v3,0.0,expert,30,14,Imitation,7.93,100.0,156,0,300,7.93,6.327464314919362,1.83,67.33333333333333,0.8599846977811783,0.0,0.14001530221882172,100.0,1.0564415454864502
taxi-v3,0.0,expert,30,14,RECO,7.93,100.0,156,0,300,7.816666666666666,6.20643160227998,0.0,0.0,0.8710493046776233,0.12895069532237674,0.0,100.0,1.0564415454864502
taxi-v3,0.0,expert,30,14,Ours,7.93,100.0,156,0,300,7.91,6.306295298916149,0.0,0.0,0.8594346829640948,0.14056531703590527,0.0,100.0,1.0564415454864502
taxi-v3,0.0,expert,30,14,Factored Batch RL,7.93,100.0,156,0,300,7.91,6.306295298916149,0.0,0.0,0.8594346829640948,0.14056531703590527,0.0,100.0,1.0564415454864502
taxi-v3,0.0,expert,30,15,Imitation,7.93,100.0,151,0,300,7.93,6.327464314919362,1.9633333333333334,68.33333333333333,0.8497832185666921,0.0,0.15021678143330783,100.0,1.0817430019378662
taxi-v3,0.0,expert,30,15,RECO,7.93,100.0,151,0,300,7.676666666666667,6.060409804151682,0.4266666666666667,8.333333333333332,0.8501376032024018,0.11783837878408807,0.03202401801351013,100.0,1.0817430019378662
taxi-v3,0.0,expert,30,15,Ours,7.93,100.0,151,0,300,7.763333333333334,6.153365432824053,0.4266666666666667,8.333333333333332,0.8428607403676656,0.12490556534877864,0.032233694283555776,100.0,1.0817430019378662
taxi-v3,0.0,expert,30,15,Factored Batch RL,7.93,100.0,151,0,300,7.75,6.1393945925755515,0.0,0.0,0.8420125786163521,0.1579874213836478,0.0,100.0,1.0817430019378662
taxi-v3,0.0,expert,30,16,Imitation,7.93,100.0,150,0,300,7.93,6.327464314919362,1.7533333333333334,69.33333333333334,0.8658505483295078,0.0,0.13414945167049222,100.0,1.115251064300537
taxi-v3,0.0,expert,30,16,RECO,7.93,100.0,150,0,300,7.543333333333333,5.920819383541293,0.0,0.0,0.8761456527124102,0.12385434728758979,0.0,100.0,1.115251064300537
taxi-v3,0.0,expert,30,16,Ours,7.93,100.0,150,0,300,7.69,6.073470384075076,0.0,0.0,0.8559979964938642,0.14400200350613573,0.0,100.0,1.115251064300537
taxi-v3,0.0,expert,30,16,Factored Batch RL,7.93,100.0,150,0,300,7.69,6.073470384075076,0.0,0.0,0.8559979964938642,0.14400200350613573,0.0,100.0,1.115251064300537
taxi-v3,0.0,expert,30,17,Imitation,7.93,100.0,170,0,300,7.93,6.327464314919362,1.14,62.66666666666667,0.9127773527161438,0.0,0.08722264728385616,100.0,1.0516555309295654
taxi-v3,0.0,expert,30,17,RECO,7.93,100.0,170,0,300,7.65,6.030637723989682,0.0,0.0,0.9188514357053683,0.08114856429463171,0.0,100.0,1.0516555309295654
taxi-v3,0.0,expert,30,17,Ours,7.93,100.0,170,0,300,7.79,6.178687442464799,0.0,0.0,0.9086550592985112,0.09134494070148877,0.0,100.0,1.0516555309295654
taxi-v3,0.0,expert,30,17,Factored Batch RL,7.93,100.0,170,0,300,7.79,6.178687442464799,0.0,0.0,0.9086550592985112,0.09134494070148877,0.0,100.0,1.0516555309295654
taxi-v3,0.0,expert,30,18,Imitation,7.93,100.0,153,0,300,7.93,6.327464314919362,2.506666666666667,66.33333333333333,0.8082121907676613,0.0,0.19178780923233868,100.0,1.0351073741912842
taxi-v3,0.0,expert,30,18,RECO,7.93,100.0,153,0,300,7.556666666666667,5.9310153727106165,0.9233333333333333,16.666666666666664,0.8229605752541532,0.10835606248450286,0.06868336226134392,100.0,1.0351073741912842
taxi-v3,0.0,expert,30,18,Ours,7.93,100.0,153,0,300,7.816666666666666,6.209886792103977,0.9233333333333333,16.666666666666664,0.8012642225031605,0.12869785082174462,0.07003792667509481,100.0,1.0351073741912842
taxi-v3,0.0,expert,30,18,Factored Batch RL,7.93,100.0,153,0,300,7.79,6.181868846298349,0.0,0.0,0.7996467322735301,0.20035326772646986,0.0,100.0,1.0351073741912842
taxi-v3,0.0,expert,30,19,Imitation,7.93,100.0,149,0,300,7.93,6.327464314919362,2.1033333333333335,68.66666666666667,0.8390716653914818,0.0,0.16092833460851824,100.0,1.587954044342041
taxi-v3,0.0,expert,30,19,RECO,7.93,100.0,149,0,300,7.623333333333333,6.005137506191247,0.45666666666666667,8.333333333333332,0.8455021181161226,0.1203588337901819,0.03413904809369549,100.0,1.587954044342041
taxi-v3,0.0,expert,30,19,Ours,7.93,100.0,149,0,300,7.73,6.1179941201809545,0.45666666666666667,8.333333333333332,0.8294398392363728,0.13614669680984678,0.034413463953780456,100.0,1.587954044342041
taxi-v3,0.0,expert,30,19,Factored Batch RL,7.93,100.0,149,0,300,7.71,6.096826536755123,0.0,0.0,0.8281916227740156,0.17180837722598444,0.0,100.0,1.587954044342041
taxi-v3,0.0,expert,30,20,Imitation,7.93,100.0,137,0,300,7.93,6.327464314919362,2.716666666666667,72.33333333333334,0.7921448610048457,0.0,0.2078551389951543,100.0,1.5118207931518555
taxi-v3,0.0,expert,30,20,RECO,7.93,100.0,137,0,300,7.663333333333333,6.045807206248739,0.9566666666666667,20.0,0.8070482379405148,0.12121969507623094,0.07173206698325418,100.0,1.5118207931518555
taxi-v3,0.0,expert,30,20,Ours,7.93,100.0,137,0,300,7.796666666666667,6.185252643758514,0.9566666666666667,20.0,0.7876798788184802,0.13986367079020448,0.07245645039131532,100.0,1.5118207931518555
taxi-v3,0.0,expert,30,20,Factored Batch RL,7.93,100.0,137,0,300,7.79,6.178337427088874,0.04,4.0,0.7872823618470856,0.20968962906888722,0.003028009084027252,100.0,1.5118207931518555
taxi-v3,0.0,expert,30,21,Imitation,7.93,100.0,144,0,300,7.93,6.327464314919362,2.296666666666667,69.66666666666667,0.8242795205304769,0.0,0.17572047946952307,100.0,1.0371859073638916
taxi-v3,0.0,expert,30,21,RECO,7.93,100.0,144,0,300,7.59,5.972076919338423,0.45666666666666667,8.333333333333332,0.8309719115088242,0.13497390007457122,0.03405418841660452,100.0,1.0371859073638916
taxi-v3,0.0,expert,30,21,Ours,7.93,100.0,144,0,300,7.683333333333334,6.069311864892167,0.45666666666666667,8.333333333333332,0.8105131414267834,0.15519399249061328,0.034292866082603256,100.0,1.0371859073638916
taxi-v3,0.0,expert,30,21,Factored Batch RL,7.93,100.0,144,0,300,7.63,6.011849593466598,0.0,0.0,0.8072799800548491,0.19272001994515084,0.0,100.0,1.0371859073638916
taxi-v3,0.0,expert,30,22,Imitation,7.93,100.0,147,0,300,7.93,6.327464314919362,2.5366666666666666,68.33333333333333,0.8059168579444019,0.0,0.19408314205559807,100.0,1.0928599834442139
taxi-v3,0.0,expert,30,22,RECO,7.93,100.0,147,0,300,7.65,6.027256286097749,0.9733333333333334,16.666666666666664,0.8237203495630462,0.10337078651685393,0.07290886392009988,100.0,1.0928599834442139
taxi-v3,0.0,expert,30,22,Ours,7.93,100.0,147,0,300,7.93,6.3274643149193635,0.9733333333333334,16.666666666666664,0.8059168579444019,0.11961234378984953,0.07447079826574854,100.0,1.0928599834442139
taxi-v3,0.0,expert,30,22,Factored Batch RL,7.93,100.0,147,0,300,7.93,6.3274643149193635,0.0,0.0,0.8059168579444019,0.19408314205559807,0.0,100.0,1.0928599834442139
taxi-v3,0.0,expert,30,23,Imitation,7.93,100.0,159,0,300,7.93,6.327464314919362,1.49,66.33333333333333,0.8859984697781178,0.0,0.11400153022188217,100.0,1.229710340499878
taxi-v3,0.0,expert,30,23,RECO,7.93,100.0,159,0,300,7.69,6.072136714920165,0.04,4.0,0.9013273228149261,0.09566741798146756,0.003005259203606311,100.0,1.229710340499878
taxi-v3,0.0,expert,30,23,Ours,7.93,100.0,159,0,300,7.83,6.2201137744418435,0.04,4.0,0.8838268792710706,0.11313591495823842,0.0030372057706909645,100.0,1.229710340499878
taxi-v3,0.0,expert,30,23,Factored Batch RL,7.93,100.0,159,0,300,7.83,6.2201137744418435,0.04,4.0,0.8838268792710706,0.11313591495823842,0.0030372057706909645,100.0,1.229710340499878
taxi-v3,0.0,expert,30,24,Imitation,7.93,100.0,142,0,300,7.93,6.327464314919362,2.5766666666666667,70.66666666666667,0.8028564141800562,0.0,0.1971435858199439,100.0,1.583524465560913
taxi-v3,0.0,expert,30,24,RECO,7.93,100.0,142,0,300,7.836666666666667,6.229089079745404,0.9566666666666667,20.0,0.8161559888579387,0.11116738414788555,0.07267662699417574,100.0,1.583524465560913
taxi-v3,0.0,expert,30,24,Ours,7.93,100.0,142,0,300,7.876666666666667,6.271784183608745,0.9566666666666667,20.0,0.7988315976631953,0.12827025654051308,0.07289814579629159,100.0,1.583524465560913
taxi-v3,0.0,expert,30,24,Factored Batch RL,7.93,100.0,142,0,300,7.87,6.264868966939105,0.04,4.0,0.7984259964457985,0.19852754506219852,0.0030464584920030465,100.0,1.583524465560913
taxi-v3,0.0,expert,30,25,Imitation,7.93,100.0,153,0,300,7.93,6.327464314919362,1.91,67.66666666666666,0.8538638102524866,0.0,0.14613618974751338,100.0,1.6105809211730957
taxi-v3,0.0,expert,30,25,RECO,7.93,100.0,153,0,300,7.556666666666667,5.93332091830649,0.4766666666666667,8.333333333333332,0.8517232829159435,0.11281924125960824,0.035457475824448303,100.0,1.6105809211730957
taxi-v3,0.0,expert,30,25,Ours,7.93,100.0,153,0,300,7.67,6.053425449497861,0.4766666666666667,8.333333333333332,0.8447111777944486,0.11952988247061766,0.035758939734933735,100.0,1.6105809211730957
taxi-v3,0.0,expert,30,25,Factored Batch RL,7.93,100.0,153,0,300,7.65,6.032044052098031,0.0,0.0,0.8434456928838951,0.15655430711610488,0.0,100.0,1.6105809211730957
taxi-v3,0.0,expert,30,26,Imitation,7.93,100.0,160,0,300,7.93,6.327464314919362,1.3833333333333333,66.0,0.8941596531497067,0.0,0.1058403468502933,100.0,1.2568113803863525
taxi-v3,0.0,expert,30,26,RECO,7.93,100.0,160,0,300,7.523333333333333,5.897375025927906,0.0,0.0,0.8933959930744496,0.10660400692555033,0.0,100.0,1.2568113803863525
taxi-v3,0.0,expert,30,26,Ours,7.93,100.0,160,0,300,7.67,6.053626689503953,0.0,0.0,0.881220305076269,0.11877969492373093,0.0,100.0,1.2568113803863525
taxi-v3,0.0,expert,30,26,Factored Batch RL,7.93,100.0,160,0,300,7.67,6.053626689503953,0.0,0.0,0.881220305076269,0.11877969492373093,0.0,100.0,1.2568113803863525
taxi-v3,0.0,expert,30,27,Imitation,7.93,100.0,160,0,300,7.93,6.327464314919362,1.89,65.33333333333333,0.8553940321346595,0.0,0.14460596786534047,100.0,1.2282414436340332
taxi-v3,0.0,expert,30,27,RECO,7.93,100.0,160,0,300,7.523333333333333,5.898600991252639,0.4266666666666667,8.333333333333332,0.8533267375711105,0.11501360375958447,0.03165965866930497,100.0,1.2282414436340332
taxi-v3,0.0,expert,30,27,Ours,7.93,100.0,160,0,300,7.67,6.053488306983517,0.4266666666666667,8.333333333333332,0.8459614903725932,0.12203050762690673,0.03200800200050013,100.0,1.2282414436340332
taxi-v3,0.0,expert,30,27,Factored Batch RL,7.93,100.0,160,0,300,7.65,6.03274195846786,0.0,0.0,0.8446941323345818,0.15530586766541823,0.0,100.0,1.2282414436340332
taxi-v3,0.0,expert,30,28,Imitation,7.93,100.0,170,0,300,7.93,6.327464314919362,1.2633333333333334,62.66666666666667,0.9033409844427442,0.0,0.0966590155572558,100.0,1.3049442768096924
taxi-v3,0.0,expert,30,28,RECO,7.93,100.0,170,0,300,7.776666666666666,6.164509131889331,0.0,0.0,0.9115200403327451,0.08847995966725486,0.0,100.0,1.3049442768096924
taxi-v3,0.0,expert,30,28,Ours,7.93,100.0,170,0,300,7.89,6.285687967566393,0.0,0.0,0.9018560894991101,0.0981439105008899,0.0,100.0,1.3049442768096924
taxi-v3,0.0,expert,30,28,Factored Batch RL,7.93,100.0,170,0,300,7.89,6.285687967566393,0.0,0.0,0.9018560894991101,0.0981439105008899,0.0,100.0,1.3049442768096924
taxi-v3,0.0,expert,30,29,Imitation,7.93,100.0,161,0,300,7.93,6.327464314919362,1.8733333333333333,65.0,0.8566692170364703,0.0,0.14333078296352972,100.0,1.6066186428070068
taxi-v3,0.0,expert,30,29,RECO,7.93,100.0,161,0,300,7.81,6.199294738749539,0.5866666666666667,15.666666666666668,0.865049279757392,0.0904725802375537,0.04447814000505433,100.0,1.6066186428070068
taxi-v3,0.0,expert,30,29,Ours,7.93,100.0,161,0,300,7.93,6.3274643149193635,0.5866666666666667,15.666666666666668,0.8566692170364703,0.09844427441979087,0.044886508543738844,100.0,1.6066186428070068
taxi-v3,0.0,expert,30,29,Factored Batch RL,7.93,100.0,161,0,300,7.93,6.3274643149193635,0.12,8.0,0.8566692170364703,0.13414945167049222,0.009181331293037491,100.0,1.6066186428070068
taxi-v3,0.0,expert,60,0,Imitation,7.93,100.0,197,0,300,7.93,6.327464314919362,0.9833333333333333,53.666666666666664,0.924764090793165,0.0,0.075235909206835,100.0,1.717846155166626
taxi-v3,0.0,expert,60,0,RECO,7.93,100.0,197,0,300,7.83,6.221542342359733,0.0,0.0,0.9321690711212351,0.06783092887876487,0.0,100.0,1.717846155166626
taxi-v3,0.0,expert,60,0,Ours,7.93,100.0,197,0,300,7.93,6.3274643149193635,0.0,0.0,0.924764090793165,0.075235909206835,0.0,100.0,1.717846155166626
taxi-v3,0.0,expert,60,0,Factored Batch RL,7.93,100.0,197,0,300,7.93,6.3274643149193635,0.0,0.0,0.924764090793165,0.075235909206835,0.0,100.0,1.717846155166626
taxi-v3,0.0,expert,60,1,Imitation,7.93,100.0,194,0,300,7.93,6.327464314919362,0.9933333333333333,54.666666666666664,0.9239989798520786,0.0,0.07600102014792146,100.0,1.7863242626190186
taxi-v3,0.0,expert,60,1,RECO,7.93,100.0,194,0,300,7.87,6.26459518807555,0.0,0.0,0.9317085554709317,0.0682914445290683,0.0,100.0,1.7863242626190186
taxi-v3,0.0,expert,60,1,Ours,7.93,100.0,194,0,300,7.93,6.3274643149193635,0.0,0.0,0.9239989798520786,0.07600102014792146,0.0,100.0,1.7863242626190186
taxi-v3,0.0,expert,60,1,Factored Batch RL,7.93,100.0,194,0,300,7.93,6.3274643149193635,0.0,0.0,0.9239989798520786,0.07600102014792146,0.0,100.0,1.7863242626190186
taxi-v3,0.0,expert,60,2,Imitation,7.93,100.0,201,0,300,7.93,6.327464314919362,0.9033333333333333,52.33333333333333,0.9308849783218567,0.0,0.06911502167814333,100.0,1.8286046981811523
taxi-v3,0.0,expert,60,2,RECO,7.93,100.0,201,0,300,7.843333333333334,6.234855152572276,0.0,0.0,0.938434253863694,0.061565746136306054,0.0,100.0,1.8286046981811523
taxi-v3,0.0,expert,60,2,Ours,7.93,100.0,201,0,300,7.93,6.3274643149193635,0.0,0.0,0.9308849783218567,0.06911502167814333,0.0,100.0,1.8286046981811523
taxi-v3,0.0,expert,60,2,Factored Batch RL,7.93,100.0,201,0,300,7.93,6.3274643149193635,0.0,0.0,0.9308849783218567,0.06911502167814333,0.0,100.0,1.8286046981811523
taxi-v3,0.0,expert,60,3,Imitation,7.93,100.0,183,0,300,7.93,6.327464314919362,1.33,58.333333333333336,0.8982402448355011,0.0,0.10175975516449885,100.0,1.5825486183166504
taxi-v3,0.0,expert,60,3,RECO,7.93,100.0,183,0,300,7.843333333333334,6.2340781495866295,0.0,0.0,0.9100582721053965,0.0899417278946035,0.0,100.0,1.5825486183166504
taxi-v3,0.0,expert,60,3,Ours,7.93,100.0,183,0,300,7.93,6.3274643149193635,0.0,0.0,0.8982402448355011,0.10175975516449885,0.0,100.0,1.5825486183166504
taxi-v3,0.0,expert,60,3,Factored Batch RL,7.93,100.0,183,0,300,7.93,6.3274643149193635,0.0,0.0,0.8982402448355011,0.10175975516449885,0.0,100.0,1.5825486183166504
taxi-v3,0.0,expert,60,4,Imitation,7.93,100.0,187,0,300,7.93,6.327464314919362,1.12,56.99999999999999,0.9143075745983168,0.0,0.08569242540168324,100.0,1.9092094898223877
taxi-v3,0.0,expert,60,4,RECO,7.93,100.0,187,0,300,7.83,6.221803809746602,0.0,0.0,0.9215388509238167,0.07846114907618325,0.0,100.0,1.9092094898223877
taxi-v3,0.0,expert,60,4,Ours,7.93,100.0,187,0,300,7.87,6.264795602565132,0.0,0.0,0.9101294744859101,0.08987052551408987,0.0,100.0,1.9092094898223877
taxi-v3,0.0,expert,60,4,Factored Batch RL,7.93,100.0,187,0,300,7.87,6.264795602565132,0.0,0.0,0.9101294744859101,0.08987052551408987,0.0,100.0,1.9092094898223877
taxi-v3,0.0,expert,60,5,Imitation,7.93,100.0,199,0,300,7.93,6.327464314919362,1.14,53.0,0.9127773527161438,0.0,0.08722264728385616,100.0,1.9105663299560547
taxi-v3,0.0,expert,60,5,RECO,7.93,100.0,199,0,300,7.83,6.221831637607871,0.0,0.0,0.9233105542900532,0.07668944570994685,0.0,100.0,1.9105663299560547
taxi-v3,0.0,expert,60,5,Ours,7.93,100.0,199,0,300,7.93,6.3274643149193635,0.0,0.0,0.9127773527161438,0.08722264728385616,0.0,100.0,1.9105663299560547
taxi-v3,0.0,expert,60,5,Factored Batch RL,7.93,100.0,199,0,300,7.93,6.3274643149193635,0.0,0.0,0.9127773527161438,0.08722264728385616,0.0,100.0,1.9105663299560547
taxi-v3,0.0,expert,60,6,Imitation,7.93,100.0,187,0,300,7.93,6.327464314919362,1.0566666666666666,56.99999999999999,0.9191532772251977,0.0,0.08084672277480234,100.0,1.7507331371307373
taxi-v3,0.0,expert,60,6,RECO,7.93,100.0,187,0,300,7.836666666666667,6.228725362722569,0.0,0.0,0.928083059002279,0.07191694099772095,0.0,100.0,1.7507331371307373
taxi-v3,0.0,expert,60,6,Ours,7.93,100.0,187,0,300,7.93,6.3274643149193635,0.0,0.0,0.9191532772251977,0.08084672277480234,0.0,100.0,1.7507331371307373
taxi-v3,0.0,expert,60,6,Factored Batch RL,7.93,100.0,187,0,300,7.93,6.3274643149193635,0.0,0.0,0.9191532772251977,0.08084672277480234,0.0,100.0,1.7507331371307373
taxi-v3,0.0,expert,60,7,Imitation,7.93,100.0,184,0,300,7.93,6.327464314919362,1.32,57.99999999999999,0.8990053557765876,0.0,0.1009946442234124,100.0,1.7895750999450684
taxi-v3,0.0,expert,60,7,RECO,7.93,100.0,184,0,300,7.803333333333334,6.192941947360729,0.0,0.0,0.9146249052791109,0.08537509472088911,0.0,100.0,1.7895750999450684
taxi-v3,0.0,expert,60,7,Ours,7.93,100.0,184,0,300,7.93,6.3274643149193635,0.0,0.0,0.8990053557765876,0.1009946442234124,0.0,100.0,1.7895750999450684
taxi-v3,0.0,expert,60,7,Factored Batch RL,7.93,100.0,184,0,300,7.93,6.3274643149193635,0.0,0.0,0.8990053557765876,0.1009946442234124,0.0,100.0,1.7895750999450684
taxi-v3,0.0,expert,60,8,Imitation,7.93,100.0,198,0,300,7.93,6.327464314919362,0.99,53.333333333333336,0.9242540168324407,0.0,0.0757459831675593,100.0,1.9105658531188965
taxi-v3,0.0,expert,60,8,RECO,7.93,100.0,198,0,300,7.79,6.179832345735259,0.0,0.0,0.9278324501640172,0.07216754983598284,0.0,100.0,1.9105658531188965
taxi-v3,0.0,expert,60,8,Ours,7.93,100.0,198,0,300,7.89,6.286037982942318,0.0,0.0,0.9232138316806509,0.07678616831934909,0.0,100.0,1.9105658531188965
taxi-v3,0.0,expert,60,8,Factored Batch RL,7.93,100.0,198,0,300,7.89,6.286037982942318,0.0,0.0,0.9232138316806509,0.07678616831934909,0.0,100.0,1.9105658531188965
taxi-v3,0.0,expert,60,9,Imitation,7.93,100.0,192,0,300,7.93,6.327464314919362,1.5966666666666667,54.333333333333336,0.8778372864065289,0.0,0.12216271359347106,100.0,1.6600868701934814
taxi-v3,0.0,expert,60,9,RECO,7.93,100.0,192,0,300,7.8566666666666665,6.2493983041734475,0.45666666666666667,8.333333333333332,0.884352016231296,0.08090286583819427,0.034745117930509765,100.0,1.6600868701934814
taxi-v3,0.0,expert,60,9,Ours,7.93,100.0,192,0,300,7.93,6.3274643149193635,0.45666666666666667,8.333333333333332,0.8778372864065289,0.08722264728385616,0.034940066309614895,100.0,1.6600868701934814
taxi-v3,0.0,expert,60,9,Factored Batch RL,7.93,100.0,192,0,300,7.93,6.3274643149193635,0.0,0.0,0.8778372864065289,0.12216271359347106,0.0,100.0,1.6600868701934814
taxi-v3,0.0,expert,60,10,Imitation,7.93,100.0,176,0,300,7.93,6.327464314919362,2.0233333333333334,59.333333333333336,0.8451925529201735,0.0,0.15480744707982658,100.0,1.7618110179901123
taxi-v3,0.0,expert,60,10,RECO,7.93,100.0,176,0,300,7.703333333333333,6.084017100606107,0.49666666666666665,8.333333333333332,0.8718977187264979,0.09074956129355728,0.03735271997994485,100.0,1.7618110179901123
taxi-v3,0.0,expert,60,10,Ours,7.93,100.0,176,0,300,7.93,6.3274643149193635,0.49666666666666665,8.333333333333332,0.8451925529201735,0.11680693700586585,0.03800051007396073,100.0,1.7618110179901123
taxi-v3,0.0,expert,60,10,Factored Batch RL,7.93,100.0,176,0,300,7.93,6.3274643149193635,0.0,0.0,0.8451925529201735,0.15480744707982658,0.0,100.0,1.7618110179901123
taxi-v3,0.0,expert,60,11,Imitation,7.93,100.0,181,0,300,7.93,6.327464314919362,1.5866666666666667,57.99999999999999,0.8786023973476154,0.0,0.1213976026523846,100.0,1.7722396850585938
taxi-v3,0.0,expert,60,11,RECO,7.93,100.0,181,0,300,7.83,6.221753291464049,0.45666666666666667,8.333333333333332,0.8820551759048342,0.0832700582131106,0.034674765882055175,100.0,1.7722396850585938
taxi-v3,0.0,expert,60,11,Ours,7.93,100.0,181,0,300,7.89,6.285687967566393,0.45666666666666667,8.333333333333332,0.8779557589626239,0.08721078057462497,0.03483346046275108,100.0,1.7722396850585938
taxi-v3,0.0,expert,60,11,Factored Batch RL,7.93,100.0,181,0,300,7.89,6.285687967566393,0.0,0.0,0.8779557589626239,0.12204424103737604,0.0,100.0,1.7722396850585938
taxi-v3,0.0,expert,60,12,Imitation,7.93,100.0,194,0,300,7.93,6.327464314919362,1.4633333333333334,54.0,0.888038765621015,0.0,0.11196123437898495,100.0,1.822524070739746
taxi-v3,0.0,expert,60,12,RECO,7.93,100.0,194,0,300,7.85,6.242774736662512,0.4766666666666667,8.333333333333332,0.8960709759188846,0.06768060836501902,0.03624841571609633,100.0,1.822524070739746
taxi-v3,0.0,expert,60,12,Ours,7.93,100.0,194,0,300,7.93,6.3274643149193635,0.4766666666666667,8.333333333333332,0.888038765621015,0.07549094618719715,0.03647028819178781,100.0,1.822524070739746
taxi-v3,0.0,expert,60,12,Factored Batch RL,7.93,100.0,194,0,300,7.93,6.3274643149193635,0.0,0.0,0.888038765621015,0.11196123437898495,0.0,100.0,1.822524070739746
taxi-v3,0.0,expert,60,13,Imitation,7.93,100.0,213,0,300,7.93,6.327464314919362,0.8466666666666667,48.333333333333336,0.9352206069880132,0.0,0.06477939301198674,100.0,1.7257766723632812
taxi-v3,0.0,expert,60,13,RECO,7.93,100.0,213,0,300,7.803333333333334,6.194589311452253,0.0,0.0,0.9371053296286941,0.06289467037130589,0.0,100.0,1.7257766723632812
taxi-v3,0.0,expert,60,13,Ours,7.93,100.0,213,0,300,7.87,6.264795602565132,0.0,0.0,0.9329779131759329,0.06702208682406702,0.0,100.0,1.7257766723632812
taxi-v3,0.0,expert,60,13,Factored Batch RL,7.93,100.0,213,0,300,7.87,6.264795602565132,0.0,0.0,0.9329779131759329,0.06702208682406702,0.0,100.0,1.7257766723632812
taxi-v3,0.0,expert,60,14,Imitation,7.93,100.0,207,0,300,7.93,6.327464314919362,1.0266666666666666,50.33333333333333,0.921448610048457,0.0,0.07855138995154297,100.0,1.693640947341919
taxi-v3,0.0,expert,60,14,RECO,7.93,100.0,207,0,300,7.8566666666666665,6.248768201709025,0.0,0.0,0.9294953081410093,0.07050469185899062,0.0,100.0,1.693640947341919
taxi-v3,0.0,expert,60,14,Ours,7.93,100.0,207,0,300,7.93,6.3274643149193635,0.0,0.0,0.921448610048457,0.07855138995154297,0.0,100.0,1.693640947341919
taxi-v3,0.0,expert,60,14,Factored Batch RL,7.93,100.0,207,0,300,7.93,6.3274643149193635,0.0,0.0,0.921448610048457,0.07855138995154297,0.0,100.0,1.693640947341919
taxi-v3,0.0,expert,60,15,Imitation,7.93,100.0,195,0,300,7.93,6.327464314919362,1.0633333333333332,54.333333333333336,0.9186432032644734,0.0,0.08135679673552665,100.0,1.6995649337768555
taxi-v3,0.0,expert,60,15,RECO,7.93,100.0,195,0,300,7.716666666666667,6.1018361361287266,0.0,0.0,0.9199498117942284,0.08005018820577164,0.0,100.0,1.6995649337768555
taxi-v3,0.0,expert,60,15,Ours,7.93,100.0,195,0,300,7.79,6.180820924552596,0.0,0.0,0.9134494070148877,0.08655059298511229,0.0,100.0,1.6995649337768555
taxi-v3,0.0,expert,60,15,Factored Batch RL,7.93,100.0,195,0,300,7.79,6.180820924552596,0.0,0.0,0.9134494070148877,0.08655059298511229,0.0,100.0,1.6995649337768555
taxi-v3,0.0,expert,60,16,Imitation,7.93,100.0,185,0,300,7.93,6.327464314919362,1.0966666666666667,57.666666666666664,0.9160928334608518,0.0,0.08390716653914818,100.0,1.716515064239502
taxi-v3,0.0,expert,60,16,RECO,7.93,100.0,185,0,300,7.55,5.928371765853449,0.0,0.0,0.9172242874845106,0.08277571251548947,0.0,100.0,1.716515064239502
taxi-v3,0.0,expert,60,16,Ours,7.93,100.0,185,0,300,7.69,6.073470384075076,0.0,0.0,0.9080891560230403,0.09191084397695969,0.0,100.0,1.716515064239502
taxi-v3,0.0,expert,60,16,Factored Batch RL,7.93,100.0,185,0,300,7.69,6.073470384075076,0.0,0.0,0.9080891560230403,0.09191084397695969,0.0,100.0,1.716515064239502
taxi-v3,0.0,expert,60,17,Imitation,7.93,100.0,196,0,300,7.93,6.327464314919362,0.9333333333333333,54.0,0.9285896454985973,0.0,0.0714103545014027,100.0,1.9773893356323242
taxi-v3,0.0,expert,60,17,RECO,7.93,100.0,196,0,300,7.796666666666667,6.187453880214111,0.0,0.0,0.9341075485988387,0.06589245140116132,0.0,100.0,1.9773893356323242
taxi-v3,0.0,expert,60,17,Ours,7.93,100.0,196,0,300,7.87,6.264868966939105,0.0,0.0,0.9268849961919269,0.07311500380807312,0.0,100.0,1.9773893356323242
taxi-v3,0.0,expert,60,17,Factored Batch RL,7.93,100.0,196,0,300,7.87,6.264868966939105,0.0,0.0,0.9268849961919269,0.07311500380807312,0.0,100.0,1.9773893356323242
taxi-v3,0.0,expert,60,18,Imitation,7.93,100.0,189,0,300,7.93,6.327464314919362,1.78,55.00000000000001,0.8638102524866106,0.0,0.13618974751338944,100.0,1.740894079208374
taxi-v3,0.0,expert,60,18,RECO,7.93,100.0,189,0,300,7.696666666666666,6.076960764337995,0.49666666666666665,8.333333333333332,0.884490102731145,0.0781758957654723,0.03733400150338261,100.0,1.740894079208374
taxi-v3,0.0,expert,60,18,Ours,7.93,100.0,189,0,300,7.93,6.3274643149193635,0.49666666666666665,8.333333333333332,0.8638102524866106,0.09818923743942871,0.03800051007396073,100.0,1.740894079208374
taxi-v3,0.0,expert,60,18,Factored Batch RL,7.93,100.0,189,0,300,7.93,6.3274643149193635,0.0,0.0,0.8638102524866106,0.13618974751338944,0.0,100.0,1.740894079208374
taxi-v3,0.0,expert,60,19,Imitation,7.93,100.0,189,0,300,7.93,6.327464314919362,1.1733333333333333,56.333333333333336,0.9102269829125224,0.0,0.08977301708747769,100.0,1.7098650932312012
taxi-v3,0.0,expert,60,19,RECO,7.93,100.0,189,0,300,7.796666666666667,6.187741814371926,0.0,0.0,0.9121433981317849,0.0878566018682151,0.0,100.0,1.7098650932312012
taxi-v3,0.0,expert,60,19,Ours,7.93,100.0,189,0,300,7.85,6.243626586561918,0.0,0.0,0.9054499366286438,0.09455006337135614,0.0,100.0,1.7098650932312012
taxi-v3,0.0,expert,60,19,Factored Batch RL,7.93,100.0,189,0,300,7.85,6.243626586561918,0.0,0.0,0.9054499366286438,0.09455006337135614,0.0,100.0,1.7098650932312012
taxi-v3,0.0,expert,60,20,Imitation,7.93,100.0,189,0,300,7.93,6.327464314919362,1.1633333333333333,56.333333333333336,0.9109920938536088,0.0,0.08900790614639123,100.0,1.7001373767852783
taxi-v3,0.0,expert,60,20,RECO,7.93,100.0,189,0,300,7.75,6.135147709473785,0.0,0.0,0.92,0.08,0.0,100.0,1.7001373767852783
taxi-v3,0.0,expert,60,20,Ours,7.93,100.0,189,0,300,7.83,6.2201137744418435,0.0,0.0,0.9111617312072893,0.0888382687927107,0.0,100.0,1.7001373767852783
taxi-v3,0.0,expert,60,20,Factored Batch RL,7.93,100.0,189,0,300,7.83,6.2201137744418435,0.0,0.0,0.9111617312072893,0.0888382687927107,0.0,100.0,1.7001373767852783
taxi-v3,0.0,expert,60,21,Imitation,7.93,100.0,185,0,300,7.93,6.327464314919362,1.14,57.666666666666664,0.9127773527161438,0.0,0.08722264728385616,100.0,2.0374691486358643
taxi-v3,0.0,expert,60,21,RECO,7.93,100.0,185,0,300,7.67,6.05309404518772,0.0,0.0,0.916479119779945,0.08352088022005501,0.0,100.0,2.0374691486358643
taxi-v3,0.0,expert,60,21,Ours,7.93,100.0,185,0,300,7.81,6.2006449093387825,0.0,0.0,0.9080111195350012,0.09198888046499874,0.0,100.0,2.0374691486358643
taxi-v3,0.0,expert,60,21,Factored Batch RL,7.93,100.0,185,0,300,7.81,6.2006449093387825,0.0,0.0,0.9080111195350012,0.09198888046499874,0.0,100.0,2.0374691486358643
taxi-v3,0.0,expert,60,22,Imitation,7.93,100.0,191,0,300,7.93,6.327464314919362,1.1033333333333333,55.666666666666664,0.9155827595001275,0.0,0.08441724049987248,100.0,1.716825246810913
taxi-v3,0.0,expert,60,22,RECO,7.93,100.0,191,0,300,7.83,6.2211707992919045,0.0,0.0,0.9215388509238167,0.07846114907618325,0.0,100.0,1.716825246810913
taxi-v3,0.0,expert,60,22,Ours,7.93,100.0,191,0,300,7.93,6.3274643149193635,0.0,0.0,0.9155827595001275,0.08441724049987248,0.0,100.0,1.716825246810913
taxi-v3,0.0,expert,60,22,Factored Batch RL,7.93,100.0,191,0,300,7.93,6.3274643149193635,0.0,0.0,0.9155827595001275,0.08441724049987248,0.0,100.0,1.716825246810913
taxi-v3,0.0,expert,60,23,Imitation,7.93,100.0,190,0,300,7.93,6.327464314919362,1.0666666666666667,56.00000000000001,0.9183881662841112,0.0,0.0816118337158888,100.0,1.6715569496154785
taxi-v3,0.0,expert,60,23,RECO,7.93,100.0,190,0,300,7.836666666666667,6.229098281493025,0.04,4.0,0.9260572296783995,0.07090402633578122,0.003038743985819195,100.0,1.6715569496154785
taxi-v3,0.0,expert,60,23,Ours,7.93,100.0,190,0,300,7.91,6.306295298916149,0.04,4.0,0.9182582123758595,0.07868601986249045,0.0030557677616501145,100.0,1.6715569496154785
taxi-v3,0.0,expert,60,23,Factored Batch RL,7.93,100.0,190,0,300,7.91,6.306295298916149,0.04,4.0,0.9182582123758595,0.07868601986249045,0.0030557677616501145,100.0,1.6715569496154785
taxi-v3,0.0,expert,60,24,Imitation,7.93,100.0,176,0,300,7.93,6.327464314919362,1.7433333333333334,60.0,0.8666156592705943,0.0,0.13338434072940578,100.0,1.7178442478179932
taxi-v3,0.0,expert,60,24,RECO,7.93,100.0,176,0,300,7.89,6.28498088689028,0.49666666666666665,8.333333333333332,0.8797355708110857,0.08237986270022883,0.03788456648868548,100.0,1.7178442478179932
taxi-v3,0.0,expert,60,24,Ours,7.93,100.0,176,0,300,7.93,6.3274643149193635,0.49666666666666665,8.333333333333332,0.8666156592705943,0.09538383065544503,0.03800051007396073,100.0,1.7178442478179932
taxi-v3,0.0,expert,60,24,Factored Batch RL,7.93,100.0,176,0,300,7.93,6.3274643149193635,0.0,0.0,0.8666156592705943,0.13338434072940578,0.0,100.0,1.7178442478179932
taxi-v3,0.0,expert,60,25,Imitation,7.93,100.0,184,0,300,7.93,6.327464314919362,1.02,57.99999999999999,0.9219586840091814,0.0,0.07804131599081866,100.0,1.6630606651306152
taxi-v3,0.0,expert,60,25,RECO,7.93,100.0,184,0,300,7.69,6.073772596214982,0.0,0.0,0.9231154520410719,0.07688454795892813,0.0,100.0,1.6630606651306152
taxi-v3,0.0,expert,60,25,Ours,7.93,100.0,184,0,300,7.83,6.221537274340044,0.0,0.0,0.9167299417868894,0.0832700582131106,0.0,100.0,1.6630606651306152
taxi-v3,0.0,expert,60,25,Factored Batch RL,7.93,100.0,184,0,300,7.83,6.221537274340044,0.0,0.0,0.9167299417868894,0.0832700582131106,0.0,100.0,1.6630606651306152
taxi-v3,0.0,expert,60,26,Imitation,7.93,100.0,201,0,300,7.93,6.327464314919362,0.9666666666666667,52.33333333333333,0.9260392756949758,0.0,0.07396072430502423,100.0,2.0807578563690186
taxi-v3,0.0,expert,60,26,RECO,7.93,100.0,201,0,300,7.676666666666667,6.0596421242256335,0.0,0.0,0.932449337002752,0.06755066299724793,0.0,100.0,2.0807578563690186
taxi-v3,0.0,expert,60,26,Ours,7.93,100.0,201,0,300,7.77,6.1574450620876116,0.0,0.0,0.9229024943310657,0.07709750566893424,0.0,100.0,2.0807578563690186
taxi-v3,0.0,expert,60,26,Factored Batch RL,7.93,100.0,201,0,300,7.77,6.1574450620876116,0.0,0.0,0.9229024943310657,0.07709750566893424,0.0,100.0,2.0807578563690186
taxi-v3,0.0,expert,60,27,Imitation,7.93,100.0,202,0,300,7.93,6.327464314919362,1.02,52.0,0.9219586840091814,0.0,0.07804131599081866,100.0,1.9389100074768066
taxi-v3,0.0,expert,60,27,RECO,7.93,100.0,202,0,300,7.81,6.20114599517931,0.0,0.0,0.9257012888551933,0.07429871114480667,0.0,100.0,1.9389100074768066
taxi-v3,0.0,expert,60,27,Ours,7.93,100.0,202,0,300,7.89,6.286037982942318,0.0,0.0,0.9206712433257056,0.07932875667429443,0.0,100.0,1.9389100074768066
taxi-v3,0.0,expert,60,27,Factored Batch RL,7.93,100.0,202,0,300,7.89,6.286037982942318,0.0,0.0,0.9206712433257056,0.07932875667429443,0.0,100.0,1.9389100074768066
taxi-v3,0.0,expert,60,28,Imitation,7.93,100.0,198,0,300,7.93,6.327464314919362,1.0033333333333334,53.333333333333336,0.9232338689109921,0.0,0.0767661310890079,100.0,1.6796255111694336
taxi-v3,0.0,expert,60,28,RECO,7.93,100.0,198,0,300,7.83,6.220326170164233,0.0,0.0,0.932422171602126,0.06757782839787396,0.0,100.0,1.6796255111694336
taxi-v3,0.0,expert,60,28,Ours,7.93,100.0,198,0,300,7.93,6.3274643149193635,0.0,0.0,0.9232338689109921,0.0767661310890079,0.0,100.0,1.6796255111694336
taxi-v3,0.0,expert,60,28,Factored Batch RL,7.93,100.0,198,0,300,7.93,6.3274643149193635,0.0,0.0,0.9232338689109921,0.0767661310890079,0.0,100.0,1.6796255111694336
taxi-v3,0.0,expert,60,29,Imitation,7.93,100.0,205,0,300,7.93,6.327464314919362,1.0166666666666666,51.0,0.9222137209895435,0.0,0.07778627901045651,100.0,2.01552414894104
taxi-v3,0.0,expert,60,29,RECO,7.93,100.0,205,0,300,7.83,6.2211023956663345,0.12,8.0,0.929384965831435,0.06150341685649203,0.009111617312072893,100.0,2.01552414894104
taxi-v3,0.0,expert,60,29,Ours,7.93,100.0,205,0,300,7.93,6.3274643149193635,0.12,8.0,0.9222137209895435,0.06860494771741903,0.009181331293037491,100.0,2.01552414894104
taxi-v3,0.0,expert,60,29,Factored Batch RL,7.93,100.0,205,0,300,7.93,6.3274643149193635,0.12,8.0,0.9222137209895435,0.06860494771741903,0.009181331293037491,100.0,2.01552414894104
taxi-v3,0.0,expert,100,0,Imitation,7.93,100.0,235,0,300,7.93,6.327464314919362,0.6333333333333333,41.0,0.951542973731191,0.0,0.048457026268808975,100.0,1.7835307121276855
taxi-v3,0.0,expert,100,0,RECO,7.93,100.0,235,0,300,7.89,6.285127009927958,0.0,0.0,0.954233409610984,0.04576659038901602,0.0,100.0,1.7835307121276855
taxi-v3,0.0,expert,100,0,Ours,7.93,100.0,235,0,300,7.93,6.3274643149193635,0.0,0.0,0.951542973731191,0.048457026268808975,0.0,100.0,1.7835307121276855
taxi-v3,0.0,expert,100,0,Factored Batch RL,7.93,100.0,235,0,300,7.93,6.3274643149193635,0.0,0.0,0.951542973731191,0.048457026268808975,0.0,100.0,1.7835307121276855
taxi-v3,0.0,expert,100,1,Imitation,7.93,100.0,224,0,300,7.93,6.327464314919362,0.7666666666666667,44.666666666666664,0.9413414945167049,0.0,0.05865850548329508,100.0,2.0427801609039307
taxi-v3,0.0,expert,100,1,RECO,7.93,100.0,224,0,300,7.863333333333333,6.257679971405909,0.0,0.0,0.9477290027911698,0.052270997208830244,0.0,100.0,2.0427801609039307
taxi-v3,0.0,expert,100,1,Ours,7.93,100.0,224,0,300,7.93,6.3274643149193635,0.0,0.0,0.9413414945167049,0.05865850548329508,0.0,100.0,2.0427801609039307
taxi-v3,0.0,expert,100,1,Factored Batch RL,7.93,100.0,224,0,300,7.93,6.3274643149193635,0.0,0.0,0.9413414945167049,0.05865850548329508,0.0,100.0,2.0427801609039307
taxi-v3,0.0,expert,100,2,Imitation,7.93,100.0,223,0,300,7.93,6.327464314919362,0.73,45.0,0.9441469013006886,0.0,0.0558530986993114,100.0,2.0814719200134277
taxi-v3,0.0,expert,100,2,RECO,7.93,100.0,223,0,300,7.89,6.285266012768087,0.0,0.0,0.9478769387236207,0.052123061276379355,0.0,100.0,2.0814719200134277
taxi-v3,0.0,expert,100,2,Ours,7.93,100.0,223,0,300,7.93,6.3274643149193635,0.0,0.0,0.9441469013006886,0.0558530986993114,0.0,100.0,2.0814719200134277
taxi-v3,0.0,expert,100,2,Factored Batch RL,7.93,100.0,223,0,300,7.93,6.3274643149193635,0.0,0.0,0.9441469013006886,0.0558530986993114,0.0,100.0,2.0814719200134277
taxi-v3,0.0,expert,100,3,Imitation,7.93,100.0,224,0,300,7.93,6.327464314919362,0.74,44.666666666666664,0.9433817903596021,0.0,0.056618209640397855,100.0,2.015812397003174
taxi-v3,0.0,expert,100,3,RECO,7.93,100.0,224,0,300,7.8566666666666665,6.248613482483515,0.0,0.0,0.9487699721024601,0.05123002789753994,0.0,100.0,2.015812397003174
taxi-v3,0.0,expert,100,3,Ours,7.93,100.0,224,0,300,7.93,6.3274643149193635,0.0,0.0,0.9433817903596021,0.056618209640397855,0.0,100.0,2.015812397003174
taxi-v3,0.0,expert,100,3,Factored Batch RL,7.93,100.0,224,0,300,7.93,6.3274643149193635,0.0,0.0,0.9433817903596021,0.056618209640397855,0.0,100.0,2.015812397003174
taxi-v3,0.0,expert,100,4,Imitation,7.93,100.0,227,0,300,7.93,6.327464314919362,0.74,43.666666666666664,0.9433817903596021,0.0,0.056618209640397855,100.0,1.8509159088134766
taxi-v3,0.0,expert,100,4,RECO,7.93,100.0,227,0,300,7.876666666666667,6.2704398086345545,0.0,0.0,0.9484378968757937,0.05156210312420625,0.0,100.0,1.8509159088134766
taxi-v3,0.0,expert,100,4,Ours,7.93,100.0,227,0,300,7.93,6.3274643149193635,0.0,0.0,0.9433817903596021,0.056618209640397855,0.0,100.0,1.8509159088134766
taxi-v3,0.0,expert,100,4,Factored Batch RL,7.93,100.0,227,0,300,7.93,6.3274643149193635,0.0,0.0,0.9433817903596021,0.056618209640397855,0.0,100.0,1.8509159088134766
taxi-v3,0.0,expert,100,5,Imitation,7.93,100.0,232,0,300,7.93,6.327464314919362,0.69,42.0,0.9472073450650345,0.0,0.05279265493496557,100.0,1.8823926448822021
taxi-v3,0.0,expert,100,5,RECO,7.93,100.0,232,0,300,7.8966666666666665,6.292105662635838,0.0,0.0,0.9503943017044009,0.049605698295599084,0.0,100.0,1.8823926448822021
taxi-v3,0.0,expert,100,5,Ours,7.93,100.0,232,0,300,7.93,6.3274643149193635,0.0,0.0,0.9472073450650345,0.05279265493496557,0.0,100.0,1.8823926448822021
taxi-v3,0.0,expert,100,5,Factored Batch RL,7.93,100.0,232,0,300,7.93,6.3274643149193635,0.0,0.0,0.9472073450650345,0.05279265493496557,0.0,100.0,1.8823926448822021
taxi-v3,0.0,expert,100,6,Imitation,7.93,100.0,210,0,300,7.93,6.327464314919362,0.92,49.333333333333336,0.9296097934200459,0.0,0.0703902065799541,100.0,1.9207229614257812
taxi-v3,0.0,expert,100,6,RECO,7.93,100.0,210,0,300,7.836666666666667,6.228725362722569,0.0,0.0,0.9384654342871613,0.06153456571283869,0.0,100.0,1.9207229614257812
taxi-v3,0.0,expert,100,6,Ours,7.93,100.0,210,0,300,7.93,6.3274643149193635,0.0,0.0,0.9296097934200459,0.0703902065799541,0.0,100.0,1.9207229614257812
taxi-v3,0.0,expert,100,6,Factored Batch RL,7.93,100.0,210,0,300,7.93,6.3274643149193635,0.0,0.0,0.9296097934200459,0.0703902065799541,0.0,100.0,1.9207229614257812
taxi-v3,0.0,expert,100,7,Imitation,7.93,100.0,236,0,300,7.93,6.327464314919362,0.6266666666666667,40.666666666666664,0.9520530476919153,0.0,0.04794695230808467,100.0,1.8897011280059814
taxi-v3,0.0,expert,100,7,RECO,7.93,100.0,236,0,300,7.85,6.2428295820522965,0.0,0.0,0.9564005069708492,0.043599493029150824,0.0,100.0,1.8897011280059814
taxi-v3,0.0,expert,100,7,Ours,7.93,100.0,236,0,300,7.93,6.3274643149193635,0.0,0.0,0.9520530476919153,0.04794695230808467,0.0,100.0,1.8897011280059814
taxi-v3,0.0,expert,100,7,Factored Batch RL,7.93,100.0,236,0,300,7.93,6.3274643149193635,0.0,0.0,0.9520530476919153,0.04794695230808467,0.0,100.0,1.8897011280059814
taxi-v3,0.0,expert,100,8,Imitation,7.93,100.0,241,0,300,7.93,6.327464314919362,0.6133333333333333,39.0,0.9530731956133639,0.0,0.04692680438663606,100.0,2.1536998748779297
taxi-v3,0.0,expert,100,8,RECO,7.93,100.0,241,0,300,7.843333333333334,6.236074147088477,0.0,0.0,0.9566759564225994,0.04332404357740056,0.0,100.0,2.1536998748779297
taxi-v3,0.0,expert,100,8,Ours,7.93,100.0,241,0,300,7.93,6.3274643149193635,0.0,0.0,0.9530731956133639,0.04692680438663606,0.0,100.0,2.1536998748779297
taxi-v3,0.0,expert,100,8,Factored Batch RL,7.93,100.0,241,0,300,7.93,6.3274643149193635,0.0,0.0,0.9530731956133639,0.04692680438663606,0.0,100.0,2.1536998748779297
taxi-v3,0.0,expert,100,9,Imitation,7.93,100.0,238,0,300,7.93,6.327464314919362,0.66,40.0,0.9495026778882938,0.0,0.0504973221117062,100.0,2.0902178287506104
taxi-v3,0.0,expert,100,9,RECO,7.93,100.0,238,0,300,7.836666666666667,6.229025615483961,0.0,0.0,0.9531526968852874,0.046847303114712587,0.0,100.0,2.0902178287506104
taxi-v3,0.0,expert,100,9,Ours,7.93,100.0,238,0,300,7.93,6.3274643149193635,0.0,0.0,0.9495026778882938,0.0504973221117062,0.0,100.0,2.0902178287506104
taxi-v3,0.0,expert,100,9,Factored Batch RL,7.93,100.0,238,0,300,7.93,6.3274643149193635,0.0,0.0,0.9495026778882938,0.0504973221117062,0.0,100.0,2.0902178287506104
taxi-v3,0.0,expert,100,10,Imitation,7.93,100.0,213,0,300,7.93,6.327464314919362,0.95,48.333333333333336,0.9273144605967866,0.0,0.07268553940321347,100.0,2.032951593399048
taxi-v3,0.0,expert,100,10,RECO,7.93,100.0,213,0,300,7.916666666666667,6.313493474670862,0.0,0.0,0.9375796178343949,0.062420382165605096,0.0,100.0,2.032951593399048
taxi-v3,0.0,expert,100,10,Ours,7.93,100.0,213,0,300,7.93,6.3274643149193635,0.0,0.0,0.9273144605967866,0.07268553940321347,0.0,100.0,2.032951593399048
taxi-v3,0.0,expert,100,10,Factored Batch RL,7.93,100.0,213,0,300,7.93,6.3274643149193635,0.0,0.0,0.9273144605967866,0.07268553940321347,0.0,100.0,2.032951593399048
taxi-v3,0.0,expert,100,11,Imitation,7.93,100.0,228,0,300,7.93,6.327464314919362,0.7166666666666667,43.333333333333336,0.9451670492221372,0.0,0.05483295077786279,100.0,2.19675612449646
taxi-v3,0.0,expert,100,11,RECO,7.93,100.0,228,0,300,7.85,6.243493214465758,0.0,0.0,0.950063371356147,0.04993662864385298,0.0,100.0,2.19675612449646
taxi-v3,0.0,expert,100,11,Ours,7.93,100.0,228,0,300,7.93,6.3274643149193635,0.0,0.0,0.9451670492221372,0.05483295077786279,0.0,100.0,2.19675612449646
taxi-v3,0.0,expert,100,11,Factored Batch RL,7.93,100.0,228,0,300,7.93,6.3274643149193635,0.0,0.0,0.9451670492221372,0.05483295077786279,0.0,100.0,2.19675612449646
taxi-v3,0.0,expert,100,12,Imitation,7.93,100.0,233,0,300,7.93,6.327464314919362,0.6866666666666666,41.66666666666667,0.9474623820453966,0.0,0.05253761795460342,100.0,2.136589527130127
taxi-v3,0.0,expert,100,12,RECO,7.93,100.0,233,0,300,7.8966666666666665,6.291804761331546,0.0,0.0,0.9514118544899517,0.048588145510048336,0.0,100.0,2.136589527130127
taxi-v3,0.0,expert,100,12,Ours,7.93,100.0,233,0,300,7.93,6.3274643149193635,0.0,0.0,0.9474623820453966,0.05253761795460342,0.0,100.0,2.136589527130127
taxi-v3,0.0,expert,100,12,Factored Batch RL,7.93,100.0,233,0,300,7.93,6.3274643149193635,0.0,0.0,0.9474623820453966,0.05253761795460342,0.0,100.0,2.136589527130127
taxi-v3,0.0,expert,100,13,Imitation,7.93,100.0,245,0,300,7.93,6.327464314919362,0.6233333333333333,37.666666666666664,0.9523080846722775,0.0,0.04769191532772252,100.0,2.236036777496338
taxi-v3,0.0,expert,100,13,RECO,7.93,100.0,245,0,300,7.85,6.243565203278928,0.0,0.0,0.9571609632446134,0.04283903675538656,0.0,100.0,2.236036777496338
taxi-v3,0.0,expert,100,13,Ours,7.93,100.0,245,0,300,7.93,6.3274643149193635,0.0,0.0,0.9523080846722775,0.04769191532772252,0.0,100.0,2.236036777496338
taxi-v3,0.0,expert,100,13,Factored Batch RL,7.93,100.0,245,0,300,7.93,6.3274643149193635,0.0,0.0,0.9523080846722775,0.04769191532772252,0.0,100.0,2.236036777496338
taxi-v3,0.0,expert,100,14,Imitation,7.93,100.0,256,0,300,7.93,6.327464314919362,0.5633333333333334,34.0,0.9568987503187962,0.0,0.043101249681203775,100.0,2.0473766326904297
taxi-v3,0.0,expert,100,14,RECO,7.93,100.0,256,0,300,7.8966666666666665,6.2921854843358105,0.0,0.0,0.9605698295599084,0.03943017044009158,0.0,100.0,2.0473766326904297
taxi-v3,0.0,expert,100,14,Ours,7.93,100.0,256,0,300,7.93,6.3274643149193635,0.0,0.0,0.9568987503187962,0.043101249681203775,0.0,100.0,2.0473766326904297
taxi-v3,0.0,expert,100,14,Factored Batch RL,7.93,100.0,256,0,300,7.93,6.3274643149193635,0.0,0.0,0.9568987503187962,0.043101249681203775,0.0,100.0,2.0473766326904297
taxi-v3,0.0,expert,100,15,Imitation,7.93,100.0,232,0,300,7.93,6.327464314919362,0.7266666666666667,42.0,0.9444019382810508,0.0,0.055598061718949245,100.0,2.1634175777435303
taxi-v3,0.0,expert,100,15,RECO,7.93,100.0,232,0,300,7.843333333333334,6.234362606188083,0.0,0.0,0.9498353179630099,0.05016468203699012,0.0,100.0,2.1634175777435303
taxi-v3,0.0,expert,100,15,Ours,7.93,100.0,232,0,300,7.93,6.3274643149193635,0.0,0.0,0.9444019382810508,0.055598061718949245,0.0,100.0,2.1634175777435303
taxi-v3,0.0,expert,100,15,Factored Batch RL,7.93,100.0,232,0,300,7.93,6.3274643149193635,0.0,0.0,0.9444019382810508,0.055598061718949245,0.0,100.0,2.1634175777435303
taxi-v3,0.0,expert,100,16,Imitation,7.93,100.0,226,0,300,7.93,6.327464314919362,0.79,44.0,0.9395562356541699,0.0,0.060443764345830146,100.0,2.2249817848205566
taxi-v3,0.0,expert,100,16,RECO,7.93,100.0,226,0,300,7.85,6.243057681421809,0.0,0.0,0.9462610899873257,0.05373891001267427,0.0,100.0,2.2249817848205566
taxi-v3,0.0,expert,100,16,Ours,7.93,100.0,226,0,300,7.93,6.3274643149193635,0.0,0.0,0.9395562356541699,0.060443764345830146,0.0,100.0,2.2249817848205566
taxi-v3,0.0,expert,100,16,Factored Batch RL,7.93,100.0,226,0,300,7.93,6.3274643149193635,0.0,0.0,0.9395562356541699,0.060443764345830146,0.0,100.0,2.2249817848205566
taxi-v3,0.0,expert,100,17,Imitation,7.93,100.0,226,0,300,7.93,6.327464314919362,0.7266666666666667,44.0,0.9444019382810508,0.0,0.055598061718949245,100.0,2.0550930500030518
taxi-v3,0.0,expert,100,17,RECO,7.93,100.0,226,0,300,7.85,6.242846005587551,0.0,0.0,0.9520912547528517,0.04790874524714829,0.0,100.0,2.0550930500030518
taxi-v3,0.0,expert,100,17,Ours,7.93,100.0,226,0,300,7.93,6.3274643149193635,0.0,0.0,0.9444019382810508,0.055598061718949245,0.0,100.0,2.0550930500030518
taxi-v3,0.0,expert,100,17,Factored Batch RL,7.93,100.0,226,0,300,7.93,6.3274643149193635,0.0,0.0,0.9444019382810508,0.055598061718949245,0.0,100.0,2.0550930500030518
taxi-v3,0.0,expert,100,18,Imitation,7.93,100.0,243,0,300,7.93,6.327464314919362,0.5966666666666667,38.333333333333336,0.9543483805151747,0.0,0.0456516194848253,100.0,2.184626340866089
taxi-v3,0.0,expert,100,18,RECO,7.93,100.0,243,0,300,7.8566666666666665,6.250131131302585,0.0,0.0,0.9579000760841998,0.042099923915800155,0.0,100.0,2.184626340866089
taxi-v3,0.0,expert,100,18,Ours,7.93,100.0,243,0,300,7.93,6.3274643149193635,0.0,0.0,0.9543483805151747,0.0456516194848253,0.0,100.0,2.184626340866089
taxi-v3,0.0,expert,100,18,Factored Batch RL,7.93,100.0,243,0,300,7.93,6.3274643149193635,0.0,0.0,0.9543483805151747,0.0456516194848253,0.0,100.0,2.184626340866089
taxi-v3,0.0,expert,100,19,Imitation,7.93,100.0,223,0,300,7.93,6.327464314919362,0.7033333333333334,45.0,0.9461871971435858,0.0,0.05381280285641418,100.0,2.0050089359283447
taxi-v3,0.0,expert,100,19,RECO,7.93,100.0,223,0,300,7.83,6.222535147566861,0.0,0.0,0.9481144014173627,0.051885598582637305,0.0,100.0,2.0060088634490967
taxi-v3,0.0,expert,100,19,Ours,7.93,100.0,223,0,300,7.91,6.306295298916149,0.0,0.0,0.9429590017825312,0.0570409982174688,0.0,100.0,2.0060088634490967
taxi-v3,0.0,expert,100,19,Factored Batch RL,7.93,100.0,223,0,300,7.91,6.306295298916149,0.0,0.0,0.9429590017825312,0.0570409982174688,0.0,100.0,2.0060088634490967
taxi-v3,0.0,expert,100,20,Imitation,7.93,100.0,222,0,300,7.93,6.327464314919362,0.83,45.33333333333333,0.936495791889824,0.0,0.06350420811017597,100.0,1.9619007110595703
taxi-v3,0.0,expert,100,20,RECO,7.93,100.0,222,0,300,7.8566666666666665,6.2499081085959,0.0,0.0,0.9416687801166624,0.05833121988333756,0.0,100.0,1.9619007110595703
taxi-v3,0.0,expert,100,20,Ours,7.93,100.0,222,0,300,7.93,6.3274643149193635,0.0,0.0,0.936495791889824,0.06350420811017597,0.0,100.0,1.9619007110595703
taxi-v3,0.0,expert,100,20,Factored Batch RL,7.93,100.0,222,0,300,7.93,6.3274643149193635,0.0,0.0,0.936495791889824,0.06350420811017597,0.0,100.0,1.9619007110595703
taxi-v3,0.0,expert,100,21,Imitation,7.93,100.0,230,0,300,7.93,6.327464314919362,0.7,42.66666666666667,0.946442234123948,0.0,0.05355776587605203,100.0,2.084794759750366
taxi-v3,0.0,expert,100,21,RECO,7.93,100.0,230,0,300,7.723333333333334,6.109195425449202,0.0,0.0,0.9500376600552347,0.049962339944765254,0.0,100.0,2.084794759750366
taxi-v3,0.0,expert,100,21,Ours,7.93,100.0,230,0,300,7.87,6.263313621693014,0.0,0.0,0.9436405178979437,0.05635948210205636,0.0,100.0,2.084794759750366
taxi-v3,0.0,expert,100,21,Factored Batch RL,7.93,100.0,230,0,300,7.87,6.263313621693014,0.0,0.0,0.9436405178979437,0.05635948210205636,0.0,100.0,2.084794759750366
taxi-v3,0.0,expert,100,22,Imitation,7.93,100.0,226,0,300,7.93,6.327464314919362,0.7633333333333333,44.0,0.9415965314970671,0.0,0.058403468502932925,100.0,2.0886731147766113
taxi-v3,0.0,expert,100,22,RECO,7.93,100.0,226,0,300,7.85,6.24313683384543,0.0,0.0,0.9452471482889734,0.05475285171102662,0.0,100.0,2.0886731147766113
taxi-v3,0.0,expert,100,22,Ours,7.93,100.0,226,0,300,7.93,6.3274643149193635,0.0,0.0,0.9415965314970671,0.058403468502932925,0.0,100.0,2.0886731147766113
taxi-v3,0.0,expert,100,22,Factored Batch RL,7.93,100.0,226,0,300,7.93,6.3274643149193635,0.0,0.0,0.9415965314970671,0.058403468502932925,0.0,100.0,2.0886731147766113
taxi-v3,0.0,expert,100,23,Imitation,7.93,100.0,224,0,300,7.93,6.327464314919362,0.7633333333333333,44.666666666666664,0.9415965314970671,0.0,0.058403468502932925,100.0,1.8553874492645264
taxi-v3,0.0,expert,100,23,RECO,7.93,100.0,224,0,300,7.883333333333334,6.2786351663082325,0.04,4.0,0.9486658195679797,0.048284625158831,0.0030495552731893264,100.0,1.8553874492645264
taxi-v3,0.0,expert,100,23,Ours,7.93,100.0,224,0,300,7.93,6.3274643149193635,0.04,4.0,0.9415965314970671,0.05534302473858709,0.00306044376434583,100.0,1.8553874492645264
taxi-v3,0.0,expert,100,23,Factored Batch RL,7.93,100.0,224,0,300,7.93,6.3274643149193635,0.04,4.0,0.9415965314970671,0.05534302473858709,0.00306044376434583,100.0,1.8553874492645264
taxi-v3,0.0,expert,100,24,Imitation,7.93,100.0,217,0,300,7.93,6.327464314919362,0.9333333333333333,47.0,0.9285896454985973,0.0,0.0714103545014027,100.0,2.0824530124664307
taxi-v3,0.0,expert,100,24,RECO,7.93,100.0,217,0,300,7.87,6.264233134305531,0.0,0.0,0.9390708301599391,0.06092916984006093,0.0,100.0,2.0824530124664307
taxi-v3,0.0,expert,100,24,Ours,7.93,100.0,217,0,300,7.93,6.3274643149193635,0.0,0.0,0.9285896454985973,0.0714103545014027,0.0,100.0,2.0824530124664307
taxi-v3,0.0,expert,100,24,Factored Batch RL,7.93,100.0,217,0,300,7.93,6.3274643149193635,0.0,0.0,0.9285896454985973,0.0714103545014027,0.0,100.0,2.0824530124664307
taxi-v3,0.0,expert,100,25,Imitation,7.93,100.0,215,0,300,7.93,6.327464314919362,0.8433333333333334,47.66666666666667,0.9354756439683755,0.0,0.06452435603162458,100.0,2.1034953594207764
taxi-v3,0.0,expert,100,25,RECO,7.93,100.0,215,0,300,7.67,6.053507560679816,0.0,0.0,0.937984496124031,0.06201550387596899,0.0,100.0,2.1034953594207764
taxi-v3,0.0,expert,100,25,Ours,7.93,100.0,215,0,300,7.83,6.221537274340044,0.0,0.0,0.9311566691976715,0.06884333080232853,0.0,100.0,2.1034953594207764
taxi-v3,0.0,expert,100,25,Factored Batch RL,7.93,100.0,215,0,300,7.83,6.221537274340044,0.0,0.0,0.9311566691976715,0.06884333080232853,0.0,100.0,2.1034953594207764
taxi-v3,0.0,expert,100,26,Imitation,7.93,100.0,228,0,300,7.93,6.327464314919362,0.7266666666666667,43.333333333333336,0.9444019382810508,0.0,0.055598061718949245,100.0,1.7059240341186523
taxi-v3,0.0,expert,100,26,RECO,7.93,100.0,228,0,300,7.83,6.221600802747839,0.0,0.0,0.9511516071880537,0.04884839281194634,0.0,100.0,1.7059240341186523
taxi-v3,0.0,expert,100,26,Ours,7.93,100.0,228,0,300,7.93,6.3274643149193635,0.0,0.0,0.9444019382810508,0.055598061718949245,0.0,100.0,1.7059240341186523
taxi-v3,0.0,expert,100,26,Factored Batch RL,7.93,100.0,228,0,300,7.93,6.3274643149193635,0.0,0.0,0.9444019382810508,0.055598061718949245,0.0,100.0,1.7059240341186523
taxi-v3,0.0,expert,100,27,Imitation,7.93,100.0,240,0,300,7.93,6.327464314919362,0.65,39.33333333333333,0.9502677888293802,0.0,0.04973221117061974,100.0,1.8760435581207275
taxi-v3,0.0,expert,100,27,RECO,7.93,100.0,240,0,300,7.836666666666667,6.2289486587954945,0.0,0.0,0.9544188402127121,0.04558115978728792,0.0,100.0,1.8760435581207275
taxi-v3,0.0,expert,100,27,Ours,7.93,100.0,240,0,300,7.93,6.3274643149193635,0.0,0.0,0.9502677888293802,0.04973221117061974,0.0,100.0,1.8760435581207275
taxi-v3,0.0,expert,100,27,Factored Batch RL,7.93,100.0,240,0,300,7.93,6.3274643149193635,0.0,0.0,0.9502677888293802,0.04973221117061974,0.0,100.0,1.8760435581207275
taxi-v3,0.0,expert,100,28,Imitation,7.93,100.0,232,0,300,7.93,6.327464314919362,0.7433333333333333,42.0,0.94312675337924,0.0,0.05687324662076001,100.0,1.8048596382141113
taxi-v3,0.0,expert,100,28,RECO,7.93,100.0,232,0,300,7.836666666666667,6.228162260102586,0.0,0.0,0.9498607242339833,0.05013927576601671,0.0,100.0,1.8048596382141113
taxi-v3,0.0,expert,100,28,Ours,7.93,100.0,232,0,300,7.93,6.3274643149193635,0.0,0.0,0.94312675337924,0.05687324662076001,0.0,100.0,1.8048596382141113
taxi-v3,0.0,expert,100,28,Factored Batch RL,7.93,100.0,232,0,300,7.93,6.3274643149193635,0.0,0.0,0.94312675337924,0.05687324662076001,0.0,100.0,1.8048596382141113
taxi-v3,0.0,expert,100,29,Imitation,7.93,100.0,240,0,300,7.93,6.327464314919362,0.58,39.33333333333333,0.9556235654169855,0.0,0.04437643458301454,100.0,1.6704554557800293
taxi-v3,0.0,expert,100,29,RECO,7.93,100.0,240,0,300,7.87,6.263512402160159,0.04,4.0,0.9588728103579589,0.03808073115003808,0.0030464584920030465,100.0,1.6704554557800293
taxi-v3,0.0,expert,100,29,Ours,7.93,100.0,240,0,300,7.93,6.3274643149193635,0.04,4.0,0.9556235654169855,0.041315990818668706,0.00306044376434583,100.0,1.6704554557800293
taxi-v3,0.0,expert,100,29,Factored Batch RL,7.93,100.0,240,0,300,7.93,6.3274643149193635,0.04,4.0,0.9556235654169855,0.041315990818668706,0.00306044376434583,100.0,1.6704554557800293
taxi-v3,0.0,expert,150,0,Imitation,7.93,100.0,270,0,300,7.93,6.327464314919362,0.41,29.333333333333332,0.9686304514154552,0.0,0.03136954858454476,100.0,1.674983024597168
taxi-v3,0.0,expert,150,0,RECO,7.93,100.0,270,0,300,7.916666666666667,6.31328036625922,0.0,0.0,0.9696815286624204,0.030318471337579617,0.0,100.0,1.674983024597168
taxi-v3,0.0,expert,150,0,Ours,7.93,100.0,270,0,300,7.93,6.3274643149193635,0.0,0.0,0.9686304514154552,0.03136954858454476,0.0,100.0,1.674983024597168
taxi-v3,0.0,expert,150,0,Factored Batch RL,7.93,100.0,270,0,300,7.93,6.3274643149193635,0.0,0.0,0.9686304514154552,0.03136954858454476,0.0,100.0,1.674983024597168
taxi-v3,0.0,expert,150,1,Imitation,7.93,100.0,255,0,300,7.93,6.327464314919362,0.5666666666666667,34.333333333333336,0.9566437133384341,0.0,0.04335628666156593,100.0,1.6681663990020752
taxi-v3,0.0,expert,150,1,RECO,7.93,100.0,255,0,300,7.876666666666667,6.271791218563631,0.0,0.0,0.9603759207518415,0.03962407924815849,0.0,100.0,1.6681663990020752
taxi-v3,0.0,expert,150,1,Ours,7.93,100.0,255,0,300,7.93,6.3274643149193635,0.0,0.0,0.9566437133384341,0.04335628666156593,0.0,100.0,1.6681663990020752
taxi-v3,0.0,expert,150,1,Factored Batch RL,7.93,100.0,255,0,300,7.93,6.3274643149193635,0.0,0.0,0.9566437133384341,0.04335628666156593,0.0,100.0,1.6681663990020752
taxi-v3,0.0,expert,150,2,Imitation,7.93,100.0,255,0,300,7.93,6.327464314919362,0.52,34.333333333333336,0.9602142310635042,0.0,0.03978576893649579,100.0,1.9408888816833496
taxi-v3,0.0,expert,150,2,RECO,7.93,100.0,255,0,300,7.903333333333333,6.2991648642034175,0.0,0.0,0.9628404174090099,0.03715958259099007,0.0,100.0,1.9408888816833496
taxi-v3,0.0,expert,150,2,Ours,7.93,100.0,255,0,300,7.93,6.3274643149193635,0.0,0.0,0.9602142310635042,0.03978576893649579,0.0,100.0,1.9413979053497314
taxi-v3,0.0,expert,150,2,Factored Batch RL,7.93,100.0,255,0,300,7.93,6.3274643149193635,0.0,0.0,0.9602142310635042,0.03978576893649579,0.0,100.0,1.9413979053497314
taxi-v3,0.0,expert,150,3,Imitation,7.93,100.0,264,0,300,7.93,6.327464314919362,0.4633333333333333,31.333333333333336,0.9645498597296608,0.0,0.0354501402703392,100.0,1.999488115310669
taxi-v3,0.0,expert,150,3,RECO,7.93,100.0,264,0,300,7.8566666666666665,6.249620053054119,0.0,0.0,0.9682982500634035,0.0317017499365965,0.0,100.0,1.999488115310669
taxi-v3,0.0,expert,150,3,Ours,7.93,100.0,264,0,300,7.93,6.3274643149193635,0.0,0.0,0.9645498597296608,0.0354501402703392,0.0,100.0,1.999488115310669
taxi-v3,0.0,expert,150,3,Factored Batch RL,7.93,100.0,264,0,300,7.93,6.3274643149193635,0.0,0.0,0.9645498597296608,0.0354501402703392,0.0,100.0,1.999488115310669
taxi-v3,0.0,expert,150,4,Imitation,7.93,100.0,260,0,300,7.93,6.327464314919362,0.5066666666666667,32.666666666666664,0.9612343789849528,0.0,0.03876562101504718,100.0,2.307267189025879
taxi-v3,0.0,expert,150,4,RECO,7.93,100.0,260,0,300,7.91,6.306437851092,0.0,0.0,0.9640947288006112,0.03590527119938885,0.0,100.0,2.307267189025879
taxi-v3,0.0,expert,150,4,Ours,7.93,100.0,260,0,300,7.93,6.3274643149193635,0.0,0.0,0.9612343789849528,0.03876562101504718,0.0,100.0,2.307267189025879
taxi-v3,0.0,expert,150,4,Factored Batch RL,7.93,100.0,260,0,300,7.93,6.3274643149193635,0.0,0.0,0.9612343789849528,0.03876562101504718,0.0,100.0,2.307267189025879
taxi-v3,0.0,expert,150,5,Imitation,7.93,100.0,270,0,300,7.93,6.327464314919362,0.4266666666666667,29.333333333333332,0.9673552665136445,0.0,0.03264473348635552,100.0,1.9579908847808838
taxi-v3,0.0,expert,150,5,RECO,7.93,100.0,270,0,300,7.91,6.3058669438084225,0.0,0.0,0.9686783804430863,0.03132161955691368,0.0,100.0,1.9579908847808838
taxi-v3,0.0,expert,150,5,Ours,7.93,100.0,270,0,300,7.93,6.3274643149193635,0.0,0.0,0.9673552665136445,0.03264473348635552,0.0,100.0,1.9579908847808838
taxi-v3,0.0,expert,150,5,Factored Batch RL,7.93,100.0,270,0,300,7.93,6.3274643149193635,0.0,0.0,0.9673552665136445,0.03264473348635552,0.0,100.0,1.9579908847808838
taxi-v3,0.0,expert,150,6,Imitation,7.93,100.0,251,0,300,7.93,6.327464314919362,0.59,35.66666666666667,0.954858454475899,0.0,0.045141545524101,100.0,1.9984540939331055
taxi-v3,0.0,expert,150,6,RECO,7.93,100.0,251,0,300,7.876666666666667,6.270570834019029,0.0,0.0,0.9591059182118364,0.040894081788163575,0.0,100.0,1.9984540939331055
taxi-v3,0.0,expert,150,6,Ours,7.93,100.0,251,0,300,7.93,6.3274643149193635,0.0,0.0,0.954858454475899,0.045141545524101,0.0,100.0,1.9984540939331055
taxi-v3,0.0,expert,150,6,Factored Batch RL,7.93,100.0,251,0,300,7.93,6.3274643149193635,0.0,0.0,0.954858454475899,0.045141545524101,0.0,100.0,1.9984540939331055
taxi-v3,0.0,expert,150,7,Imitation,7.93,100.0,261,0,300,7.93,6.327464314919362,0.4533333333333333,32.33333333333333,0.9653149706707472,0.0,0.03468502932925274,100.0,2.30920672416687
taxi-v3,0.0,expert,150,7,RECO,7.93,100.0,261,0,300,7.916666666666667,6.3136310874825865,0.0,0.0,0.9671337579617835,0.03286624203821656,0.0,100.0,2.30920672416687
taxi-v3,0.0,expert,150,7,Ours,7.93,100.0,261,0,300,7.93,6.3274643149193635,0.0,0.0,0.9653149706707472,0.03468502932925274,0.0,100.0,2.30920672416687
taxi-v3,0.0,expert,150,7,Factored Batch RL,7.93,100.0,261,0,300,7.93,6.3274643149193635,0.0,0.0,0.9653149706707472,0.03468502932925274,0.0,100.0,2.30920672416687
taxi-v3,0.0,expert,150,8,Imitation,7.93,100.0,261,0,300,7.93,6.327464314919362,0.47333333333333333,32.33333333333333,0.9637847487885743,0.0,0.03621525121142566,100.0,2.1967835426330566
taxi-v3,0.0,expert,150,8,RECO,7.93,100.0,261,0,300,7.883333333333334,6.2781976381058815,0.0,0.0,0.96569250317662,0.03430749682337993,0.0,100.0,2.1967835426330566
taxi-v3,0.0,expert,150,8,Ours,7.93,100.0,261,0,300,7.93,6.3274643149193635,0.0,0.0,0.9637847487885743,0.03621525121142566,0.0,100.0,2.1967835426330566
taxi-v3,0.0,expert,150,8,Factored Batch RL,7.93,100.0,261,0,300,7.93,6.3274643149193635,0.0,0.0,0.9637847487885743,0.03621525121142566,0.0,100.0,2.1967835426330566
taxi-v3,0.0,expert,150,9,Imitation,7.93,100.0,262,0,300,7.93,6.327464314919362,0.49666666666666665,32.0,0.9619994899260392,0.0,0.03800051007396073,100.0,2.2184343338012695
taxi-v3,0.0,expert,150,9,RECO,7.93,100.0,262,0,300,7.836666666666667,6.229306443484917,0.0,0.0,0.9655609014940492,0.03443909850595087,0.0,100.0,2.2184343338012695
taxi-v3,0.0,expert,150,9,Ours,7.93,100.0,262,0,300,7.93,6.3274643149193635,0.0,0.0,0.9619994899260392,0.03800051007396073,0.0,100.0,2.2184343338012695
taxi-v3,0.0,expert,150,9,Factored Batch RL,7.93,100.0,262,0,300,7.93,6.3274643149193635,0.0,0.0,0.9619994899260392,0.03800051007396073,0.0,100.0,2.2184343338012695
taxi-v3,0.0,expert,150,10,Imitation,7.93,100.0,249,0,300,7.93,6.327464314919362,0.56,36.333333333333336,0.9571537872991583,0.0,0.04284621270084162,100.0,2.1791815757751465
taxi-v3,0.0,expert,150,10,RECO,7.93,100.0,249,0,300,7.91,6.306437851092,0.0,0.0,0.9597657244716068,0.040234275528393176,0.0,100.0,2.1791815757751465
taxi-v3,0.0,expert,150,10,Ours,7.93,100.0,249,0,300,7.93,6.3274643149193635,0.0,0.0,0.9571537872991583,0.04284621270084162,0.0,100.0,2.1791815757751465
taxi-v3,0.0,expert,150,10,Factored Batch RL,7.93,100.0,249,0,300,7.93,6.3274643149193635,0.0,0.0,0.9571537872991583,0.04284621270084162,0.0,100.0,2.1791815757751465
taxi-v3,0.0,expert,150,11,Imitation,7.93,100.0,267,0,300,7.93,6.327464314919362,0.45,30.333333333333336,0.9655700076511095,0.0,0.03442999234889059,100.0,2.299656867980957
taxi-v3,0.0,expert,150,11,RECO,7.93,100.0,267,0,300,7.87,6.263816168763919,0.0,0.0,0.9687738004569688,0.031226199543031227,0.0,100.0,2.299656867980957
taxi-v3,0.0,expert,150,11,Ours,7.93,100.0,267,0,300,7.93,6.3274643149193635,0.0,0.0,0.9655700076511095,0.03442999234889059,0.0,100.0,2.299656867980957
taxi-v3,0.0,expert,150,11,Factored Batch RL,7.93,100.0,267,0,300,7.93,6.3274643149193635,0.0,0.0,0.9655700076511095,0.03442999234889059,0.0,100.0,2.299656867980957
taxi-v3,0.0,expert,150,12,Imitation,7.93,100.0,264,0,300,7.93,6.327464314919362,0.4533333333333333,31.333333333333336,0.9653149706707472,0.0,0.03468502932925274,100.0,2.1361582279205322
taxi-v3,0.0,expert,150,12,RECO,7.93,100.0,264,0,300,7.923333333333333,6.320618250416418,0.0,0.0,0.9660973744583227,0.033902625541677285,0.0,100.0,2.1361582279205322
taxi-v3,0.0,expert,150,12,Ours,7.93,100.0,264,0,300,7.93,6.3274643149193635,0.0,0.0,0.9653149706707472,0.03468502932925274,0.0,100.0,2.1361582279205322
taxi-v3,0.0,expert,150,12,Factored Batch RL,7.93,100.0,264,0,300,7.93,6.3274643149193635,0.0,0.0,0.9653149706707472,0.03468502932925274,0.0,100.0,2.1361582279205322
taxi-v3,0.0,expert,150,13,Imitation,7.93,100.0,275,0,300,7.93,6.327464314919362,0.3933333333333333,27.666666666666668,0.969905636317266,0.0,0.030094363682733997,100.0,2.072139024734497
taxi-v3,0.0,expert,150,13,RECO,7.93,100.0,275,0,300,7.89,6.285550382977874,0.0,0.0,0.9717772692601068,0.02822273073989321,0.0,100.0,2.072139024734497
taxi-v3,0.0,expert,150,13,Ours,7.93,100.0,275,0,300,7.93,6.3274643149193635,0.0,0.0,0.969905636317266,0.030094363682733997,0.0,100.0,2.072139024734497
taxi-v3,0.0,expert,150,13,Factored Batch RL,7.93,100.0,275,0,300,7.93,6.3274643149193635,0.0,0.0,0.969905636317266,0.030094363682733997,0.0,100.0,2.072139024734497
taxi-v3,0.0,expert,150,14,Imitation,7.93,100.0,286,0,300,7.93,6.327464314919362,0.4033333333333333,24.0,0.9691405253761796,0.0,0.030859474623820455,100.0,2.313666343688965
taxi-v3,0.0,expert,150,14,RECO,7.93,100.0,286,0,300,7.91,6.306507003258696,0.0,0.0,0.9722434428316781,0.027756557168321875,0.0,100.0,2.313666343688965
taxi-v3,0.0,expert,150,14,Ours,7.93,100.0,286,0,300,7.93,6.3274643149193635,0.0,0.0,0.9691405253761796,0.030859474623820455,0.0,100.0,2.313666343688965
taxi-v3,0.0,expert,150,14,Factored Batch RL,7.93,100.0,286,0,300,7.93,6.3274643149193635,0.0,0.0,0.9691405253761796,0.030859474623820455,0.0,100.0,2.313666343688965
taxi-v3,0.0,expert,150,15,Imitation,7.93,100.0,259,0,300,7.93,6.327464314919362,0.5033333333333333,33.0,0.961489415965315,0.0,0.038510584034685026,100.0,2.356355905532837
taxi-v3,0.0,expert,150,15,RECO,7.93,100.0,259,0,300,7.903333333333333,6.299798537384963,0.0,0.0,0.9638584881649275,0.03614151183507254,0.0,100.0,2.356355905532837
taxi-v3,0.0,expert,150,15,Ours,7.93,100.0,259,0,300,7.93,6.3274643149193635,0.0,0.0,0.961489415965315,0.038510584034685026,0.0,100.0,2.356355905532837
taxi-v3,0.0,expert,150,15,Factored Batch RL,7.93,100.0,259,0,300,7.93,6.3274643149193635,0.0,0.0,0.961489415965315,0.038510584034685026,0.0,100.0,2.356355905532837
taxi-v3,0.0,expert,150,16,Imitation,7.93,100.0,265,0,300,7.93,6.327464314919362,0.5133333333333333,31.0,0.9607243050242286,0.0,0.039275694975771484,100.0,1.9980840682983398
taxi-v3,0.0,expert,150,16,RECO,7.93,100.0,265,0,300,7.87,6.26400937666428,0.0,0.0,0.964965727341965,0.035034272658035034,0.0,100.0,1.9980840682983398
taxi-v3,0.0,expert,150,16,Ours,7.93,100.0,265,0,300,7.93,6.3274643149193635,0.0,0.0,0.9607243050242286,0.039275694975771484,0.0,100.0,1.9980840682983398
taxi-v3,0.0,expert,150,16,Factored Batch RL,7.93,100.0,265,0,300,7.93,6.3274643149193635,0.0,0.0,0.9607243050242286,0.039275694975771484,0.0,100.0,1.9980840682983398
taxi-v3,0.0,expert,150,17,Imitation,7.93,100.0,258,0,300,7.93,6.327464314919362,0.4866666666666667,33.33333333333333,0.9627646008671258,0.0,0.03723539913287427,100.0,1.97139310836792
taxi-v3,0.0,expert,150,17,RECO,7.93,100.0,258,0,300,7.836666666666667,6.228661372746449,0.0,0.0,0.9680931881488984,0.031906811851101544,0.0,100.0,1.97139310836792
taxi-v3,0.0,expert,150,17,Ours,7.93,100.0,258,0,300,7.93,6.3274643149193635,0.0,0.0,0.9627646008671258,0.03723539913287427,0.0,100.0,1.97139310836792
taxi-v3,0.0,expert,150,17,Factored Batch RL,7.93,100.0,258,0,300,7.93,6.3274643149193635,0.0,0.0,0.9627646008671258,0.03723539913287427,0.0,100.0,1.97139310836792
taxi-v3,0.0,expert,150,18,Imitation,7.93,100.0,271,0,300,7.93,6.327464314919362,0.4033333333333333,28.999999999999996,0.9691405253761796,0.0,0.030859474623820455,100.0,2.2252087593078613
taxi-v3,0.0,expert,150,18,RECO,7.93,100.0,271,0,300,7.8566666666666665,6.2502009819760165,0.0,0.0,0.9723560740552879,0.02764392594471215,0.0,100.0,2.2252087593078613
taxi-v3,0.0,expert,150,18,Ours,7.93,100.0,271,0,300,7.93,6.3274643149193635,0.0,0.0,0.9691405253761796,0.030859474623820455,0.0,100.0,2.2252087593078613
taxi-v3,0.0,expert,150,18,Factored Batch RL,7.93,100.0,271,0,300,7.93,6.3274643149193635,0.0,0.0,0.9691405253761796,0.030859474623820455,0.0,100.0,2.2252087593078613
taxi-v3,0.0,expert,150,19,Imitation,7.93,100.0,252,0,300,7.93,6.327464314919362,0.54,35.333333333333336,0.9586840091813313,0.0,0.041315990818668706,100.0,1.822690725326538
taxi-v3,0.0,expert,150,19,RECO,7.93,100.0,252,0,300,7.863333333333333,6.25725233633102,0.0,0.0,0.9606698807409287,0.0393301192590713,0.0,100.0,1.822690725326538
taxi-v3,0.0,expert,150,19,Ours,7.93,100.0,252,0,300,7.91,6.306295298916149,0.0,0.0,0.9569646040234275,0.043035395976572445,0.0,100.0,1.822690725326538
taxi-v3,0.0,expert,150,19,Factored Batch RL,7.93,100.0,252,0,300,7.91,6.306295298916149,0.0,0.0,0.9569646040234275,0.043035395976572445,0.0,100.0,1.822690725326538
taxi-v3,0.0,expert,150,20,Imitation,7.93,100.0,260,0,300,7.93,6.327464314919362,0.5,32.666666666666664,0.9617444529456771,0.0,0.03825554705432287,100.0,2.146583318710327
taxi-v3,0.0,expert,150,20,RECO,7.93,100.0,260,0,300,7.8566666666666665,6.249560936708258,0.0,0.0,0.9660157240679685,0.033984275932031446,0.0,100.0,2.146583318710327
taxi-v3,0.0,expert,150,20,Ours,7.93,100.0,260,0,300,7.93,6.3274643149193635,0.0,0.0,0.9617444529456771,0.03825554705432287,0.0,100.0,2.146583318710327
taxi-v3,0.0,expert,150,20,Factored Batch RL,7.93,100.0,260,0,300,7.93,6.3274643149193635,0.0,0.0,0.9617444529456771,0.03825554705432287,0.0,100.0,2.146583318710327
taxi-v3,0.0,expert,150,21,Imitation,7.93,100.0,254,0,300,7.93,6.327464314919362,0.5133333333333333,34.66666666666667,0.9607243050242286,0.0,0.039275694975771484,100.0,2.0897910594940186
taxi-v3,0.0,expert,150,21,RECO,7.93,100.0,254,0,300,7.876666666666667,6.271788424466137,0.0,0.0,0.9631699263398527,0.036830073660147324,0.0,100.0,2.0897910594940186
taxi-v3,0.0,expert,150,21,Ours,7.93,100.0,254,0,300,7.93,6.3274643149193635,0.0,0.0,0.9607243050242286,0.039275694975771484,0.0,100.0,2.0897910594940186
taxi-v3,0.0,expert,150,21,Factored Batch RL,7.93,100.0,254,0,300,7.93,6.3274643149193635,0.0,0.0,0.9607243050242286,0.039275694975771484,0.0,100.0,2.0897910594940186
taxi-v3,0.0,expert,150,22,Imitation,7.93,100.0,256,0,300,7.93,6.327464314919362,0.5333333333333333,34.0,0.9591940831420556,0.0,0.0408059168579444,100.0,2.080005407333374
taxi-v3,0.0,expert,150,22,RECO,7.93,100.0,256,0,300,7.843333333333334,6.236219500417446,0.0,0.0,0.9630098809222194,0.036990119077780596,0.0,100.0,2.080005407333374
taxi-v3,0.0,expert,150,22,Ours,7.93,100.0,256,0,300,7.93,6.3274643149193635,0.0,0.0,0.9591940831420556,0.0408059168579444,0.0,100.0,2.080005407333374
taxi-v3,0.0,expert,150,22,Factored Batch RL,7.93,100.0,256,0,300,7.93,6.3274643149193635,0.0,0.0,0.9591940831420556,0.0408059168579444,0.0,100.0,2.080005407333374
taxi-v3,0.0,expert,150,23,Imitation,7.93,100.0,258,0,300,7.93,6.327464314919362,0.48333333333333334,33.33333333333333,0.9630196378474879,0.0,0.03698036215251212,100.0,1.9899935722351074
taxi-v3,0.0,expert,150,23,RECO,7.93,100.0,258,0,300,7.89,6.285550382977873,0.0,0.0,0.965166539537249,0.03483346046275108,0.0,100.0,1.9899935722351074
taxi-v3,0.0,expert,150,23,Ours,7.93,100.0,258,0,300,7.93,6.3274643149193635,0.0,0.0,0.9630196378474879,0.03698036215251212,0.0,100.0,1.9899935722351074
taxi-v3,0.0,expert,150,23,Factored Batch RL,7.93,100.0,258,0,300,7.93,6.3274643149193635,0.0,0.0,0.9630196378474879,0.03698036215251212,0.0,100.0,1.9899935722351074
taxi-v3,0.0,expert,150,24,Imitation,7.93,100.0,253,0,300,7.93,6.327464314919362,0.5033333333333333,35.0,0.961489415965315,0.0,0.038510584034685026,100.0,1.7898750305175781
taxi-v3,0.0,expert,150,24,RECO,7.93,100.0,253,0,300,7.87,6.264233134305531,0.0,0.0,0.9642041127189642,0.0357958872810358,0.0,100.0,1.7898750305175781
taxi-v3,0.0,expert,150,24,Ours,7.93,100.0,253,0,300,7.93,6.3274643149193635,0.0,0.0,0.961489415965315,0.038510584034685026,0.0,100.0,1.7898750305175781
taxi-v3,0.0,expert,150,24,Factored Batch RL,7.93,100.0,253,0,300,7.93,6.3274643149193635,0.0,0.0,0.961489415965315,0.038510584034685026,0.0,100.0,1.7898750305175781
taxi-v3,0.0,expert,150,25,Imitation,7.93,100.0,258,0,300,7.93,6.327464314919362,0.48333333333333334,33.33333333333333,0.9630196378474879,0.0,0.03698036215251212,100.0,1.8808214664459229
taxi-v3,0.0,expert,150,25,RECO,7.93,100.0,258,0,300,7.883333333333334,6.278834889276146,0.0,0.0,0.965438373570521,0.034561626429479034,0.0,100.0,1.8808214664459229
taxi-v3,0.0,expert,150,25,Ours,7.93,100.0,258,0,300,7.93,6.3274643149193635,0.0,0.0,0.9630196378474879,0.03698036215251212,0.0,100.0,1.8808214664459229
taxi-v3,0.0,expert,150,25,Factored Batch RL,7.93,100.0,258,0,300,7.93,6.3274643149193635,0.0,0.0,0.9630196378474879,0.03698036215251212,0.0,100.0,1.8808214664459229
taxi-v3,0.0,expert,150,26,Imitation,7.93,100.0,255,0,300,7.93,6.327464314919362,0.5366666666666666,34.333333333333336,0.9589390461616935,0.0,0.04106095383830655,100.0,1.7217683792114258
taxi-v3,0.0,expert,150,26,RECO,7.93,100.0,255,0,300,7.8566666666666665,6.249540345105102,0.0,0.0,0.9637331980725337,0.0362668019274664,0.0,100.0,1.7217683792114258
taxi-v3,0.0,expert,150,26,Ours,7.93,100.0,255,0,300,7.93,6.3274643149193635,0.0,0.0,0.9589390461616935,0.04106095383830655,0.0,100.0,1.7217683792114258
taxi-v3,0.0,expert,150,26,Factored Batch RL,7.93,100.0,255,0,300,7.93,6.3274643149193635,0.0,0.0,0.9589390461616935,0.04106095383830655,0.0,100.0,1.7217683792114258
taxi-v3,0.0,expert,150,27,Imitation,7.93,100.0,266,0,300,7.93,6.327464314919362,0.4633333333333333,30.666666666666664,0.9645498597296608,0.0,0.0354501402703392,100.0,1.8190407752990723
taxi-v3,0.0,expert,150,27,RECO,7.93,100.0,266,0,300,7.87,6.26437925734321,0.0,0.0,0.9672505712109672,0.03274942878903275,0.0,100.0,1.8190407752990723
taxi-v3,0.0,expert,150,27,Ours,7.93,100.0,266,0,300,7.93,6.3274643149193635,0.0,0.0,0.9645498597296608,0.0354501402703392,0.0,100.0,1.8190407752990723
taxi-v3,0.0,expert,150,27,Factored Batch RL,7.93,100.0,266,0,300,7.93,6.3274643149193635,0.0,0.0,0.9645498597296608,0.0354501402703392,0.0,100.0,1.8190407752990723
taxi-v3,0.0,expert,150,28,Imitation,7.93,100.0,265,0,300,7.93,6.327464314919362,0.4866666666666667,31.0,0.9627646008671258,0.0,0.03723539913287427,100.0,1.7831041812896729
taxi-v3,0.0,expert,150,28,RECO,7.93,100.0,265,0,300,7.87,6.264099833411347,0.0,0.0,0.9654734704239655,0.034526529576034526,0.0,100.0,1.7831041812896729
taxi-v3,0.0,expert,150,28,Ours,7.93,100.0,265,0,300,7.93,6.3274643149193635,0.0,0.0,0.9627646008671258,0.03723539913287427,0.0,100.0,1.7831041812896729
taxi-v3,0.0,expert,150,28,Factored Batch RL,7.93,100.0,265,0,300,7.93,6.3274643149193635,0.0,0.0,0.9627646008671258,0.03723539913287427,0.0,100.0,1.7831041812896729
taxi-v3,0.0,expert,150,29,Imitation,7.93,100.0,273,0,300,7.93,6.327464314919362,0.4033333333333333,28.333333333333332,0.9691405253761796,0.0,0.030859474623820455,100.0,1.7881066799163818
taxi-v3,0.0,expert,150,29,RECO,7.93,100.0,273,0,300,7.916666666666667,6.313771494391806,0.0,0.0,0.9704458598726114,0.029554140127388533,0.0,100.0,1.7881066799163818
taxi-v3,0.0,expert,150,29,Ours,7.93,100.0,273,0,300,7.93,6.3274643149193635,0.0,0.0,0.9691405253761796,0.030859474623820455,0.0,100.0,1.7881066799163818
taxi-v3,0.0,expert,150,29,Factored Batch RL,7.93,100.0,273,0,300,7.93,6.3274643149193635,0.0,0.0,0.9691405253761796,0.030859474623820455,0.0,100.0,1.7881066799163818
